transformer_id,location,voltage,current,frequency,power_mw,temperature,status,phase,timestamp
TRF-0001,Riyadh-North,230.52,232.71,60.01,53.64,60.8,NORMAL,A,25-05-2026 00:58
TRF-0002,Riyadh-East,225.5,130.27,59.86,29.38,59.3,NORMAL,B,2026/05/25 00:58:43
TRF-0003,Jeddah-Main,237.15,290.36,60.01,68.86,56.8,NORMAL,C,25-05-2026 00:58
TRF-0004,Jeddah-Industrial,230.18,159.83,60.05,36.79,34.6,NORMAL,B,20260525T005843
TRF-0005,Dammam-Central,236.99,445.65,59.83,105.61,44.2,NORMAL,C,2026-05-25 00:58:43
TRF-0006,Dammam-Port,222.16,289.57,60.16,64.33,49.2,NORMAL,C,2026-05-25 00:58:43
TRF-0007,Mecca-Haram,234.83,331.94,,77.95,34.3,NORMAL,B,25-05-2026 00:58
TRF-0008,Medina-Central,227.09,179.56,60.17,40.78,60.3,NORMAL,B,20260525T005843
TRF-0009,Abha-City,227.86,342.99,59.87,78.15,60.7,NORMAL,A,05/25/2026 00:58:43
TRF-0010,Tabuk-Center,237.25,345.3,59.88,81.92,49.9,NORMAL,C,2026/05/25 00:58:43
TRF-0001,Riyadh-North,235.08,333.26,60.07,78.34,37.4,NORMAL,B,2026/05/25 00:58:43
TRF-0002,Riyadh-East,227.83,349.64,59.93,79.66,60.6,NORMAL,A,05/25/2026 00:58:43
TRF-0003,Jeddah-Main,224.26,239.07,60.03,53.61,250.0,OVERHEAT,B,2026-05-25 00:58:43
TRF-0004,Jeddah-Industrial,222.62,357.16,59.98,79.51,56.2,NORMAL,B,2026/05/25 00:58:43
TRF-0005,Dammam-Central,235.49,314.8,59.87,,51.0,NORMAL,A,20260525T005843
TRF-0006,Dammam-Port,230.08,372.51,59.91,85.71,42.2,NORMAL,B,20260525T005843
TRF-0006,Dammam-Port,230.08,372.51,59.91,85.71,42.2,NORMAL,B,20260525T005843
TRF-0007,Mecca-Haram,230.46,307.69,60.12,70.91,41.7,NORMAL,B,25-05-2026 00:58
TRF-0008,Medina-Central,230.21,280.51,59.91,64.58,57.4,NORMAL,B,05/25/2026 00:58:43
TRF-0009,Abha-City,238.41,113.65,60.05,27.1,60.2,NORMAL,A,2026/05/25 00:58:43
TRF-0010,Tabuk-Center,221.86,281.63,59.98,62.48,37.3,NORMAL,B,20260525T005843
TRF-0001,Riyadh-North,226.46,178.63,59.84,40.45,54.6,NORMAL,C,2026/05/25 00:58:44
TRF-0002,Riyadh-East,238.92,307.98,59.95,73.58,33.1,NORMAL,A,05/25/2026 00:58:44
TRF-0003,Jeddah-Main,224.1,227.63,59.99,51.01,250.0,OVERHEAT,B,25-05-2026 00:58
TRF-0004,Jeddah-Industrial,237.96,176.51,59.9,42.0,54.1,NORMAL,C,2026/05/25 00:58:44
TRF-0005,Dammam-Central,222.41,236.74,59.89,52.65,64.0,NORMAL,B,25-05-2026 00:58
TRF-0006,Dammam-Port,226.09,227.34,60.18,51.4,63.2,NORMAL,C,25-05-2026 00:58
TRF-0007,Mecca-Haram,236.7,380.9,59.99,90.16,32.7,NORMAL,A,2026/05/25 00:58:44
TRF-0008,Medina-Central,228.96,152.29,60.08,34.87,46.7,NORMAL,C,25-05-2026 00:58
TRF-0009,Abha-City,229.75,498.0,59.84,114.42,56.8,NORMAL,C,20260525T005844
TRF-0010,Tabuk-Center,237.0,239.41,59.84,56.74,54.5,NORMAL,A,25-05-2026 00:58
TRF-0001,Riyadh-North,233.08,320.11,59.82,74.61,52.9,NORMAL,B,2026/05/25 00:58:44
TRF-0002,Riyadh-East,235.06,179.86,59.96,42.28,64.2,NORMAL,B,05/25/2026 00:58:44
TRF-0003,Jeddah-Main,231.78,419.3,59.93,97.19,45.9,NORMAL,A,20260525T005844
TRF-0004,Jeddah-Industrial,226.8,249.36,59.99,56.55,46.6,NORMAL,B,2026-05-25 00:58:44
TRF-0005,Dammam-Central,229.9,431.27,60.08,99.15,57.3,NORMAL,B,20260525T005844
TRF-0006,Dammam-Port,228.77,205.9,60.11,47.1,59.5,NORMAL,A,05/25/2026 00:58:44
TRF-0007,Mecca-Haram,224.77,494.14,60.02,111.07,64.2,NORMAL,B,2026-05-25 00:58:44
TRF-0008,Medina-Central,222.57,272.78,59.8,60.71,53.3,NORMAL,B,05/25/2026 00:58:44
TRF-0009,Abha-City,223.4,,60.15,25.22,30.4,NORMAL,B,25-05-2026 00:58
TRF-0010,Tabuk-Center,232.31,346.12,59.82,80.41,37.6,NORMAL,B,20260525T005844
TRF-0001,Riyadh-North,237.99,242.02,60.13,57.6,46.1,NORMAL,C,25-05-2026 00:58
TRF-0002,Riyadh-East,237.88,0.0,60.12,0.0,59.1,OUTAGE,A,2026/05/25 00:58:44
TRF-0003,Jeddah-Main,220.29,399.91,60.15,88.1,53.7,NORMAL,C,05/25/2026 00:58:44
TRF-0004,Jeddah-Industrial,228.47,204.38,59.96,46.69,64.7,NORMAL,C,05/25/2026 00:58:44
TRF-0005,Dammam-Central,236.94,382.61,59.93,90.66,57.4,NORMAL,B,25-05-2026 00:58
TRF-0006,Dammam-Port,229.74,349.04,60.03,80.19,31.6,NORMAL,A,2026-05-25 00:58:44
TRF-0007,Mecca-Haram,239.99,230.72,59.99,55.37,52.0,NORMAL,A,05/25/2026 00:58:44
TRF-0008,Medina-Central,236.99,439.38,60.17,104.13,42.7,NORMAL,A,2026/05/25 00:58:44
TRF-0009,Abha-City,221.82,407.41,59.97,90.37,53.8,NORMAL,A,2026/05/25 00:58:44
TRF-0010,Tabuk-Center,236.15,133.9,59.84,31.62,38.8,NORMAL,B,05/25/2026 00:58:44
TRF-0001,Riyadh-North,235.67,167.69,60.06,39.52,63.1,NORMAL,B,20260525T005844
TRF-0002,Riyadh-East,234.56,167.49,59.95,39.29,62.7,NORMAL,C,20260525T005844
TRF-0003,Jeddah-Main,239.3,203.8,59.91,48.77,32.6,NORMAL,B,20260525T005844
TRF-0004,Jeddah-Industrial,235.98,499.51,,117.87,39.3,NORMAL,A,2026/05/25 00:58:44
TRF-0005,Dammam-Central,223.87,195.72,59.99,43.82,33.1,NORMAL,B,20260525T005844
TRF-0006,Dammam-Port,234.15,340.37,60.17,79.7,44.0,NORMAL,B,25-05-2026 00:58
TRF-0007,Mecca-Haram,226.15,481.05,59.81,108.79,61.0,NORMAL,C,25-05-2026 00:58
TRF-0008,Medina-Central,238.81,486.86,59.94,116.27,37.4,NORMAL,B,25-05-2026 00:58
TRF-0009,Abha-City,222.2,311.18,59.82,69.14,37.3,NORMAL,B,05/25/2026 00:58:44
TRF-0010,Tabuk-Center,227.99,199.09,59.86,45.39,63.9,NORMAL,C,20260525T005844
TRF-0001,Riyadh-North,223.83,,59.88,102.55,49.6,NORMAL,A,05/25/2026 00:58:44
TRF-0002,Riyadh-East,224.46,146.66,59.81,32.92,47.7,NORMAL,C,25-05-2026 00:58
TRF-0003,Jeddah-Main,238.38,338.28,59.85,80.64,34.1,NORMAL,C,05/25/2026 00:58:44
TRF-0004,Jeddah-Industrial,239.91,270.98,60.06,65.01,58.4,NORMAL,B,20260525T005844
TRF-0005,Dammam-Central,223.76,417.94,59.84,93.52,46.1,NORMAL,B,25-05-2026 00:58
TRF-0006,Dammam-Port,236.28,110.73,59.94,26.16,64.3,NORMAL,C,25-05-2026 00:58
TRF-0007,Mecca-Haram,228.46,207.09,60.19,47.31,44.7,NORMAL,B,20260525T005844
TRF-0008,Medina-Central,-230,455.21,60.1,108.64,40.9,NORMAL,C,25-05-2026 00:58
TRF-0009,Abha-City,223.97,346.5,60.08,77.61,54.9,NORMAL,B,05/25/2026 00:58:44
TRF-0010,Tabuk-Center,227.83,266.15,59.94,60.64,59.6,NORMAL,B,2026/05/25 00:58:44
TRF-0001,Riyadh-North,232.87,334.23,59.86,77.83,250.0,OVERHEAT,A,2026/05/25 00:58:44
TRF-0002,Riyadh-East,232.15,253.52,60.16,58.85,32.3,NORMAL,C,25-05-2026 00:58
TRF-0003,Jeddah-Main,220.23,299.28,60.01,65.91,31.3,NORMAL,B,25-05-2026 00:58
TRF-0004,Jeddah-Industrial,221.36,376.52,59.93,83.35,60.4,NORMAL,B,2026-05-25 00:58:44
TRF-0005,Dammam-Central,222.92,1131.96,59.83,293.47,109.6,OVERLOAD,A,25-05-2026 00:58
TRF-0006,Dammam-Port,225.21,457.54,59.84,103.04,64.3,NORMAL,B,20260525T005844
TRF-0007,Mecca-Haram,222.63,164.77,,36.68,46.3,NORMAL,A,2026-05-25 00:58:44
TRF-0008,Medina-Central,238.89,383.67,60.05,91.65,41.3,NORMAL,B,2026/05/25 00:58:44
TRF-0009,Abha-City,239.7,319.73,60.13,76.64,64.8,NORMAL,B,2026-05-25 00:58:44
TRF-0010,Tabuk-Center,238.36,187.56,60.01,44.71,32.4,NORMAL,C,25-05-2026 00:58
TRF-0001,Riyadh-North,234.43,237.34,60.13,55.64,36.5,NORMAL,C,05/25/2026 00:58:44
TRF-0002,Riyadh-East,228.26,315.88,60.17,72.1,61.0,NORMAL,C,2026-05-25 00:58:44
TRF-0003,Jeddah-Main,228.86,237.46,60.19,54.35,34.5,NORMAL,B,2026-05-25 00:58:44
TRF-0004,Jeddah-Industrial,223.46,164.57,59.89,36.77,47.1,NORMAL,C,2026-05-25 00:58:44
TRF-0005,Dammam-Central,224.4,246.23,59.99,55.25,47.8,NORMAL,C,05/25/2026 00:58:44
TRF-0006,Dammam-Port,232.09,258.66,59.9,60.03,55.3,NORMAL,A,2026/05/25 00:58:44
TRF-0007,Mecca-Haram,232.88,157.93,60.17,36.78,44.6,NORMAL,B,25-05-2026 00:58
TRF-0008,Medina-Central,228.43,232.57,60.04,53.13,63.1,NORMAL,B,05/25/2026 00:58:44
TRF-0009,Abha-City,224.03,189.26,60.08,42.4,41.2,NORMAL,A,05/25/2026 00:58:44
TRF-0010,Tabuk-Center,228.21,101.77,59.92,23.22,38.9,NORMAL,B,20260525T005844
TRF-0001,Riyadh-North,228.02,161.26,59.92,36.77,250.0,OVERHEAT,A,05/25/2026 00:58:44
TRF-0002,Riyadh-East,221.79,128.42,60.05,28.48,42.5,NORMAL,C,2026/05/25 00:58:44
TRF-0003,Jeddah-Main,236.94,168.61,60.0,39.95,49.7,NORMAL,C,05/25/2026 00:58:44
TRF-0004,Jeddah-Industrial,220.97,101.84,59.81,22.5,32.9,NORMAL,A,25-05-2026 00:58
TRF-0005,Dammam-Central,225.43,136.29,59.85,30.72,45.7,NORMAL,C,2026/05/25 00:58:44
TRF-0006,Dammam-Port,230.41,291.11,59.99,67.07,63.1,NORMAL,C,2026/05/25 00:58:44
TRF-0007,Mecca-Haram,226.69,430.18,59.9,97.52,53.3,NORMAL,A,25-05-2026 00:58
TRF-0008,Medina-Central,233.54,412.61,59.82,96.36,49.7,NORMAL,B,2026-05-25 00:58:44
TRF-0009,Abha-City,221.44,144.42,60.0,31.98,56.7,NORMAL,A,20260525T005844
TRF-0010,Tabuk-Center,228.41,236.21,60.04,53.95,33.8,NORMAL,A,2026-05-25 00:58:44
TRF-0001,Riyadh-North,222.84,330.71,60.12,73.7,47.2,NORMAL,C,25-05-2026 00:58
TRF-0002,Riyadh-East,222.55,213.31,59.81,47.47,32.7,NORMAL,A,2026/05/25 00:58:44
TRF-0003,Jeddah-Main,233.86,102.26,60.09,23.91,59.2,NORMAL,A,25-05-2026 00:58
TRF-0004,Jeddah-Industrial,226.39,273.61,59.89,61.94,55.1,NORMAL,A,2026/05/25 00:58:44
TRF-0005,Dammam-Central,229.33,311.66,60.17,,61.0,NORMAL,C,2026-05-25 00:58:44
TRF-0006,Dammam-Port,234.02,186.85,60.15,43.73,45.1,NORMAL,B,05/25/2026 00:58:44
TRF-0007,Mecca-Haram,237.46,131.65,59.82,31.26,38.2,NORMAL,B,20260525T005844
TRF-0008,Medina-Central,232.7,116.73,59.97,27.16,33.1,NORMAL,A,20260525T005844
TRF-0009,Abha-City,233.6,130.52,60.05,30.49,39.7,NORMAL,A,2026/05/25 00:58:44
TRF-0010,Tabuk-Center,221.1,406.89,60.12,89.96,49.3,NORMAL,A,20260525T005844
TRF-0001,Riyadh-North,234.52,491.58,59.99,115.29,64.2,NORMAL,B,20260525T005844
TRF-0002,Riyadh-East,231.99,398.07,60.17,92.35,49.2,NORMAL,A,2026-05-25 00:58:44
TRF-0003,Jeddah-Main,227.1,312.7,59.94,71.01,35.9,NORMAL,A,20260525T005844
TRF-0004,Jeddah-Industrial,237.62,467.39,59.84,111.06,45.6,NORMAL,C,2026/05/25 00:58:44
TRF-0005,Dammam-Central,220.47,149.77,59.9,33.02,39.8,NORMAL,B,2026/05/25 00:58:44
TRF-0006,Dammam-Port,228.37,216.71,60.1,49.49,58.8,NORMAL,C,2026/05/25 00:58:44
TRF-0007,Mecca-Haram,228.6,108.14,59.96,24.72,57.2,NORMAL,A,05/25/2026 00:58:44
TRF-0008,Medina-Central,229.07,222.7,59.98,51.01,53.1,NORMAL,A,25-05-2026 00:58
TRF-0009,Abha-City,220.61,254.95,59.82,56.24,50.1,NORMAL,B,05/25/2026 00:58:44
TRF-0010,Tabuk-Center,238.96,0.0,59.99,0.0,54.5,OUTAGE,C,25-05-2026 00:58
TRF-0001,Riyadh-North,228.27,203.08,59.8,46.36,38.9,NORMAL,B,05/25/2026 00:58:44
TRF-0002,Riyadh-East,231.03,233.89,49.99,54.04,41.7,FREQ_DRIFT,B,20260525T005844
TRF-0003,Jeddah-Main,226.52,473.51,59.98,107.26,40.2,NORMAL,A,2026-05-25 00:58:44
TRF-0004,Jeddah-Industrial,222.18,246.31,60.0,54.73,45.7,NORMAL,B,2026/05/25 00:58:44
TRF-0005,Dammam-Central,229.21,287.91,59.91,65.99,43.6,NORMAL,A,20260525T005844
TRF-0006,Dammam-Port,238.58,278.61,60.14,66.47,47.2,NORMAL,A,20260525T005844
TRF-0007,Mecca-Haram,237.2,0.0,60.14,0.0,31.6,OUTAGE,A,05/25/2026 00:58:44
TRF-0008,Medina-Central,230.9,335.47,59.81,77.46,49.2,NORMAL,C,2026-05-25 00:58:44
TRF-0009,Abha-City,237.63,468.64,60.09,111.36,45.9,NORMAL,C,2026-05-25 00:58:44
TRF-0010,Tabuk-Center,227.62,225.57,59.97,51.34,33.6,NORMAL,C,25-05-2026 00:58
TRF-0001,Riyadh-North,220.48,113.43,59.85,25.01,36.8,NORMAL,C,2026/05/25 00:58:44
TRF-0002,Riyadh-East,225.64,457.88,59.95,103.32,40.9,NORMAL,B,2026-05-25 00:58:44
TRF-0003,Jeddah-Main,238.67,136.52,60.1,32.58,38.5,NORMAL,B,25-05-2026 00:58
TRF-0004,Jeddah-Industrial,231.33,300.73,60.13,69.57,58.6,NORMAL,C,2026/05/25 00:58:44
TRF-0005,Dammam-Central,220.9,414.2,59.81,91.5,34.9,NORMAL,B,20260525T005844
TRF-0006,Dammam-Port,228.05,213.53,60.1,48.7,36.3,NORMAL,C,25-05-2026 00:58
TRF-0007,Mecca-Haram,239.61,157.81,59.88,37.81,32.1,NORMAL,B,05/25/2026 00:58:44
TRF-0008,Medina-Central,221.54,0.0,59.91,0.0,37.2,OUTAGE,C,2026/05/25 00:58:44
TRF-0009,Abha-City,230.77,335.2,59.96,77.35,35.3,NORMAL,B,2026-05-25 00:58:44
TRF-0010,Tabuk-Center,222.36,347.77,60.0,,40.3,NORMAL,C,2026-05-25 00:58:44
TRF-0001,Riyadh-North,230.58,494.63,59.93,114.05,41.1,NORMAL,A,2026/05/25 00:58:44
TRF-0002,Riyadh-East,234.81,,60.1,34.39,49.6,NORMAL,B,2026/05/25 00:58:44
TRF-0003,Jeddah-Main,226.8,412.82,60.07,93.63,41.3,NORMAL,A,20260525T005844
TRF-0004,Jeddah-Industrial,238.13,351.12,60.17,83.61,58.5,NORMAL,C,2026-05-25 00:58:44
TRF-0005,Dammam-Central,234.76,109.36,60.09,25.67,43.4,NORMAL,A,05/25/2026 00:58:44
TRF-0006,Dammam-Port,237.03,201.8,60.07,47.83,35.9,NORMAL,B,2026/05/25 00:58:44
TRF-0007,Mecca-Haram,223.82,150.93,60.01,,51.1,NORMAL,C,2026-05-25 00:58:44
TRF-0008,Medina-Central,-230,365.76,60.08,83.55,36.9,NORMAL,C,25-05-2026 00:58
TRF-0009,Abha-City,232.09,469.01,60.2,108.85,32.3,NORMAL,C,20260525T005844
TRF-0010,Tabuk-Center,,273.53,60.14,62.65,43.6,NORMAL,C,20260525T005844
TRF-0001,Riyadh-North,236.88,265.3,60.09,62.84,35.0,NORMAL,A,2026-05-25 00:58:44
TRF-0002,Riyadh-East,239.06,435.82,59.81,104.19,47.5,NORMAL,C,25-05-2026 00:58
TRF-0002,Riyadh-East,239.06,435.82,59.81,104.19,47.5,NORMAL,C,25-05-2026 00:58
TRF-0003,Jeddah-Main,238.59,295.67,59.96,70.54,54.3,NORMAL,A,2026-05-25 00:58:44
TRF-0004,Jeddah-Industrial,220.26,,60.2,43.93,39.6,NORMAL,A,05/25/2026 00:58:44
TRF-0005,Dammam-Central,226.92,269.84,59.94,61.23,49.1,NORMAL,C,2026-05-25 00:58:44
TRF-0006,Dammam-Port,236.75,419.85,60.02,99.4,250.0,OVERHEAT,B,05/25/2026 00:58:44
TRF-0007,Mecca-Haram,228.54,161.04,60.09,36.8,53.9,NORMAL,B,2026/05/25 00:58:44
TRF-0008,Medina-Central,222.01,258.16,59.84,57.31,41.7,NORMAL,B,2026/05/25 00:58:44
TRF-0009,Abha-City,236.25,177.09,60.1,41.84,42.9,NORMAL,C,2026-05-25 00:58:44
TRF-0010,Tabuk-Center,223.55,413.01,59.84,92.33,53.6,NORMAL,A,25-05-2026 00:58
TRF-0001,Riyadh-North,229.59,126.46,60.09,29.03,53.2,NORMAL,A,05/25/2026 00:58:44
TRF-0002,Riyadh-East,239.93,172.29,60.04,41.34,51.4,NORMAL,A,2026/05/25 00:58:44
TRF-0002,Riyadh-East,239.93,172.29,60.04,41.34,51.4,NORMAL,A,2026/05/25 00:58:44
TRF-0003,Jeddah-Main,220.6,499.64,59.82,110.22,52.0,NORMAL,A,2026-05-25 00:58:44
TRF-0004,Jeddah-Industrial,228.18,280.18,59.98,63.93,48.7,NORMAL,C,2026/05/25 00:58:44
TRF-0005,Dammam-Central,233.22,289.8,60.13,67.59,60.2,NORMAL,B,2026/05/25 00:58:44
TRF-0006,Dammam-Port,236.83,454.51,59.9,107.64,57.7,NORMAL,B,25-05-2026 00:58
TRF-0007,Mecca-Haram,221.2,467.39,60.06,103.39,57.4,NORMAL,B,2026/05/25 00:58:44
TRF-0008,Medina-Central,224.79,339.02,59.93,76.21,56.6,NORMAL,C,05/25/2026 00:58:44
TRF-0009,Abha-City,235.11,430.08,60.11,101.12,30.9,NORMAL,C,2026-05-25 00:58:44
TRF-0010,Tabuk-Center,227.27,300.46,60.0,68.29,53.9,NORMAL,C,2026-05-25 00:58:44
TRF-0001,Riyadh-North,239.14,278.01,59.88,66.48,50.2,NORMAL,B,20260525T005844
TRF-0002,Riyadh-East,223.53,368.49,60.17,82.37,62.2,NORMAL,B,20260525T005844
TRF-0003,Jeddah-Main,237.87,239.23,59.9,56.91,38.6,NORMAL,B,25-05-2026 00:58
TRF-0004,Jeddah-Industrial,228.28,140.45,59.82,32.06,30.4,NORMAL,C,2026/05/25 00:58:44
TRF-0005,Dammam-Central,236.27,333.04,59.87,78.69,58.3,NORMAL,C,25-05-2026 00:58
TRF-0006,Dammam-Port,226.04,315.29,59.86,71.27,50.5,NORMAL,C,05/25/2026 00:58:44
TRF-0007,Mecca-Haram,224.56,193.17,59.81,43.38,63.4,NORMAL,B,25-05-2026 00:58
TRF-0008,Medina-Central,227.13,357.37,60.08,,37.8,NORMAL,B,20260525T005844
TRF-0009,Abha-City,233.99,319.08,59.94,74.66,35.3,NORMAL,A,2026-05-25 00:58:44
TRF-0010,Tabuk-Center,234.53,283.54,59.9,66.5,57.7,NORMAL,C,05/25/2026 00:58:44
TRF-0001,Riyadh-North,228.78,434.08,59.88,99.31,41.0,NORMAL,B,2026/05/25 00:58:44
TRF-0002,Riyadh-East,236.9,306.86,60.2,72.7,64.1,NORMAL,B,2026-05-25 00:58:44
TRF-0003,Jeddah-Main,234.58,326.8,60.05,76.66,64.0,NORMAL,C,05/25/2026 00:58:44
TRF-0004,Jeddah-Industrial,234.95,112.82,60.12,26.51,250.0,OVERHEAT,B,2026/05/25 00:58:44
TRF-0005,Dammam-Central,230.51,136.42,59.98,31.45,55.3,NORMAL,B,20260525T005844
TRF-0006,Dammam-Port,227.03,142.76,60.0,32.41,45.8,NORMAL,C,20260525T005844
TRF-0007,Mecca-Haram,229.81,120.05,59.82,27.59,31.1,NORMAL,C,05/25/2026 00:58:44
TRF-0008,Medina-Central,226.71,0.0,59.81,0.0,32.9,OUTAGE,C,2026/05/25 00:58:44
TRF-0009,Abha-City,239.82,0.0,60.13,0.0,46.0,OUTAGE,C,2026/05/25 00:58:44
TRF-0010,Tabuk-Center,235.1,348.4,60.03,81.91,250.0,OVERHEAT,A,2026-05-25 00:58:44
TRF-0001,Riyadh-North,230.01,291.46,59.89,67.04,54.7,NORMAL,B,05/25/2026 00:58:44
TRF-0002,Riyadh-East,238.66,485.91,59.96,115.97,62.7,NORMAL,B,05/25/2026 00:58:44
TRF-0003,Jeddah-Main,222.75,292.25,59.85,65.1,41.9,NORMAL,C,20260525T005844
TRF-0004,Jeddah-Industrial,235.79,381.24,59.91,89.89,36.2,NORMAL,C,2026/05/25 00:58:44
TRF-0005,Dammam-Central,229.53,312.93,60.0,71.83,53.3,NORMAL,C,2026/05/25 00:58:44
TRF-0006,Dammam-Port,221.47,242.73,60.03,53.76,42.4,NORMAL,B,2026/05/25 00:58:44
TRF-0007,Mecca-Haram,230.58,169.09,60.05,38.99,250.0,OVERHEAT,B,05/25/2026 00:58:44
TRF-0008,Medina-Central,224.23,,60.14,66.54,40.5,NORMAL,A,05/25/2026 00:58:44
TRF-0009,Abha-City,239.56,189.47,60.17,45.39,42.1,NORMAL,C,2026/05/25 00:58:44
TRF-0010,Tabuk-Center,223.75,145.16,59.9,32.48,51.8,NORMAL,B,25-05-2026 00:58
TRF-0001,Riyadh-North,235.46,286.46,59.94,67.45,35.6,NORMAL,A,20260525T005844
TRF-0002,Riyadh-East,222.34,151.95,60.06,33.78,59.2,NORMAL,C,2026/05/25 00:58:44
TRF-0003,Jeddah-Main,238.71,498.33,60.13,118.96,57.2,NORMAL,C,20260525T005844
TRF-0004,Jeddah-Industrial,239.22,250.04,59.84,59.81,52.8,NORMAL,B,2026/05/25 00:58:44
TRF-0005,Dammam-Central,234.52,264.16,60.11,61.95,30.5,NORMAL,A,2026-05-25 00:58:44
TRF-0006,Dammam-Port,225.67,204.18,60.11,46.08,54.0,NORMAL,B,25-05-2026 00:58
TRF-0007,Mecca-Haram,238.92,933.02,59.85,288.52,96.8,OVERLOAD,B,2026/05/25 00:58:44
TRF-0008,Medina-Central,238.89,228.5,59.82,54.59,54.2,NORMAL,A,25-05-2026 00:58
TRF-0009,Abha-City,230.45,282.98,59.9,65.21,57.9,NORMAL,B,2026/05/25 00:58:44
TRF-0010,Tabuk-Center,226.84,164.68,60.19,37.36,47.5,NORMAL,A,2026-05-25 00:58:44
TRF-0001,Riyadh-North,228.95,440.22,59.83,100.79,47.4,NORMAL,B,25-05-2026 00:58
TRF-0002,Riyadh-East,235.53,1001.27,60.1,250.41,99.0,OVERLOAD,A,2026/05/25 00:58:44
TRF-0003,Jeddah-Main,229.52,476.5,60.11,109.37,50.4,NORMAL,B,20260525T005844
TRF-0004,Jeddah-Industrial,239.74,244.34,59.98,58.58,62.7,NORMAL,A,05/25/2026 00:58:44
TRF-0005,Dammam-Central,237.8,145.33,60.2,,50.0,NORMAL,C,05/25/2026 00:58:44
TRF-0006,Dammam-Port,237.19,275.13,60.08,65.26,61.5,NORMAL,B,2026/05/25 00:58:44
TRF-0007,Mecca-Haram,224.79,138.64,59.84,31.16,36.9,NORMAL,C,20260525T005844
TRF-0008,Medina-Central,220.81,236.87,60.03,52.3,,NORMAL,A,20260525T005844
TRF-0009,Abha-City,234.43,208.44,59.82,48.86,60.5,NORMAL,B,2026/05/25 00:58:44
TRF-0010,Tabuk-Center,227.77,269.33,60.03,61.35,41.0,NORMAL,A,05/25/2026 00:58:44
TRF-0001,Riyadh-North,223.37,478.69,60.06,106.92,60.6,NORMAL,B,2026/05/25 00:58:45
TRF-0002,Riyadh-East,237.77,472.98,60.03,112.46,60.7,NORMAL,B,05/25/2026 00:58:45
TRF-0003,Jeddah-Main,229.3,356.74,59.83,81.8,43.7,NORMAL,C,2026-05-25 00:58:45
TRF-0004,Jeddah-Industrial,222.45,257.33,59.92,57.24,59.8,NORMAL,C,20260525T005845
TRF-0005,Dammam-Central,239.72,181.97,60.04,43.62,47.5,NORMAL,A,05/25/2026 00:58:45
TRF-0006,Dammam-Port,232.17,200.18,60.0,46.48,38.9,NORMAL,C,2026-05-25 00:58:45
TRF-0007,Mecca-Haram,225.36,411.58,59.81,92.75,47.0,NORMAL,C,2026/05/25 00:58:45
TRF-0008,Medina-Central,222.74,206.02,60.07,45.89,57.6,NORMAL,B,20260525T005845
TRF-0009,Abha-City,231.09,196.68,59.95,45.45,64.1,NORMAL,C,2026/05/25 00:58:45
TRF-0010,Tabuk-Center,225.95,249.59,59.99,56.39,52.8,NORMAL,A,2026-05-25 00:58:45
TRF-0001,Riyadh-North,228.56,247.77,59.97,56.63,250.0,OVERHEAT,B,2026/05/25 00:58:45
TRF-0002,Riyadh-East,236.34,274.2,59.84,64.8,54.6,NORMAL,A,25-05-2026 00:58
TRF-0003,Jeddah-Main,222.68,257.47,59.89,57.33,45.0,NORMAL,A,05/25/2026 00:58:45
TRF-0004,Jeddah-Industrial,222.11,191.34,60.04,42.5,44.0,NORMAL,A,2026-05-25 00:58:45
TRF-0005,Dammam-Central,238.35,281.26,59.94,67.04,32.1,NORMAL,C,05/25/2026 00:58:45
TRF-0006,Dammam-Port,235.7,474.61,60.07,111.87,45.5,NORMAL,A,25-05-2026 00:58
TRF-0007,Mecca-Haram,221.65,425.05,59.93,94.21,47.8,NORMAL,B,2026/05/25 00:58:45
TRF-0008,Medina-Central,226.03,246.88,59.98,55.8,51.4,NORMAL,B,25-05-2026 00:58
TRF-0009,Abha-City,236.89,301.17,64.92,71.34,43.5,FREQ_DRIFT,C,20260525T005845
TRF-0010,Tabuk-Center,234.92,173.44,59.87,40.74,34.9,NORMAL,B,2026-05-25 00:58:45
TRF-0001,Riyadh-North,235.5,172.06,60.0,40.52,42.1,NORMAL,C,05/25/2026 00:58:45
TRF-0002,Riyadh-East,231.35,222.37,60.19,51.45,40.2,NORMAL,B,20260525T005845
TRF-0003,Jeddah-Main,227.27,494.01,60.15,112.27,55.9,NORMAL,B,2026/05/25 00:58:45
TRF-0004,Jeddah-Industrial,227.48,1159.13,60.17,211.21,114.9,OVERLOAD,C,05/25/2026 00:58:45
TRF-0004,Jeddah-Industrial,227.48,1159.13,60.17,211.21,114.9,OVERLOAD,C,05/25/2026 00:58:45
TRF-0005,Dammam-Central,226.97,168.58,59.86,38.26,38.2,NORMAL,A,05/25/2026 00:58:45
TRF-0006,Dammam-Port,229.14,344.74,60.12,78.99,33.9,NORMAL,B,25-05-2026 00:58
TRF-0007,Mecca-Haram,232.21,406.94,59.83,94.5,47.3,NORMAL,C,25-05-2026 00:58
TRF-0008,Medina-Central,222.64,439.31,59.92,97.81,39.4,NORMAL,B,2026-05-25 00:58:45
TRF-0008,Medina-Central,222.64,439.31,59.92,97.81,39.4,NORMAL,B,2026-05-25 00:58:45
TRF-0009,Abha-City,239.2,129.91,60.12,31.07,62.8,NORMAL,A,25-05-2026 00:58
TRF-0010,Tabuk-Center,222.11,314.75,60.01,69.91,32.3,NORMAL,C,2026/05/25 00:58:45
TRF-0001,Riyadh-North,232.48,285.16,59.8,66.29,60.4,NORMAL,B,2026/05/25 00:58:45
TRF-0002,Riyadh-East,237.91,300.29,59.97,71.44,35.9,NORMAL,A,20260525T005845
TRF-0003,Jeddah-Main,229.04,392.81,60.13,89.97,58.1,NORMAL,C,2026/05/25 00:58:45
TRF-0004,Jeddah-Industrial,235.74,459.76,60.07,108.38,62.5,NORMAL,B,25-05-2026 00:58
TRF-0005,Dammam-Central,230.02,215.45,59.82,49.56,58.3,NORMAL,A,2026-05-25 00:58:45
TRF-0006,Dammam-Port,225.85,478.73,60.08,108.12,63.4,NORMAL,A,20260525T005845
TRF-0007,Mecca-Haram,233.64,473.0,46.66,110.51,59.1,FREQ_DRIFT,C,2026/05/25 00:58:45
TRF-0008,Medina-Central,235.47,270.93,60.12,63.8,37.8,NORMAL,B,2026-05-25 00:58:45
TRF-0009,Abha-City,234.09,369.25,60.08,86.44,38.0,NORMAL,B,2026/05/25 00:58:45
TRF-0010,Tabuk-Center,224.42,237.32,60.09,53.26,58.9,NORMAL,B,25-05-2026 00:58
TRF-0001,Riyadh-North,237.93,414.51,60.1,98.62,56.2,NORMAL,C,20260525T005845
TRF-0002,Riyadh-East,231.81,125.14,59.89,29.01,55.3,NORMAL,B,25-05-2026 00:58
TRF-0002,Riyadh-East,231.81,125.14,59.89,29.01,55.3,NORMAL,B,25-05-2026 00:58
TRF-0003,Jeddah-Main,230.34,435.76,60.03,100.37,34.0,NORMAL,A,25-05-2026 00:58
TRF-0004,Jeddah-Industrial,233.25,448.02,59.94,104.5,55.7,NORMAL,C,2026/05/25 00:58:45
TRF-0005,Dammam-Central,235.12,400.04,60.08,94.06,53.6,NORMAL,C,25-05-2026 00:58
TRF-0006,Dammam-Port,237.18,271.97,60.09,64.51,55.2,NORMAL,C,2026-05-25 00:58:45
TRF-0007,Mecca-Haram,228.88,288.41,59.93,66.01,57.3,NORMAL,C,2026/05/25 00:58:45
TRF-0008,Medina-Central,222.27,223.27,59.85,49.63,55.2,NORMAL,C,2026-05-25 00:58:45
TRF-0009,Abha-City,228.37,271.86,60.06,62.08,41.0,NORMAL,C,25-05-2026 00:58
TRF-0009,Abha-City,228.37,271.86,60.06,62.08,41.0,NORMAL,C,25-05-2026 00:58
TRF-0010,Tabuk-Center,220.51,137.73,60.04,30.37,41.6,NORMAL,B,25-05-2026 00:58
TRF-0001,Riyadh-North,222.1,469.37,60.17,104.25,58.9,NORMAL,A,2026-05-25 00:58:45
TRF-0002,Riyadh-East,226.41,456.84,60.08,103.43,61.4,NORMAL,B,20260525T005845
TRF-0003,Jeddah-Main,237.28,151.88,59.91,36.04,48.7,NORMAL,C,2026/05/25 00:58:45
TRF-0004,Jeddah-Industrial,222.13,421.14,59.89,93.55,32.6,NORMAL,C,20260525T005845
TRF-0005,Dammam-Central,228.43,478.81,59.82,109.37,53.8,NORMAL,A,25-05-2026 00:58
TRF-0006,Dammam-Port,228.94,234.01,59.81,53.57,52.5,NORMAL,C,05/25/2026 00:58:45
TRF-0007,Mecca-Haram,227.79,164.03,59.96,37.36,61.1,NORMAL,C,25-05-2026 00:58
TRF-0008,Medina-Central,237.58,200.77,60.13,47.7,40.0,NORMAL,C,2026/05/25 00:58:45
TRF-0009,Abha-City,231.29,213.78,59.94,49.45,62.9,NORMAL,A,2026-05-25 00:58:45
TRF-0010,Tabuk-Center,227.44,417.69,60.08,95.0,42.1,NORMAL,A,20260525T005845
TRF-0001,Riyadh-North,223.18,447.41,60.18,99.85,49.3,NORMAL,A,2026-05-25 00:58:45
TRF-0002,Riyadh-East,231.31,170.18,59.97,39.36,37.3,NORMAL,B,20260525T005845
TRF-0003,Jeddah-Main,230.19,290.8,60.06,66.94,46.6,NORMAL,C,2026/05/25 00:58:45
TRF-0004,Jeddah-Industrial,220.4,368.11,60.16,81.13,60.1,NORMAL,C,2026/05/25 00:58:45
TRF-0005,Dammam-Central,223.77,383.99,59.91,85.93,41.7,NORMAL,C,2026/05/25 00:58:45
TRF-0006,Dammam-Port,235.35,422.53,65.06,99.44,31.4,FREQ_DRIFT,C,20260525T005845
TRF-0007,Mecca-Haram,232.4,438.71,60.01,101.96,49.3,NORMAL,B,05/25/2026 00:58:45
TRF-0008,Medina-Central,233.37,278.62,59.93,65.02,52.1,NORMAL,C,05/25/2026 00:58:45
TRF-0009,Abha-City,236.67,225.69,60.14,53.41,46.3,NORMAL,A,05/25/2026 00:58:45
TRF-0010,Tabuk-Center,224.17,289.1,60.15,64.81,54.7,NORMAL,A,2026-05-25 00:58:45
TRF-0001,Riyadh-North,237.34,211.11,59.83,50.1,46.9,NORMAL,A,05/25/2026 00:58:45
TRF-0002,Riyadh-East,227.33,411.41,60.17,93.53,49.2,NORMAL,C,2026/05/25 00:58:45
TRF-0003,Jeddah-Main,224.78,445.52,59.86,100.14,47.9,NORMAL,A,2026/05/25 00:58:45
TRF-0004,Jeddah-Industrial,237.57,319.53,59.86,75.91,40.5,NORMAL,C,25-05-2026 00:58
TRF-0005,Dammam-Central,230.14,0.0,60.09,0.0,40.7,OUTAGE,B,20260525T005845
TRF-0006,Dammam-Port,239.39,440.33,60.0,105.41,63.3,NORMAL,C,05/25/2026 00:58:45
TRF-0007,Mecca-Haram,231.18,317.21,59.98,73.33,59.6,NORMAL,B,20260525T005845
TRF-0008,Medina-Central,230.88,490.19,59.96,113.18,34.7,NORMAL,B,2026-05-25 00:58:45
TRF-0009,Abha-City,220.58,208.34,60.07,45.96,51.2,NORMAL,A,05/25/2026 00:58:45
TRF-0010,Tabuk-Center,226.9,242.76,59.92,55.08,59.4,NORMAL,B,2026/05/25 00:58:45
TRF-0001,Riyadh-North,238.57,206.08,60.06,49.16,54.3,NORMAL,A,05/25/2026 00:58:45
TRF-0002,Riyadh-East,228.25,351.72,59.88,80.28,44.4,NORMAL,A,2026/05/25 00:58:45
TRF-0003,Jeddah-Main,227.69,214.62,60.06,48.87,49.4,NORMAL,C,2026/05/25 00:58:45
TRF-0004,Jeddah-Industrial,225.43,321.73,59.87,72.53,58.9,NORMAL,A,2026/05/25 00:58:45
TRF-0005,Dammam-Central,228.49,417.59,59.96,95.42,43.9,NORMAL,B,05/25/2026 00:58:45
TRF-0006,Dammam-Port,233.93,295.0,59.87,69.01,47.1,NORMAL,C,25-05-2026 00:58
TRF-0007,Mecca-Haram,229.37,247.9,59.99,56.86,49.0,NORMAL,A,2026/05/25 00:58:45
TRF-0007,Mecca-Haram,229.37,247.9,59.99,56.86,49.0,NORMAL,A,2026/05/25 00:58:45
TRF-0008,Medina-Central,229.39,489.97,60.03,112.39,37.2,NORMAL,C,2026/05/25 00:58:45
TRF-0009,Abha-City,239.01,224.09,60.05,53.56,60.7,NORMAL,B,2026/05/25 00:58:45
TRF-0010,Tabuk-Center,223.3,200.78,60.16,44.83,45.1,NORMAL,A,05/25/2026 00:58:45
TRF-0001,Riyadh-North,232.35,377.87,60.11,87.8,63.1,NORMAL,C,2026/05/25 00:58:45
TRF-0002,Riyadh-East,239.04,112.23,60.0,26.83,56.8,NORMAL,B,20260525T005845
TRF-0003,Jeddah-Main,227.42,499.89,60.1,113.68,36.5,NORMAL,C,2026-05-25 00:58:45
TRF-0004,Jeddah-Industrial,230.47,325.84,60.03,75.1,31.9,NORMAL,C,2026-05-25 00:58:45
TRF-0005,Dammam-Central,224.6,242.36,64.56,54.43,47.3,FREQ_DRIFT,A,2026/05/25 00:58:45
TRF-0006,Dammam-Port,229.91,316.56,60.1,72.78,35.5,NORMAL,C,05/25/2026 00:58:45
TRF-0007,Mecca-Haram,238.61,0.0,60.15,0.0,47.7,OUTAGE,C,2026/05/25 00:58:45
TRF-0008,Medina-Central,225.95,180.21,60.06,40.72,36.5,NORMAL,A,05/25/2026 00:58:45
TRF-0009,Abha-City,239.37,387.08,59.83,92.66,37.2,NORMAL,B,25-05-2026 00:58
TRF-0010,Tabuk-Center,230.64,109.69,59.99,25.3,34.6,NORMAL,A,25-05-2026 00:58
TRF-0001,Riyadh-North,236.49,289.66,59.99,68.5,63.4,NORMAL,B,20260525T005845
TRF-0002,Riyadh-East,229.72,481.99,59.93,110.72,30.8,NORMAL,B,20260525T005845
TRF-0003,Jeddah-Main,235.07,195.3,59.96,45.91,42.6,NORMAL,C,2026-05-25 00:58:45
TRF-0004,Jeddah-Industrial,231.08,311.65,59.94,72.02,50.5,NORMAL,C,20260525T005845
TRF-0005,Dammam-Central,239.34,259.53,60.15,62.12,43.6,NORMAL,A,25-05-2026 00:58
TRF-0006,Dammam-Port,237.8,371.65,60.14,88.38,43.4,NORMAL,A,05/25/2026 00:58:45
TRF-0007,Mecca-Haram,226.41,103.54,59.82,23.44,49.0,NORMAL,A,2026-05-25 00:58:45
TRF-0008,Medina-Central,235.21,376.83,60.09,88.63,33.7,NORMAL,B,20260525T005845
TRF-0009,Abha-City,231.76,471.49,60.02,109.27,37.3,NORMAL,B,05/25/2026 00:58:45
TRF-0010,Tabuk-Center,230.04,177.65,59.94,40.87,50.9,NORMAL,A,05/25/2026 00:58:45
TRF-0001,Riyadh-North,230.04,466.9,59.85,107.41,58.9,NORMAL,C,2026/05/25 00:58:45
TRF-0002,Riyadh-East,239.07,391.86,59.89,93.68,62.3,NORMAL,B,2026/05/25 00:58:45
TRF-0003,Jeddah-Main,239.69,354.31,59.9,84.92,62.8,NORMAL,C,05/25/2026 00:58:45
TRF-0004,Jeddah-Industrial,220.47,115.8,60.11,25.53,37.0,NORMAL,C,2026/05/25 00:58:45
TRF-0005,Dammam-Central,227.57,496.54,59.95,113.0,61.8,NORMAL,B,25-05-2026 00:58
TRF-0006,Dammam-Port,234.81,156.85,59.91,36.83,32.9,NORMAL,C,20260525T005845
TRF-0007,Mecca-Haram,238.66,341.69,60.05,81.55,40.0,NORMAL,B,05/25/2026 00:58:45
TRF-0008,Medina-Central,227.39,127.11,60.09,28.9,32.6,NORMAL,A,2026-05-25 00:58:45
TRF-0009,Abha-City,234.67,207.77,59.94,48.76,43.6,NORMAL,B,05/25/2026 00:58:45
TRF-0010,Tabuk-Center,236.04,147.39,,34.79,49.0,NORMAL,A,25-05-2026 00:58
TRF-0001,Riyadh-North,224.56,381.4,60.12,85.65,36.9,NORMAL,B,05/25/2026 00:58:45
TRF-0002,Riyadh-East,223.55,362.78,59.86,81.1,50.3,NORMAL,A,20260525T005845
TRF-0003,Jeddah-Main,239.64,412.77,59.96,98.92,57.1,NORMAL,A,25-05-2026 00:58
TRF-0004,Jeddah-Industrial,236.4,400.67,59.87,94.72,40.2,NORMAL,C,25-05-2026 00:58
TRF-0005,Dammam-Central,230.03,144.2,60.03,33.17,55.5,NORMAL,B,2026-05-25 00:58:45
TRF-0006,Dammam-Port,226.97,224.19,59.82,50.88,58.5,NORMAL,C,2026-05-25 00:58:45
TRF-0007,Mecca-Haram,229.09,195.68,60.07,44.83,30.0,NORMAL,B,2026/05/25 00:58:45
TRF-0008,Medina-Central,227.68,367.53,59.97,83.68,36.3,NORMAL,C,25-05-2026 00:58
TRF-0009,Abha-City,,204.51,59.83,47.58,57.8,NORMAL,A,2026/05/25 00:58:45
TRF-0010,Tabuk-Center,233.49,383.3,59.93,89.5,33.6,NORMAL,B,2026/05/25 00:58:45
TRF-0001,Riyadh-North,235.45,174.31,60.05,41.04,30.8,NORMAL,A,2026-05-25 00:58:45
TRF-0002,Riyadh-East,225.78,173.47,59.86,39.17,57.8,NORMAL,B,25-05-2026 00:58
TRF-0003,Jeddah-Main,238.0,101.02,59.85,24.04,34.9,NORMAL,B,05/25/2026 00:58:45
TRF-0004,Jeddah-Industrial,226.02,256.58,60.15,57.99,55.0,NORMAL,A,25-05-2026 00:58
TRF-0005,Dammam-Central,230.41,195.29,59.87,45.0,63.4,NORMAL,C,25-05-2026 00:58
TRF-0006,Dammam-Port,226.51,188.44,60.07,42.68,57.4,NORMAL,A,20260525T005845
TRF-0007,Mecca-Haram,232.22,139.99,60.19,32.51,58.2,NORMAL,B,20260525T005845
TRF-0008,Medina-Central,220.23,386.03,59.87,85.02,44.6,NORMAL,C,05/25/2026 00:58:45
TRF-0009,Abha-City,-230,156.23,60.01,36.88,61.2,NORMAL,C,20260525T005845
TRF-0010,Tabuk-Center,228.82,310.32,59.92,71.01,42.8,NORMAL,C,25-05-2026 00:58
TRF-0001,Riyadh-North,226.71,412.07,59.8,93.42,62.1,NORMAL,B,2026-05-25 00:58:45
TRF-0002,Riyadh-East,228.71,100.05,59.83,22.88,45.0,NORMAL,C,25-05-2026 00:58
TRF-0003,Jeddah-Main,223.79,106.86,59.98,23.91,50.7,NORMAL,B,2026/05/25 00:58:45
TRF-0004,Jeddah-Industrial,239.78,456.11,59.83,109.37,59.9,NORMAL,A,2026/05/25 00:58:45
TRF-0005,Dammam-Central,235.51,479.71,59.97,112.98,250.0,OVERHEAT,C,20260525T005845
TRF-0006,Dammam-Port,238.79,353.22,60.01,84.35,46.2,NORMAL,C,2026-05-25 00:58:45
TRF-0007,Mecca-Haram,221.29,271.62,59.82,60.11,50.3,NORMAL,B,05/25/2026 00:58:45
TRF-0008,Medina-Central,228.89,285.77,60.17,65.41,48.5,NORMAL,B,2026-05-25 00:58:45
TRF-0009,Abha-City,237.71,213.11,60.18,50.66,51.1,NORMAL,C,2026/05/25 00:58:45
TRF-0010,Tabuk-Center,239.06,281.27,59.95,67.24,50.7,NORMAL,B,2026/05/25 00:58:45
TRF-0001,Riyadh-North,239.93,198.3,60.03,47.58,58.6,NORMAL,C,20260525T005845
TRF-0002,Riyadh-East,232.45,147.15,60.09,34.21,45.3,NORMAL,A,2026/05/25 00:58:45
TRF-0003,Jeddah-Main,223.51,494.16,60.16,110.45,49.5,NORMAL,C,20260525T005845
TRF-0004,Jeddah-Industrial,231.55,179.67,60.12,41.6,60.6,NORMAL,B,05/25/2026 00:58:45
TRF-0005,Dammam-Central,220.03,215.85,59.81,47.49,53.0,NORMAL,A,05/25/2026 00:58:45
TRF-0006,Dammam-Port,227.43,195.06,60.08,44.36,43.1,NORMAL,C,05/25/2026 00:58:45
TRF-0007,Mecca-Haram,229.7,200.02,59.93,45.94,42.1,NORMAL,B,20260525T005845
TRF-0008,Medina-Central,225.19,419.83,60.13,94.54,45.3,NORMAL,C,2026/05/25 00:58:45
TRF-0009,Abha-City,224.56,480.47,60.16,107.89,64.7,NORMAL,A,25-05-2026 00:58
TRF-0010,Tabuk-Center,225.66,170.05,59.91,38.37,63.9,NORMAL,C,25-05-2026 00:58
TRF-0001,Riyadh-North,234.14,277.94,60.14,65.08,61.5,NORMAL,B,20260525T005845
TRF-0002,Riyadh-East,226.45,131.7,60.14,29.82,63.4,NORMAL,A,2026/05/25 00:58:45
TRF-0003,Jeddah-Main,232.54,235.47,59.96,54.76,57.0,NORMAL,B,2026-05-25 00:58:45
CORRUPTED_DATA_###!!!@@@@
TRF-0004,Jeddah-Industrial,231.15,164.17,59.93,37.95,56.8,NORMAL,B,2026/05/25 00:58:45
TRF-0005,Dammam-Central,231.95,473.74,59.98,109.88,37.9,NORMAL,A,20260525T005845
TRF-0006,Dammam-Port,239.13,428.7,60.01,102.52,32.9,NORMAL,A,20260525T005845
TRF-0007,Mecca-Haram,237.13,248.83,60.01,59.01,36.8,NORMAL,C,05/25/2026 00:58:45
TRF-0008,Medina-Central,233.8,123.55,59.88,28.89,38.8,NORMAL,A,2026/05/25 00:58:45
TRF-0009,Abha-City,228.58,100.66,60.14,23.01,36.0,NORMAL,B,2026-05-25 00:58:45
TRF-0010,Tabuk-Center,234.34,197.99,60.12,46.4,59.0,NORMAL,B,2026/05/25 00:58:45
TRF-0001,Riyadh-North,227.62,355.31,60.07,80.88,53.0,NORMAL,C,2026-05-25 00:58:45
TRF-0002,Riyadh-East,229.98,405.16,60.15,93.18,50.6,NORMAL,B,25-05-2026 00:58
TRF-0003,Jeddah-Main,226.52,324.36,59.99,73.47,59.1,NORMAL,B,05/25/2026 00:58:45
TRF-0004,Jeddah-Industrial,225.63,281.29,60.0,63.47,33.6,NORMAL,C,25-05-2026 00:58
TRF-0005,Dammam-Central,238.72,415.78,59.98,99.26,44.6,NORMAL,A,2026-05-25 00:58:45
TRF-0006,Dammam-Port,231.98,139.32,59.92,32.32,53.7,NORMAL,B,05/25/2026 00:58:45
TRF-0007,Mecca-Haram,237.15,261.81,60.0,62.09,31.4,NORMAL,A,2026-05-25 00:58:45
TRF-0008,Medina-Central,231.32,113.7,60.17,26.3,30.9,NORMAL,A,2026/05/25 00:58:45
TRF-0009,Abha-City,239.25,0.0,60.06,0.0,64.0,OUTAGE,A,2026-05-25 00:58:45
TRF-0010,Tabuk-Center,221.28,178.58,59.82,39.52,48.3,NORMAL,C,05/25/2026 00:58:45
TRF-0001,Riyadh-North,230.4,408.26,59.93,94.06,57.9,NORMAL,C,20260525T005845
TRF-0002,Riyadh-East,237.96,310.82,60.06,73.96,48.3,NORMAL,A,2026-05-25 00:58:45
TRF-0003,Jeddah-Main,227.34,469.38,59.89,106.71,31.4,NORMAL,B,2026-05-25 00:58:45
TRF-0004,Jeddah-Industrial,237.11,320.53,60.13,76.0,48.4,NORMAL,A,20260525T005845
TRF-0005,Dammam-Central,222.74,120.61,60.12,26.86,57.9,NORMAL,A,2026-05-25 00:58:45
TRF-0006,Dammam-Port,225.53,241.55,59.81,54.48,54.0,NORMAL,A,2026-05-25 00:58:45
TRF-0007,Mecca-Haram,234.38,104.46,59.9,24.48,39.4,NORMAL,C,25-05-2026 00:58
TRF-0008,Medina-Central,221.08,224.96,60.08,49.73,33.0,NORMAL,B,05/25/2026 00:58:45
TRF-0009,Abha-City,239.99,253.87,60.06,60.93,54.0,NORMAL,C,20260525T005845
TRF-0010,Tabuk-Center,222.79,439.84,60.09,97.99,31.3,NORMAL,B,25-05-2026 00:58
TRF-0010,Tabuk-Center,222.79,439.84,60.09,97.99,31.3,NORMAL,B,25-05-2026 00:58
TRF-0001,Riyadh-North,229.21,127.64,60.19,29.26,32.9,NORMAL,C,25-05-2026 00:58
TRF-0002,Riyadh-East,223.04,335.04,60.09,74.73,55.9,NORMAL,C,25-05-2026 00:58
TRF-0002,Riyadh-East,223.04,335.04,60.09,74.73,55.9,NORMAL,C,25-05-2026 00:58
TRF-0003,Jeddah-Main,239.56,329.59,59.82,78.96,36.8,NORMAL,C,2026-05-25 00:58:45
TRF-0004,Jeddah-Industrial,229.22,226.95,59.9,52.02,32.7,NORMAL,B,2026-05-25 00:58:45
TRF-0005,Dammam-Central,229.0,156.68,60.05,35.88,53.2,NORMAL,C,25-05-2026 00:58
TRF-0006,Dammam-Port,221.15,261.02,60.15,57.72,40.1,NORMAL,B,05/25/2026 00:58:45
TRF-0007,Mecca-Haram,225.26,158.19,60.13,35.63,42.5,NORMAL,A,2026/05/25 00:58:45
TRF-0008,Medina-Central,234.69,431.73,60.16,101.32,35.3,NORMAL,A,05/25/2026 00:58:45
TRF-0009,Abha-City,237.01,432.46,59.89,102.5,63.5,NORMAL,B,2026-05-25 00:58:45
TRF-0010,Tabuk-Center,227.27,410.29,60.08,93.25,30.8,NORMAL,C,20260525T005845
TRF-0001,Riyadh-North,237.99,411.56,59.86,97.95,54.8,NORMAL,A,2026/05/25 00:58:46
TRF-0002,Riyadh-East,230.11,171.18,59.96,39.39,51.7,NORMAL,B,2026-05-25 00:58:46
TRF-0003,Jeddah-Main,223.75,415.69,60.11,93.01,52.0,NORMAL,C,05/25/2026 00:58:46
TRF-0004,Jeddah-Industrial,232.09,362.74,60.0,84.19,48.9,NORMAL,C,2026/05/25 00:58:46
TRF-0005,Dammam-Central,235.93,206.78,52.5,48.79,49.2,FREQ_DRIFT,B,2026-05-25 00:58:46
TRF-0006,Dammam-Port,230.19,205.8,60.07,47.37,43.4,NORMAL,B,2026-05-25 00:58:46
CORRUPTED_DATA_###!!!@@@@
TRF-0007,Mecca-Haram,236.94,150.48,60.06,35.65,56.2,NORMAL,A,20260525T005846
TRF-0008,Medina-Central,233.23,446.07,60.13,104.04,35.6,NORMAL,C,20260525T005846
TRF-0009,Abha-City,238.24,214.79,59.86,51.17,35.0,NORMAL,C,20260525T005846
TRF-0010,Tabuk-Center,233.83,288.39,59.88,67.43,50.0,NORMAL,C,25-05-2026 00:58
CORRUPTED_DATA_###!!!@@@@
TRF-0001,Riyadh-North,221.63,394.25,59.89,87.38,35.0,NORMAL,C,05/25/2026 00:58:46
TRF-0002,Riyadh-East,239.35,391.89,66.52,93.8,31.8,FREQ_DRIFT,B,2026/05/25 00:58:46
TRF-0003,Jeddah-Main,222.59,195.61,59.97,43.54,35.4,NORMAL,B,05/25/2026 00:58:46
TRF-0003,Jeddah-Main,222.59,195.61,59.97,43.54,35.4,NORMAL,B,05/25/2026 00:58:46
TRF-0004,Jeddah-Industrial,226.58,465.69,59.96,105.52,42.3,NORMAL,C,2026-05-25 00:58:46
TRF-0005,Dammam-Central,223.9,408.98,60.02,91.57,31.6,NORMAL,A,2026/05/25 00:58:46
TRF-0006,Dammam-Port,228.6,468.05,60.11,107.0,43.6,NORMAL,B,2026-05-25 00:58:46
TRF-0007,Mecca-Haram,238.97,0.0,60.17,0.0,42.3,OUTAGE,B,2026/05/25 00:58:46
TRF-0008,Medina-Central,222.86,357.21,60.15,79.61,31.3,NORMAL,B,2026-05-25 00:58:46
TRF-0009,Abha-City,227.82,166.43,60.01,37.92,62.9,NORMAL,A,05/25/2026 00:58:46
TRF-0010,Tabuk-Center,221.35,218.1,60.11,48.28,52.7,NORMAL,A,20260525T005846
TRF-0001,Riyadh-North,229.06,114.54,60.06,26.24,40.8,NORMAL,B,2026/05/25 00:58:46
TRF-0002,Riyadh-East,225.69,123.72,60.1,27.92,60.3,NORMAL,C,20260525T005846
TRF-0003,Jeddah-Main,237.21,208.76,60.17,49.52,48.1,NORMAL,C,25-05-2026 00:58
TRF-0004,Jeddah-Industrial,234.54,808.58,59.94,246.92,101.9,OVERLOAD,A,2026-05-25 00:58:46
TRF-0005,Dammam-Central,239.52,344.47,60.15,82.51,30.4,NORMAL,C,25-05-2026 00:58
TRF-0006,Dammam-Port,222.17,243.81,60.09,54.17,43.3,NORMAL,B,05/25/2026 00:58:46
TRF-0007,Mecca-Haram,238.24,198.52,60.05,47.3,39.7,NORMAL,B,05/25/2026 00:58:46
TRF-0008,Medina-Central,226.44,126.1,59.86,28.55,57.9,NORMAL,C,20260525T005846
TRF-0009,Abha-City,230.67,251.51,59.84,58.02,49.3,NORMAL,C,2026-05-25 00:58:46
TRF-0010,Tabuk-Center,232.19,161.08,59.83,37.4,47.1,NORMAL,C,05/25/2026 00:58:46
TRF-0001,Riyadh-North,227.08,347.28,60.01,78.86,61.0,NORMAL,B,2026-05-25 00:58:46
TRF-0002,Riyadh-East,222.42,258.51,60.18,57.5,64.5,NORMAL,A,2026-05-25 00:58:46
TRF-0003,Jeddah-Main,238.34,451.95,60.15,107.72,49.9,NORMAL,C,25-05-2026 00:58
TRF-0004,Jeddah-Industrial,236.9,185.85,60.12,44.03,46.7,NORMAL,A,05/25/2026 00:58:46
TRF-0005,Dammam-Central,227.14,192.31,59.99,43.68,48.4,NORMAL,C,20260525T005846
TRF-0006,Dammam-Port,235.03,391.48,60.18,,55.6,NORMAL,A,2026-05-25 00:58:46
TRF-0007,Mecca-Haram,234.17,212.96,59.91,49.87,50.4,NORMAL,C,20260525T005846
TRF-0008,Medina-Central,238.75,376.43,60.07,89.87,40.6,NORMAL,B,2026-05-25 00:58:46
TRF-0009,Abha-City,239.31,183.24,60.03,43.85,51.9,NORMAL,C,05/25/2026 00:58:46
TRF-0010,Tabuk-Center,223.31,409.51,60.01,91.45,42.5,NORMAL,B,2026-05-25 00:58:46
TRF-0001,Riyadh-North,222.67,494.13,60.19,110.03,54.7,NORMAL,C,05/25/2026 00:58:46
TRF-0002,Riyadh-East,232.64,338.93,60.06,78.85,63.4,NORMAL,B,2026/05/25 00:58:46
TRF-0003,Jeddah-Main,222.63,147.2,60.06,32.77,46.9,NORMAL,A,2026-05-25 00:58:46
TRF-0004,Jeddah-Industrial,222.29,137.83,59.91,30.64,64.6,NORMAL,A,2026/05/25 00:58:46
TRF-0005,Dammam-Central,229.12,447.23,59.91,102.47,58.9,NORMAL,A,05/25/2026 00:58:46
TRF-0006,Dammam-Port,237.26,131.16,59.99,31.12,46.9,NORMAL,A,2026/05/25 00:58:46
TRF-0007,Mecca-Haram,235.4,187.58,59.85,44.16,31.6,NORMAL,C,2026/05/25 00:58:46
TRF-0008,Medina-Central,226.32,385.37,60.05,87.22,40.0,NORMAL,B,2026-05-25 00:58:46
TRF-0009,Abha-City,229.55,431.1,59.98,98.96,51.3,NORMAL,A,25-05-2026 00:58
TRF-0010,Tabuk-Center,239.16,395.72,59.94,94.64,63.2,NORMAL,A,2026/05/25 00:58:46
TRF-0001,Riyadh-North,232.47,218.52,60.15,50.8,42.8,NORMAL,A,2026-05-25 00:58:46
TRF-0002,Riyadh-East,227.72,265.55,60.02,60.47,57.9,NORMAL,B,05/25/2026 00:58:46
TRF-0003,Jeddah-Main,230.41,174.2,59.88,40.14,57.5,NORMAL,A,25-05-2026 00:58
TRF-0004,Jeddah-Industrial,226.76,461.43,59.89,104.63,45.5,NORMAL,A,25-05-2026 00:58
TRF-0005,Dammam-Central,223.17,493.62,59.92,110.16,45.8,NORMAL,A,05/25/2026 00:58:46
TRF-0006,Dammam-Port,223.44,183.23,60.17,40.94,49.1,NORMAL,B,2026-05-25 00:58:46
TRF-0007,Mecca-Haram,222.49,263.92,60.16,58.72,63.5,NORMAL,A,2026/05/25 00:58:46
TRF-0008,Medina-Central,234.32,356.42,60.11,83.52,41.7,NORMAL,A,2026-05-25 00:58:46
TRF-0009,Abha-City,239.15,320.78,60.02,76.71,49.1,NORMAL,C,2026/05/25 00:58:46
TRF-0010,Tabuk-Center,239.39,363.82,59.88,87.09,51.7,NORMAL,C,25-05-2026 00:58
TRF-0001,Riyadh-North,232.08,121.9,60.01,28.29,44.2,NORMAL,A,05/25/2026 00:58:46
TRF-0002,Riyadh-East,220.59,265.54,59.81,58.58,52.7,NORMAL,C,25-05-2026 00:58
TRF-0003,Jeddah-Main,236.31,412.68,60.14,97.52,46.1,NORMAL,A,2026/05/25 00:58:46
TRF-0004,Jeddah-Industrial,239.69,236.17,59.93,56.61,54.4,NORMAL,A,20260525T005846
TRF-0005,Dammam-Central,223.18,358.28,60.1,79.96,250.0,OVERHEAT,A,25-05-2026 00:58
TRF-0006,Dammam-Port,223.35,0.0,59.85,0.0,64.6,OUTAGE,A,25-05-2026 00:58
TRF-0007,Mecca-Haram,220.64,499.99,60.06,110.32,31.2,NORMAL,B,20260525T005846
TRF-0008,Medina-Central,-230,186.03,60.2,44.24,52.2,NORMAL,B,25-05-2026 00:58
TRF-0009,Abha-City,228.11,451.71,60.05,103.04,57.6,NORMAL,A,2026-05-25 00:58:46
TRF-0010,Tabuk-Center,231.48,214.1,59.91,49.56,34.0,NORMAL,A,05/25/2026 00:58:46
TRF-0001,Riyadh-North,230.82,221.6,60.14,51.15,47.3,NORMAL,B,20260525T005846
TRF-0002,Riyadh-East,223.97,347.86,60.11,77.91,34.5,NORMAL,C,2026/05/25 00:58:46
TRF-0003,Jeddah-Main,231.55,254.93,60.15,59.03,54.4,NORMAL,C,2026/05/25 00:58:46
TRF-0004,Jeddah-Industrial,228.32,498.56,60.13,113.83,40.4,NORMAL,A,2026-05-25 00:58:46
TRF-0005,Dammam-Central,223.32,109.36,60.19,24.42,45.7,NORMAL,B,05/25/2026 00:58:46
TRF-0006,Dammam-Port,229.84,130.84,60.1,30.07,62.0,NORMAL,A,25-05-2026 00:58
TRF-0007,Mecca-Haram,224.13,276.07,59.82,61.88,58.0,NORMAL,B,05/25/2026 00:58:46
TRF-0008,Medina-Central,220.01,417.59,59.96,91.87,34.2,NORMAL,A,20260525T005846
TRF-0009,Abha-City,220.5,473.91,59.96,104.5,36.9,NORMAL,B,20260525T005846
TRF-0010,Tabuk-Center,224.41,398.4,59.93,,59.0,NORMAL,A,05/25/2026 00:58:46
TRF-0001,Riyadh-North,225.93,,59.81,54.68,59.4,NORMAL,A,2026/05/25 00:58:46
TRF-0002,Riyadh-East,234.0,362.45,60.15,84.81,37.2,NORMAL,B,05/25/2026 00:58:46
TRF-0003,Jeddah-Main,234.8,171.35,60.02,40.23,,NORMAL,A,05/25/2026 00:58:46
TRF-0004,Jeddah-Industrial,222.51,466.96,60.06,103.9,40.7,NORMAL,B,05/25/2026 00:58:46
TRF-0005,Dammam-Central,232.12,247.35,60.11,57.41,32.1,NORMAL,A,20260525T005846
TRF-0005,Dammam-Central,232.12,247.35,60.11,57.41,32.1,NORMAL,A,20260525T005846
TRF-0006,Dammam-Port,234.17,402.92,60.1,94.35,38.9,NORMAL,C,25-05-2026 00:58
TRF-0007,Mecca-Haram,236.26,352.91,60.04,83.38,59.6,NORMAL,B,05/25/2026 00:58:46
TRF-0008,Medina-Central,229.91,300.29,60.05,69.04,62.6,NORMAL,C,2026/05/25 00:58:46
TRF-0009,Abha-City,236.26,185.09,60.06,43.73,53.6,NORMAL,A,2026/05/25 00:58:46
TRF-0010,Tabuk-Center,222.7,228.72,59.84,,60.5,NORMAL,B,2026-05-25 00:58:46
TRF-0001,Riyadh-North,236.6,376.04,59.94,88.97,33.3,NORMAL,C,20260525T005846
TRF-0002,Riyadh-East,236.32,125.77,59.82,29.72,58.1,NORMAL,A,20260525T005846
TRF-0003,Jeddah-Main,226.86,182.9,60.19,41.49,62.5,NORMAL,C,05/25/2026 00:58:46
TRF-0004,Jeddah-Industrial,224.62,394.88,60.2,88.7,33.9,NORMAL,C,20260525T005846
TRF-0005,Dammam-Central,231.18,358.23,59.97,82.82,34.4,NORMAL,C,20260525T005846
TRF-0006,Dammam-Port,227.37,293.52,60.19,66.74,58.9,NORMAL,B,2026/05/25 00:58:46
TRF-0007,Mecca-Haram,235.74,213.92,60.03,50.43,61.8,NORMAL,A,25-05-2026 00:58
TRF-0008,Medina-Central,231.32,298.01,60.19,68.94,63.7,NORMAL,B,05/25/2026 00:58:46
TRF-0009,Abha-City,234.14,280.81,60.1,65.75,45.1,NORMAL,B,20260525T005846
TRF-0010,Tabuk-Center,223.01,259.21,60.15,57.81,53.0,NORMAL,B,25-05-2026 00:58
TRF-0001,Riyadh-North,237.77,449.15,59.95,106.79,52.8,NORMAL,B,2026-05-25 00:58:46
TRF-0002,Riyadh-East,230.34,127.69,51.66,29.41,62.1,FREQ_DRIFT,A,05/25/2026 00:58:46
TRF-0003,Jeddah-Main,221.4,443.98,59.92,98.3,51.3,NORMAL,B,2026/05/25 00:58:46
TRF-0004,Jeddah-Industrial,229.68,175.25,60.12,40.25,39.2,NORMAL,A,2026/05/25 00:58:46
TRF-0005,Dammam-Central,236.61,389.1,60.06,92.06,62.7,NORMAL,C,2026-05-25 00:58:46
TRF-0006,Dammam-Port,239.92,395.43,60.0,94.87,42.5,NORMAL,B,25-05-2026 00:58
TRF-0007,Mecca-Haram,228.86,119.35,59.94,27.31,36.6,NORMAL,B,05/25/2026 00:58:46
TRF-0008,Medina-Central,223.51,412.06,59.9,92.1,63.6,NORMAL,B,25-05-2026 00:58
TRF-0009,Abha-City,227.36,200.1,59.83,45.49,54.8,NORMAL,C,25-05-2026 00:58
TRF-0010,Tabuk-Center,227.12,256.22,59.95,58.19,38.7,NORMAL,B,2026/05/25 00:58:46
TRF-0001,Riyadh-North,236.95,373.07,60.13,88.4,63.6,NORMAL,B,25-05-2026 00:58
TRF-0002,Riyadh-East,225.09,475.62,69.62,107.06,48.7,FREQ_DRIFT,B,25-05-2026 00:58
TRF-0003,Jeddah-Main,221.33,467.07,60.19,103.38,60.8,NORMAL,A,2026/05/25 00:58:46
TRF-0004,Jeddah-Industrial,225.3,116.12,60.08,26.16,35.6,NORMAL,A,05/25/2026 00:58:46
TRF-0005,Dammam-Central,235.92,212.83,59.87,50.21,36.2,NORMAL,B,2026/05/25 00:58:46
TRF-0006,Dammam-Port,233.8,449.97,59.84,105.2,46.7,NORMAL,B,2026/05/25 00:58:46
TRF-0007,Mecca-Haram,229.68,321.67,59.81,73.88,62.1,NORMAL,C,2026/05/25 00:58:46
TRF-0008,Medina-Central,230.38,418.42,60.18,96.4,54.4,NORMAL,C,25-05-2026 00:58
TRF-0009,Abha-City,230.6,322.84,59.99,74.45,47.4,NORMAL,C,20260525T005846
TRF-0010,Tabuk-Center,235.13,139.48,59.9,32.8,34.3,NORMAL,C,05/25/2026 00:58:46
TRF-0001,Riyadh-North,223.1,296.24,59.83,66.09,37.3,NORMAL,A,2026-05-25 00:58:46
TRF-0002,Riyadh-East,221.92,381.59,59.83,84.68,54.4,NORMAL,B,20260525T005846
TRF-0003,Jeddah-Main,236.65,484.1,60.08,114.56,44.3,NORMAL,C,25-05-2026 00:58
TRF-0004,Jeddah-Industrial,229.04,116.09,60.0,26.59,30.3,NORMAL,B,20260525T005846
TRF-0005,Dammam-Central,224.26,282.06,59.92,63.25,57.4,NORMAL,C,20260525T005846
TRF-0006,Dammam-Port,238.94,376.94,60.17,90.07,38.4,NORMAL,B,20260525T005846
TRF-0007,Mecca-Haram,232.51,311.72,59.87,72.48,64.0,NORMAL,C,25-05-2026 00:58
TRF-0008,Medina-Central,234.22,210.06,59.95,49.2,45.3,NORMAL,A,2026/05/25 00:58:46
TRF-0009,Abha-City,239.17,290.33,59.86,69.44,62.5,NORMAL,C,20260525T005846
TRF-0010,Tabuk-Center,228.35,493.45,59.87,112.68,47.0,NORMAL,B,2026-05-25 00:58:46
TRF-0001,Riyadh-North,228.49,230.91,60.04,52.76,50.4,NORMAL,B,2026-05-25 00:58:46
TRF-0002,Riyadh-East,231.19,381.38,59.96,88.17,40.4,NORMAL,B,20260525T005846
TRF-0003,Jeddah-Main,220.13,105.67,59.85,23.26,55.4,NORMAL,B,2026/05/25 00:58:46
TRF-0004,Jeddah-Industrial,232.87,346.63,60.14,80.72,43.7,NORMAL,A,20260525T005846
TRF-0005,Dammam-Central,224.06,283.59,60.0,63.54,54.8,NORMAL,A,2026-05-25 00:58:46
TRF-0006,Dammam-Port,227.71,320.01,60.03,72.87,61.0,NORMAL,B,05/25/2026 00:58:46
TRF-0007,Mecca-Haram,239.71,460.37,60.02,110.36,31.4,NORMAL,B,25-05-2026 00:58
TRF-0008,Medina-Central,230.98,151.35,60.18,34.96,41.4,NORMAL,B,25-05-2026 00:58
TRF-0009,Abha-City,231.74,385.19,59.96,89.26,250.0,OVERHEAT,B,05/25/2026 00:58:46
TRF-0010,Tabuk-Center,236.18,487.39,59.95,115.11,40.4,NORMAL,B,2026/05/25 00:58:46
TRF-0001,Riyadh-North,229.13,475.94,59.83,109.05,35.5,NORMAL,A,20260525T005846
TRF-0002,Riyadh-East,239.22,242.07,59.89,57.91,50.9,NORMAL,C,25-05-2026 00:58
TRF-0003,Jeddah-Main,232.32,191.19,59.91,44.42,49.6,NORMAL,C,20260525T005846
TRF-0004,Jeddah-Industrial,231.17,128.5,59.98,29.71,61.3,NORMAL,B,20260525T005846
TRF-0005,Dammam-Central,228.89,200.29,60.14,45.84,,NORMAL,B,2026/05/25 00:58:46
TRF-0006,Dammam-Port,234.46,469.06,59.98,109.98,33.3,NORMAL,A,25-05-2026 00:58
TRF-0007,Mecca-Haram,230.63,215.56,60.0,49.71,47.5,NORMAL,B,2026-05-25 00:58:46
TRF-0008,Medina-Central,237.09,140.57,59.81,33.33,60.7,NORMAL,C,20260525T005846
TRF-0009,Abha-City,231.78,152.66,60.09,35.38,33.1,NORMAL,C,20260525T005846
TRF-0009,Abha-City,231.78,152.66,60.09,35.38,33.1,NORMAL,C,20260525T005846
TRF-0010,Tabuk-Center,238.03,206.83,59.81,49.23,54.7,NORMAL,C,2026/05/25 00:58:46
TRF-0001,Riyadh-North,237.85,107.88,59.83,25.66,47.9,NORMAL,A,2026-05-25 00:58:46
TRF-0002,Riyadh-East,222.77,103.44,59.97,23.04,47.1,NORMAL,C,2026-05-25 00:58:46
TRF-0003,Jeddah-Main,234.85,143.33,59.95,33.66,63.2,NORMAL,C,20260525T005846
TRF-0004,Jeddah-Industrial,221.5,160.12,59.83,35.47,59.3,NORMAL,B,20260525T005846
TRF-0005,Dammam-Central,232.0,183.95,59.84,42.68,56.5,NORMAL,B,25-05-2026 00:58
TRF-0006,Dammam-Port,221.27,431.6,60.02,95.5,63.4,NORMAL,C,20260525T005846
SENSOR_ERROR_0xFFA2
TRF-0006,Dammam-Port,221.27,431.6,60.02,95.5,63.4,NORMAL,C,20260525T005846
TRF-0007,Mecca-Haram,234.54,226.2,60.01,53.05,30.9,NORMAL,A,2026/05/25 00:58:46
TRF-0008,Medina-Central,227.75,315.07,59.96,71.76,38.3,NORMAL,A,2026/05/25 00:58:46
TRF-0009,Abha-City,234.97,180.84,59.81,42.49,49.9,NORMAL,A,2026/05/25 00:58:46
TRF-0010,Tabuk-Center,220.57,290.95,60.09,64.17,37.8,NORMAL,A,25-05-2026 00:58
TRF-0001,Riyadh-North,222.72,358.74,54.95,79.9,50.5,FREQ_DRIFT,B,20260525T005846
TRF-0002,Riyadh-East,226.32,405.05,60.11,91.67,48.4,NORMAL,B,25-05-2026 00:58
TRF-0003,Jeddah-Main,221.02,230.41,60.01,50.93,250.0,OVERHEAT,B,25-05-2026 00:58
TRF-0004,Jeddah-Industrial,237.52,188.24,59.99,44.71,35.6,NORMAL,C,20260525T005846
TRF-0005,Dammam-Central,221.61,251.36,,55.7,35.7,NORMAL,B,20260525T005846
TRF-0006,Dammam-Port,225.93,331.93,59.84,74.99,47.6,NORMAL,C,25-05-2026 00:58
TRF-0007,Mecca-Haram,221.45,401.87,48.53,88.99,40.6,FREQ_DRIFT,C,20260525T005846
TRF-0008,Medina-Central,228.96,468.5,60.12,107.27,47.3,NORMAL,C,25-05-2026 00:58
TRF-0009,Abha-City,233.14,369.62,60.1,86.17,39.4,NORMAL,B,2026-05-25 00:58:46
TRF-0010,Tabuk-Center,228.13,442.04,59.98,100.84,33.8,NORMAL,A,25-05-2026 00:58
TRF-0001,Riyadh-North,-230,393.15,60.18,87.93,52.0,NORMAL,C,2026-05-25 00:58:46
TRF-0002,Riyadh-East,237.57,286.94,59.88,68.17,53.0,NORMAL,C,2026-05-25 00:58:46
TRF-0003,Jeddah-Main,228.18,334.36,59.92,76.29,35.3,NORMAL,C,2026/05/25 00:58:46
TRF-0004,Jeddah-Industrial,232.06,,59.86,58.52,59.8,NORMAL,B,2026/05/25 00:58:46
TRF-0005,Dammam-Central,238.09,392.54,60.15,93.46,44.5,NORMAL,B,25-05-2026 00:58
TRF-0006,Dammam-Port,238.65,253.19,60.18,60.42,34.4,NORMAL,A,05/25/2026 00:58:46
TRF-0007,Mecca-Haram,220.47,486.17,60.11,107.19,49.3,NORMAL,B,20260525T005846
TRF-0008,Medina-Central,231.26,223.7,60.04,51.73,50.1,NORMAL,A,2026-05-25 00:58:46
TRF-0009,Abha-City,233.8,476.29,60.19,111.36,44.8,NORMAL,C,25-05-2026 00:58
TRF-0010,Tabuk-Center,228.47,129.88,60.04,29.67,61.3,NORMAL,B,25-05-2026 00:58
TRF-0001,Riyadh-North,237.95,243.14,59.99,57.86,62.8,NORMAL,A,25-05-2026 00:58
TRF-0002,Riyadh-East,233.55,139.23,60.19,32.52,45.1,NORMAL,B,2026/05/25 00:58:46
TRF-0003,Jeddah-Main,237.34,188.88,59.84,44.83,35.4,NORMAL,C,20260525T005846
TRF-0004,Jeddah-Industrial,229.95,105.25,60.06,24.2,36.3,NORMAL,A,05/25/2026 00:58:46
TRF-0005,Dammam-Central,228.05,408.99,60.14,93.27,54.8,NORMAL,C,2026/05/25 00:58:46
TRF-0006,Dammam-Port,239.69,239.42,60.19,57.39,48.6,NORMAL,B,25-05-2026 00:58
TRF-0007,Mecca-Haram,220.51,176.42,59.98,38.9,40.1,NORMAL,C,25-05-2026 00:58
TRF-0008,Medina-Central,234.45,198.88,59.98,46.63,43.1,NORMAL,B,05/25/2026 00:58:46
TRF-0009,Abha-City,228.46,376.09,60.06,85.92,31.3,NORMAL,A,2026-05-25 00:58:46
TRF-0010,Tabuk-Center,236.22,225.58,59.87,53.29,41.3,NORMAL,B,2026-05-25 00:58:46
TRF-0001,Riyadh-North,225.33,341.78,59.9,77.01,60.0,NORMAL,A,20260525T005847
TRF-0002,Riyadh-East,231.77,191.27,60.03,44.33,31.8,NORMAL,C,05/25/2026 00:58:47
TRF-0003,Jeddah-Main,220.35,460.54,59.88,101.48,39.0,NORMAL,B,05/25/2026 00:58:47
TRF-0004,Jeddah-Industrial,239.69,195.99,59.96,46.98,48.3,NORMAL,A,25-05-2026 00:58
TRF-0005,Dammam-Central,236.23,455.79,60.01,107.67,250.0,OVERHEAT,C,2026-05-25 00:58:47
TRF-0006,Dammam-Port,225.74,438.47,60.11,98.98,54.6,NORMAL,A,20260525T005847
TRF-0007,Mecca-Haram,232.12,228.3,59.9,52.99,36.2,NORMAL,A,2026-05-25 00:58:47
TRF-0008,Medina-Central,231.4,146.78,60.15,33.96,45.1,NORMAL,C,05/25/2026 00:58:47
TRF-0009,Abha-City,225.36,380.99,60.19,85.86,49.6,NORMAL,A,2026-05-25 00:58:47
TRF-0010,Tabuk-Center,223.98,388.38,59.92,86.99,46.6,NORMAL,A,05/25/2026 00:58:47
TRF-0001,Riyadh-North,221.23,168.84,60.15,37.35,54.3,NORMAL,C,2026/05/25 00:58:47
TRF-0002,Riyadh-East,234.52,394.11,59.95,92.43,36.8,NORMAL,C,2026/05/25 00:58:47
TRF-0003,Jeddah-Main,221.8,339.97,60.07,75.41,45.0,NORMAL,A,2026-05-25 00:58:47
TRF-0004,Jeddah-Industrial,232.89,340.62,60.01,79.33,43.6,NORMAL,C,05/25/2026 00:58:47
TRF-0005,Dammam-Central,234.09,327.4,59.87,76.64,37.9,NORMAL,A,2026-05-25 00:58:47
TRF-0006,Dammam-Port,234.97,222.95,60.17,52.39,30.3,NORMAL,C,05/25/2026 00:58:47
TRF-0007,Mecca-Haram,221.73,,59.87,68.53,37.0,NORMAL,B,05/25/2026 00:58:47
TRF-0008,Medina-Central,221.21,386.8,60.14,85.56,58.7,NORMAL,C,2026/05/25 00:58:47
TRF-0009,Abha-City,233.57,255.78,60.08,59.74,33.1,NORMAL,A,05/25/2026 00:58:47
TRF-0010,Tabuk-Center,235.35,418.45,59.98,98.48,51.5,NORMAL,B,05/25/2026 00:58:47
TRF-0001,Riyadh-North,232.82,314.83,59.88,73.3,54.2,NORMAL,A,05/25/2026 00:58:47
TRF-0002,Riyadh-East,228.95,204.87,59.82,46.9,42.2,NORMAL,A,05/25/2026 00:58:47
TRF-0003,Jeddah-Main,224.7,105.78,59.97,23.77,46.4,NORMAL,A,20260525T005847
TRF-0004,Jeddah-Industrial,226.95,429.81,60.08,97.55,60.0,NORMAL,C,05/25/2026 00:58:47
TRF-0005,Dammam-Central,226.63,171.81,59.88,38.94,35.9,NORMAL,A,2026-05-25 00:58:47
TRF-0006,Dammam-Port,225.66,397.2,59.86,89.63,49.4,NORMAL,A,05/25/2026 00:58:47
TRF-0007,Mecca-Haram,221.96,294.84,59.94,65.44,250.0,OVERHEAT,B,2026-05-25 00:58:47
TRF-0008,Medina-Central,233.35,353.23,59.98,82.43,61.9,NORMAL,A,25-05-2026 00:58
TRF-0009,Abha-City,223.8,272.34,59.94,60.95,45.3,NORMAL,A,05/25/2026 00:58:47
TRF-0010,Tabuk-Center,231.33,0.0,60.13,0.0,49.1,OUTAGE,A,2026/05/25 00:58:47
TRF-0001,Riyadh-North,224.07,256.31,60.04,57.43,35.1,NORMAL,C,25-05-2026 00:58
TRF-0002,Riyadh-East,236.8,404.83,60.0,95.86,44.9,NORMAL,C,2026-05-25 00:58:47
TRF-0003,Jeddah-Main,233.22,373.66,59.97,87.14,46.0,NORMAL,C,25-05-2026 00:58
TRF-0004,Jeddah-Industrial,232.22,345.05,60.15,80.13,38.6,NORMAL,A,05/25/2026 00:58:47
TRF-0005,Dammam-Central,239.11,308.99,59.95,73.88,38.5,NORMAL,C,2026/05/25 00:58:47
TRF-0006,Dammam-Port,234.87,168.5,59.89,39.58,37.7,NORMAL,B,25-05-2026 00:58
TRF-0007,Mecca-Haram,223.91,273.37,60.02,61.21,33.0,NORMAL,A,25-05-2026 00:58
TRF-0008,Medina-Central,234.63,321.88,60.06,75.52,55.7,NORMAL,A,25-05-2026 00:58
TRF-0009,Abha-City,232.42,424.93,60.06,98.76,61.0,NORMAL,A,25-05-2026 00:58
TRF-0010,Tabuk-Center,239.39,272.18,59.98,65.16,46.6,NORMAL,B,25-05-2026 00:58
TRF-0001,Riyadh-North,231.82,156.05,60.15,36.18,55.9,NORMAL,B,05/25/2026 00:58:47
TRF-0002,Riyadh-East,237.95,386.05,59.99,91.86,38.2,NORMAL,C,20260525T005847
TRF-0003,Jeddah-Main,227.37,449.45,59.94,102.19,52.4,NORMAL,B,20260525T005847
TRF-0004,Jeddah-Industrial,223.48,244.14,60.13,54.56,30.0,NORMAL,B,05/25/2026 00:58:47
TRF-0005,Dammam-Central,226.68,335.06,60.04,75.95,31.5,NORMAL,A,20260525T005847
TRF-0006,Dammam-Port,239.72,334.57,59.92,80.2,38.2,NORMAL,B,25-05-2026 00:58
TRF-0007,Mecca-Haram,238.31,404.31,59.87,96.35,53.0,NORMAL,C,25-05-2026 00:58
TRF-0008,Medina-Central,222.01,202.82,59.83,45.03,35.2,NORMAL,A,2026/05/25 00:58:47
TRF-0009,Abha-City,223.2,458.81,59.89,102.41,57.6,NORMAL,B,2026-05-25 00:58:47
TRF-0010,Tabuk-Center,228.75,330.95,59.85,75.7,37.3,NORMAL,B,05/25/2026 00:58:47
TRF-0001,Riyadh-North,231.43,355.5,60.07,82.27,38.7,NORMAL,C,2026/05/25 00:58:47
TRF-0002,Riyadh-East,231.75,181.98,59.86,42.17,39.5,NORMAL,A,25-05-2026 00:58
TRF-0003,Jeddah-Main,232.83,218.67,59.98,50.91,52.0,NORMAL,B,05/25/2026 00:58:47
TRF-0004,Jeddah-Industrial,231.54,429.94,60.1,99.55,58.8,NORMAL,A,25-05-2026 00:58
TRF-0005,Dammam-Central,236.8,190.09,60.16,45.01,57.8,NORMAL,B,20260525T005847
TRF-0006,Dammam-Port,220.46,187.53,59.92,41.34,61.8,NORMAL,C,25-05-2026 00:58
TRF-0007,Mecca-Haram,230.55,168.31,60.16,38.8,60.7,NORMAL,C,20260525T005847
TRF-0008,Medina-Central,238.0,1098.85,59.86,226.99,126.0,OVERLOAD,C,2026/05/25 00:58:47
TRF-0009,Abha-City,235.83,110.04,59.85,25.95,37.2,NORMAL,B,2026-05-25 00:58:47
TRF-0010,Tabuk-Center,223.58,268.31,59.91,59.99,39.9,NORMAL,B,05/25/2026 00:58:47
TRF-0001,Riyadh-North,224.48,305.92,60.04,68.67,31.2,NORMAL,B,2026-05-25 00:58:47
TRF-0002,Riyadh-East,230.0,473.74,60.19,108.96,34.6,NORMAL,C,2026/05/25 00:58:47
TRF-0003,Jeddah-Main,229.69,214.09,59.93,49.17,,NORMAL,B,2026-05-25 00:58:47
TRF-0004,Jeddah-Industrial,238.47,214.07,60.01,51.05,33.4,NORMAL,C,05/25/2026 00:58:47
TRF-0005,Dammam-Central,235.07,233.67,59.86,54.93,31.7,NORMAL,B,20260525T005847
TRF-0006,Dammam-Port,225.97,393.74,59.89,88.97,61.2,NORMAL,C,20260525T005847
TRF-0007,Mecca-Haram,222.38,328.81,59.95,73.12,39.2,NORMAL,B,25-05-2026 00:58
TRF-0008,Medina-Central,239.47,331.34,60.05,79.35,50.8,NORMAL,A,2026-05-25 00:58:47
TRF-0009,Abha-City,238.82,325.3,60.2,77.69,55.3,NORMAL,A,2026-05-25 00:58:47
TRF-0010,Tabuk-Center,220.55,457.97,60.15,101.01,62.2,NORMAL,B,2026-05-25 00:58:47
TRF-0001,Riyadh-North,234.67,467.75,59.83,109.77,62.4,NORMAL,A,2026/05/25 00:58:47
TRF-0002,Riyadh-East,234.68,474.64,59.82,111.39,49.9,NORMAL,B,20260525T005847
TRF-0003,Jeddah-Main,235.37,368.12,65.72,86.64,51.8,FREQ_DRIFT,A,25-05-2026 00:58
TRF-0004,Jeddah-Industrial,237.38,365.06,60.2,86.66,250.0,OVERHEAT,C,05/25/2026 00:58:47
TRF-0005,Dammam-Central,237.82,149.4,59.88,35.53,30.9,NORMAL,B,25-05-2026 00:58
TRF-0006,Dammam-Port,236.17,441.95,60.1,104.38,56.3,NORMAL,A,20260525T005847
TRF-0007,Mecca-Haram,236.41,393.47,59.87,93.02,38.8,NORMAL,A,2026-05-25 00:58:47
TRF-0008,Medina-Central,237.54,441.67,60.02,104.91,58.8,NORMAL,B,2026-05-25 00:58:47
TRF-0009,Abha-City,225.62,332.4,60.11,75.0,30.4,NORMAL,B,2026/05/25 00:58:47
TRF-0010,Tabuk-Center,220.18,207.44,60.0,45.67,45.4,NORMAL,C,25-05-2026 00:58
TRF-0001,Riyadh-North,239.04,143.24,60.13,34.24,60.0,NORMAL,A,05/25/2026 00:58:47
TRF-0002,Riyadh-East,223.45,208.83,60.08,46.66,60.5,NORMAL,B,05/25/2026 00:58:47
TRF-0003,Jeddah-Main,221.92,348.11,60.08,77.25,56.6,NORMAL,A,25-05-2026 00:58
TRF-0004,Jeddah-Industrial,232.48,428.36,60.03,99.59,59.3,NORMAL,A,25-05-2026 00:58
TRF-0005,Dammam-Central,224.11,461.47,60.12,103.42,62.7,NORMAL,A,05/25/2026 00:58:47
TRF-0006,Dammam-Port,229.57,431.51,59.99,99.06,30.3,NORMAL,A,05/25/2026 00:58:47
TRF-0007,Mecca-Haram,227.85,342.58,59.96,78.06,33.0,NORMAL,B,20260525T005847
TRF-0008,Medina-Central,224.78,,59.9,67.14,37.1,NORMAL,A,25-05-2026 00:58
TRF-0009,Abha-City,234.09,264.94,60.1,62.02,57.4,NORMAL,C,20260525T005847
TRF-0010,Tabuk-Center,229.48,,60.19,36.97,41.5,NORMAL,B,20260525T005847
TRF-0001,Riyadh-North,228.02,158.85,59.9,36.22,43.5,NORMAL,A,25-05-2026 00:58
TRF-0002,Riyadh-East,233.94,445.06,60.06,104.12,40.3,NORMAL,C,05/25/2026 00:58:47
TRF-0003,Jeddah-Main,237.33,415.46,59.93,98.6,51.1,NORMAL,A,2026/05/25 00:58:47
TRF-0004,Jeddah-Industrial,228.09,424.6,59.82,96.85,41.4,NORMAL,A,25-05-2026 00:58
TRF-0005,Dammam-Central,223.74,139.62,60.04,31.24,44.8,NORMAL,B,2026-05-25 00:58:47
TRF-0006,Dammam-Port,225.93,453.82,60.19,102.53,,NORMAL,C,05/25/2026 00:58:47
TRF-0007,Mecca-Haram,228.5,276.48,59.8,63.18,59.3,NORMAL,A,2026/05/25 00:58:47
TRF-0008,Medina-Central,231.06,206.64,60.02,47.75,56.1,NORMAL,C,05/25/2026 00:58:47
TRF-0009,Abha-City,221.85,324.38,59.98,71.96,58.4,NORMAL,B,05/25/2026 00:58:47
TRF-0010,Tabuk-Center,234.54,496.81,59.98,116.52,44.6,NORMAL,A,20260525T005847
TRF-0001,Riyadh-North,234.69,153.56,60.1,36.04,49.7,NORMAL,B,2026-05-25 00:58:47
TRF-0002,Riyadh-East,224.76,466.33,59.97,104.81,39.0,NORMAL,C,2026-05-25 00:58:47
TRF-0003,Jeddah-Main,225.32,463.38,59.84,104.41,58.1,NORMAL,B,20260525T005847
TRF-0004,Jeddah-Industrial,234.52,384.8,60.18,90.24,37.5,NORMAL,B,05/25/2026 00:58:47
TRF-0005,Dammam-Central,230.11,164.32,59.83,37.81,36.2,NORMAL,C,25-05-2026 00:58
TRF-0006,Dammam-Port,223.81,119.91,60.07,26.84,39.2,NORMAL,A,05/25/2026 00:58:47
TRF-0007,Mecca-Haram,238.98,155.63,59.94,37.19,51.5,NORMAL,C,20260525T005847
TRF-0008,Medina-Central,235.57,359.4,60.05,84.66,49.7,NORMAL,B,20260525T005847
TRF-0009,Abha-City,235.21,473.76,59.94,111.43,37.6,NORMAL,A,2026-05-25 00:58:47
TRF-0010,Tabuk-Center,237.36,256.68,59.91,60.93,43.2,NORMAL,B,2026-05-25 00:58:47
TRF-0001,Riyadh-North,221.66,251.56,60.03,55.76,64.4,NORMAL,B,25-05-2026 00:58
TRF-0002,Riyadh-East,221.26,365.64,60.15,80.9,50.1,NORMAL,B,25-05-2026 00:58
TRF-0003,Jeddah-Main,236.29,980.89,59.8,268.66,106.2,OVERLOAD,C,2026/05/25 00:58:47
TRF-0004,Jeddah-Industrial,234.8,137.4,59.97,32.26,46.8,NORMAL,A,2026-05-25 00:58:47
TRF-0005,Dammam-Central,235.7,155.24,59.92,36.59,33.7,NORMAL,C,05/25/2026 00:58:47
TRF-0006,Dammam-Port,232.66,343.56,60.04,79.93,33.0,NORMAL,C,25-05-2026 00:58
TRF-0007,Mecca-Haram,220.49,100.4,48.11,22.14,41.1,FREQ_DRIFT,B,2026/05/25 00:58:47
TRF-0008,Medina-Central,227.08,1159.84,60.1,226.47,97.9,OVERLOAD,A,20260525T005847
TRF-0009,Abha-City,234.89,463.71,59.9,108.92,57.3,NORMAL,A,2026-05-25 00:58:47
TRF-0010,Tabuk-Center,227.71,182.42,60.1,41.54,43.3,NORMAL,B,2026-05-25 00:58:47
TRF-0001,Riyadh-North,220.46,281.14,59.97,61.98,39.9,NORMAL,A,25-05-2026 00:58
TRF-0002,Riyadh-East,221.47,325.18,60.03,72.02,39.4,NORMAL,C,05/25/2026 00:58:47
TRF-0003,Jeddah-Main,227.7,341.98,60.19,77.87,33.7,NORMAL,A,25-05-2026 00:58
TRF-0004,Jeddah-Industrial,233.82,113.97,59.82,26.65,55.2,NORMAL,A,25-05-2026 00:58
TRF-0005,Dammam-Central,221.31,370.22,60.04,81.93,38.7,NORMAL,B,20260525T005847
TRF-0006,Dammam-Port,236.52,408.63,59.96,96.65,45.8,NORMAL,A,25-05-2026 00:58
TRF-0007,Mecca-Haram,220.1,231.07,59.97,50.86,43.6,NORMAL,A,20260525T005847
TRF-0008,Medina-Central,225.09,127.99,59.93,28.81,36.9,NORMAL,A,25-05-2026 00:58
TRF-0009,Abha-City,238.91,325.83,60.11,77.84,49.4,NORMAL,B,2026-05-25 00:58:47
TRF-0010,Tabuk-Center,221.13,267.98,59.95,59.26,54.0,NORMAL,A,20260525T005847
TRF-0001,Riyadh-North,222.69,194.86,60.1,43.39,41.9,NORMAL,B,25-05-2026 00:58
TRF-0002,Riyadh-East,227.75,281.72,59.81,64.16,52.4,NORMAL,A,2026-05-25 00:58:47
TRF-0003,Jeddah-Main,238.38,210.88,60.08,50.27,42.9,NORMAL,A,05/25/2026 00:58:47
TRF-0004,Jeddah-Industrial,238.77,261.86,60.11,62.52,42.9,NORMAL,A,05/25/2026 00:58:47
TRF-0005,Dammam-Central,230.1,127.14,60.02,29.25,49.9,NORMAL,C,25-05-2026 00:58
TRF-0006,Dammam-Port,225.7,116.07,60.02,26.2,41.6,NORMAL,B,2026-05-25 00:58:47
TRF-0007,Mecca-Haram,230.74,252.86,59.81,58.34,46.1,NORMAL,C,20260525T005847
TRF-0008,Medina-Central,239.89,411.33,60.03,98.67,38.2,NORMAL,C,25-05-2026 00:58
TRF-0009,Abha-City,228.23,418.92,60.15,95.61,35.8,NORMAL,C,2026/05/25 00:58:47
TRF-0010,Tabuk-Center,225.04,487.86,59.94,109.79,43.7,NORMAL,C,05/25/2026 00:58:47
TRF-0001,Riyadh-North,232.41,229.38,60.03,53.31,45.4,NORMAL,B,05/25/2026 00:58:47
TRF-0002,Riyadh-East,220.16,489.69,59.88,107.81,49.8,NORMAL,B,05/25/2026 00:58:47
TRF-0003,Jeddah-Main,224.82,116.19,59.88,26.12,34.8,NORMAL,C,20260525T005847
TRF-0004,Jeddah-Industrial,231.16,182.24,60.09,42.13,43.7,NORMAL,B,05/25/2026 00:58:47
TRF-0005,Dammam-Central,220.45,296.57,59.85,65.38,64.3,NORMAL,C,2026-05-25 00:58:47
TRF-0006,Dammam-Port,230.69,245.65,60.06,56.67,56.0,NORMAL,C,2026/05/25 00:58:47
TRF-0007,Mecca-Haram,230.44,212.27,59.89,48.92,60.2,NORMAL,B,2026/05/25 00:58:47
TRF-0008,Medina-Central,231.23,959.55,60.09,208.11,115.5,OVERLOAD,A,2026-05-25 00:58:47
TRF-0009,Abha-City,226.18,463.28,60.1,104.78,56.6,NORMAL,B,20260525T005847
TRF-0010,Tabuk-Center,233.63,255.57,59.8,59.71,47.6,NORMAL,A,20260525T005847
TRF-0001,Riyadh-North,228.66,414.15,60.16,94.7,44.3,NORMAL,C,05/25/2026 00:58:47
TRF-0002,Riyadh-East,234.1,436.39,59.83,102.16,37.4,NORMAL,A,25-05-2026 00:58
TRF-0003,Jeddah-Main,221.78,315.82,60.06,70.04,52.3,NORMAL,B,25-05-2026 00:58
TRF-0003,Jeddah-Main,221.78,315.82,60.06,70.04,52.3,NORMAL,B,25-05-2026 00:58
TRF-0004,Jeddah-Industrial,234.66,142.15,59.92,33.36,46.4,NORMAL,B,25-05-2026 00:58
TRF-0005,Dammam-Central,239.73,251.45,60.03,60.28,54.2,NORMAL,A,20260525T005847
TRF-0006,Dammam-Port,240.0,125.24,60.03,30.06,41.4,NORMAL,A,05/25/2026 00:58:47
TRF-0007,Mecca-Haram,227.49,382.23,60.1,86.95,42.1,NORMAL,C,25-05-2026 00:58
TRF-0008,Medina-Central,231.0,311.48,60.01,71.95,59.7,NORMAL,C,2026/05/25 00:58:47
TRF-0009,Abha-City,237.23,385.51,59.86,91.45,52.5,NORMAL,B,2026/05/25 00:58:47
TRF-0010,Tabuk-Center,234.95,147.63,59.82,34.69,,NORMAL,A,2026-05-25 00:58:47
TRF-0001,Riyadh-North,227.33,395.61,59.94,89.93,60.7,NORMAL,B,2026-05-25 00:58:47
TRF-0002,Riyadh-East,235.4,326.46,60.02,76.85,61.5,NORMAL,C,20260525T005847
TRF-0003,Jeddah-Main,225.31,424.7,59.81,95.69,40.0,NORMAL,C,2026/05/25 00:58:47
TRF-0004,Jeddah-Industrial,228.0,398.36,59.95,90.83,44.3,NORMAL,A,2026-05-25 00:58:47
TRF-0005,Dammam-Central,227.18,310.53,59.81,70.55,46.3,NORMAL,C,05/25/2026 00:58:47
TRF-0006,Dammam-Port,236.18,168.08,60.08,39.7,36.3,NORMAL,A,2026-05-25 00:58:47
TRF-0007,Mecca-Haram,222.26,351.67,59.85,78.16,32.4,NORMAL,C,2026/05/25 00:58:47
TRF-0008,Medina-Central,221.07,304.08,60.15,67.22,50.0,NORMAL,C,25-05-2026 00:58
TRF-0009,Abha-City,233.31,408.46,60.17,95.3,34.4,NORMAL,C,2026-05-25 00:58:47
TRF-0010,Tabuk-Center,225.52,434.23,59.87,97.93,55.7,NORMAL,A,2026-05-25 00:58:47
TRF-0001,Riyadh-North,221.69,437.16,60.09,96.91,47.3,NORMAL,B,2026-05-25 00:58:47
TRF-0002,Riyadh-East,231.25,239.47,60.03,55.38,48.3,NORMAL,A,2026-05-25 00:58:47
TRF-0003,Jeddah-Main,238.4,118.19,59.94,28.18,57.9,NORMAL,C,2026-05-25 00:58:47
TRF-0004,Jeddah-Industrial,224.03,232.88,59.89,52.17,50.2,NORMAL,C,2026/05/25 00:58:47
TRF-0005,Dammam-Central,236.72,247.1,60.13,58.49,37.1,NORMAL,A,25-05-2026 00:58
TRF-0006,Dammam-Port,235.33,340.1,45.26,80.04,42.0,FREQ_DRIFT,A,05/25/2026 00:58:47
TRF-0007,Mecca-Haram,238.37,131.74,60.19,31.4,53.0,NORMAL,B,20260525T005847
TRF-0008,Medina-Central,-230,231.48,60.01,52.33,40.5,NORMAL,B,25-05-2026 00:58
TRF-0009,Abha-City,239.15,477.27,59.91,114.14,55.6,NORMAL,A,20260525T005847
TRF-0010,Tabuk-Center,227.49,303.87,59.95,69.13,64.5,NORMAL,A,20260525T005847
TRF-0001,Riyadh-North,231.6,161.57,60.09,37.42,42.5,NORMAL,C,20260525T005847
TRF-0002,Riyadh-East,239.59,432.32,60.14,103.58,45.0,NORMAL,C,05/25/2026 00:58:47
TRF-0003,Jeddah-Main,237.78,155.31,59.91,36.93,37.7,NORMAL,A,2026/05/25 00:58:47
TRF-0004,Jeddah-Industrial,225.97,410.49,60.07,92.76,250.0,OVERHEAT,A,05/25/2026 00:58:47
TRF-0005,Dammam-Central,229.49,305.66,60.01,70.15,62.8,NORMAL,C,2026/05/25 00:58:47
TRF-0006,Dammam-Port,230.52,181.61,,41.86,64.6,NORMAL,C,2026/05/25 00:58:47
TRF-0007,Mecca-Haram,227.85,271.53,60.06,61.87,37.0,NORMAL,C,2026/05/25 00:58:47
TRF-0008,Medina-Central,222.95,121.39,59.9,27.06,52.9,NORMAL,B,2026-05-25 00:58:47
TRF-0009,Abha-City,227.54,417.64,59.91,95.03,39.0,NORMAL,C,2026/05/25 00:58:47
TRF-0010,Tabuk-Center,234.64,381.63,59.92,89.55,60.3,NORMAL,A,05/25/2026 00:58:47
TRF-0001,Riyadh-North,236.35,125.75,59.97,29.72,61.8,NORMAL,A,05/25/2026 00:58:47
TRF-0002,Riyadh-East,222.55,491.53,60.2,109.39,44.4,NORMAL,B,2026-05-25 00:58:47
TRF-0003,Jeddah-Main,239.25,129.42,59.96,30.96,55.2,NORMAL,A,05/25/2026 00:58:47
TRF-0004,Jeddah-Industrial,231.38,205.66,60.04,47.59,46.0,NORMAL,C,25-05-2026 00:58
TRF-0005,Dammam-Central,227.75,210.41,59.97,47.92,51.1,NORMAL,A,2026-05-25 00:58:47
TRF-0006,Dammam-Port,231.42,499.45,59.8,115.58,60.7,NORMAL,C,2026/05/25 00:58:47
TRF-0007,Mecca-Haram,232.49,445.12,59.91,103.49,59.9,NORMAL,C,20260525T005847
TRF-0008,Medina-Central,229.05,286.53,59.83,65.63,51.4,NORMAL,A,05/25/2026 00:58:47
TRF-0009,Abha-City,234.98,370.72,59.98,87.11,56.4,NORMAL,C,20260525T005847
TRF-0010,Tabuk-Center,233.07,333.14,60.03,77.64,38.9,NORMAL,B,20260525T005847
TRF-0001,Riyadh-North,220.39,381.08,60.0,83.99,61.2,NORMAL,A,05/25/2026 00:58:48
TRF-0002,Riyadh-East,222.12,383.66,59.98,85.22,38.1,NORMAL,C,05/25/2026 00:58:48
TRF-0003,Jeddah-Main,231.38,105.39,59.97,24.39,52.9,NORMAL,C,25-05-2026 00:58
TRF-0004,Jeddah-Industrial,230.02,369.86,60.1,85.08,41.7,NORMAL,A,2026-05-25 00:58:48
TRF-0005,Dammam-Central,236.39,281.95,59.85,66.65,33.2,NORMAL,B,2026-05-25 00:58:48
TRF-0006,Dammam-Port,224.45,497.33,60.08,111.63,63.2,NORMAL,C,05/25/2026 00:58:48
TRF-0007,Mecca-Haram,223.16,330.99,59.86,73.86,62.8,NORMAL,B,2026/05/25 00:58:48
TRF-0008,Medina-Central,232.8,224.21,59.81,52.2,62.9,NORMAL,B,20260525T005848
TRF-0009,Abha-City,238.46,161.25,60.11,38.45,50.9,NORMAL,B,25-05-2026 00:58
TRF-0010,Tabuk-Center,239.15,133.59,60.06,31.95,36.7,NORMAL,A,2026-05-25 00:58:48
TRF-0001,Riyadh-North,231.03,229.08,60.14,52.92,57.9,NORMAL,A,20260525T005848
TRF-0002,Riyadh-East,226.8,153.76,60.14,34.87,33.7,NORMAL,A,20260525T005848
TRF-0003,Jeddah-Main,221.68,484.0,59.9,107.29,37.4,NORMAL,C,25-05-2026 00:58
TRF-0004,Jeddah-Industrial,232.72,279.33,60.09,65.01,55.7,NORMAL,A,20260525T005848
TRF-0005,Dammam-Central,231.24,102.4,60.09,23.68,45.0,NORMAL,A,2026/05/25 00:58:48
TRF-0005,Dammam-Central,231.24,102.4,60.09,23.68,45.0,NORMAL,A,2026/05/25 00:58:48
TRF-0006,Dammam-Port,223.63,389.53,60.04,87.11,31.9,NORMAL,A,20260525T005848
TRF-0007,Mecca-Haram,231.8,426.57,60.05,98.88,53.7,NORMAL,B,05/25/2026 00:58:48
TRF-0008,Medina-Central,227.31,106.39,60.18,24.18,59.0,NORMAL,B,05/25/2026 00:58:48

TRF-0009,Abha-City,222.31,486.78,59.92,108.22,38.3,NORMAL,A,05/25/2026 00:58:48
TRF-0010,Tabuk-Center,229.81,420.41,59.85,96.61,42.4,NORMAL,A,05/25/2026 00:58:48
TRF-0001,Riyadh-North,235.33,458.08,60.07,107.8,56.3,NORMAL,A,20260525T005848
TRF-0002,Riyadh-East,224.3,318.35,59.82,71.41,47.5,NORMAL,C,05/25/2026 00:58:48
TRF-0003,Jeddah-Main,234.74,,59.9,84.8,64.5,NORMAL,C,25-05-2026 00:58
TRF-0004,Jeddah-Industrial,220.37,202.62,60.03,44.65,32.1,NORMAL,A,2026-05-25 00:58:48
TRF-0005,Dammam-Central,225.35,217.49,59.89,49.01,63.3,NORMAL,A,25-05-2026 00:58
TRF-0006,Dammam-Port,238.05,271.7,60.14,64.68,50.5,NORMAL,B,25-05-2026 00:58
TRF-0007,Mecca-Haram,235.55,223.68,59.91,52.69,31.1,NORMAL,C,2026/05/25 00:58:48
TRF-0008,Medina-Central,221.69,488.2,60.15,108.23,44.3,NORMAL,A,20260525T005848
TRF-0009,Abha-City,239.19,298.8,60.11,71.47,64.8,NORMAL,A,20260525T005848
TRF-0010,Tabuk-Center,221.33,286.81,59.99,63.48,38.1,NORMAL,A,25-05-2026 00:58
TRF-0001,Riyadh-North,224.29,274.97,60.0,61.67,250.0,OVERHEAT,B,25-05-2026 00:58
TRF-0002,Riyadh-East,223.12,336.69,59.83,75.12,57.2,NORMAL,B,2026-05-25 00:58:48
TRF-0003,Jeddah-Main,222.2,355.58,59.95,79.01,50.6,NORMAL,A,25-05-2026 00:58
TRF-0004,Jeddah-Industrial,235.05,120.27,51.53,28.27,45.3,FREQ_DRIFT,C,20260525T005848
TRF-0005,Dammam-Central,238.3,448.64,59.88,106.91,56.9,NORMAL,A,25-05-2026 00:58
TRF-0006,Dammam-Port,236.89,290.69,60.03,68.86,60.1,NORMAL,B,2026-05-25 00:58:48
TRF-0007,Mecca-Haram,226.49,433.9,59.98,98.27,36.3,NORMAL,B,05/25/2026 00:58:48
TRF-0008,Medina-Central,226.0,337.07,59.91,76.18,49.1,NORMAL,A,05/25/2026 00:58:48
TRF-0009,Abha-City,230.16,241.7,59.9,55.63,49.1,NORMAL,A,2026-05-25 00:58:48
TRF-0010,Tabuk-Center,222.38,338.51,59.93,75.28,50.1,NORMAL,C,2026/05/25 00:58:48
TRF-0001,Riyadh-North,239.02,288.05,60.17,68.85,40.7,NORMAL,B,05/25/2026 00:58:48
TRF-0002,Riyadh-East,227.79,481.51,59.93,109.68,37.8,NORMAL,B,05/25/2026 00:58:48
TRF-0003,Jeddah-Main,236.71,223.5,60.03,52.9,38.7,NORMAL,B,20260525T005848
TRF-0004,Jeddah-Industrial,227.81,391.96,59.85,89.29,49.7,NORMAL,B,20260525T005848
TRF-0005,Dammam-Central,223.18,105.09,60.13,23.45,54.7,NORMAL,A,20260525T005848
TRF-0006,Dammam-Port,220.37,161.6,60.08,35.61,62.8,NORMAL,B,2026/05/25 00:58:48
TRF-0007,Mecca-Haram,220.32,256.42,60.11,56.49,37.1,NORMAL,A,05/25/2026 00:58:48
TRF-0008,Medina-Central,225.51,408.61,60.06,92.15,58.9,NORMAL,A,25-05-2026 00:58
TRF-0009,Abha-City,230.27,296.04,59.91,68.17,42.5,NORMAL,A,20260525T005848
TRF-0010,Tabuk-Center,235.54,328.79,60.0,77.44,30.2,NORMAL,B,2026/05/25 00:58:48
TRF-0001,Riyadh-North,237.35,278.11,59.88,66.01,47.3,NORMAL,C,25-05-2026 00:58
TRF-0002,Riyadh-East,235.41,205.0,60.0,48.26,41.8,NORMAL,B,20260525T005848
TRF-0003,Jeddah-Main,225.71,0.0,59.9,0.0,37.8,OUTAGE,B,2026-05-25 00:58:48
TRF-0004,Jeddah-Industrial,229.69,346.69,59.82,79.63,42.7,NORMAL,A,25-05-2026 00:58
TRF-0005,Dammam-Central,226.06,334.97,59.84,75.72,50.8,NORMAL,B,25-05-2026 00:58
TRF-0006,Dammam-Port,229.24,493.75,59.93,113.19,60.3,NORMAL,B,2026-05-25 00:58:48
TRF-0007,Mecca-Haram,239.28,458.45,60.16,109.7,33.3,NORMAL,B,2026-05-25 00:58:48
TRF-0008,Medina-Central,227.92,429.7,60.0,97.94,40.3,NORMAL,B,25-05-2026 00:58
TRF-0009,Abha-City,229.28,114.06,60.15,26.15,62.2,NORMAL,B,05/25/2026 00:58:48
TRF-0010,Tabuk-Center,235.13,189.9,60.12,44.65,31.9,NORMAL,C,2026-05-25 00:58:48
TRF-0001,Riyadh-North,238.24,138.98,59.94,33.11,36.1,NORMAL,B,2026-05-25 00:58:48
TRF-0002,Riyadh-East,230.6,281.23,59.85,64.85,38.1,NORMAL,C,2026/05/25 00:58:48
TRF-0003,Jeddah-Main,235.46,472.96,59.87,111.36,30.2,NORMAL,A,25-05-2026 00:58
TRF-0004,Jeddah-Industrial,226.78,143.94,59.84,32.64,35.6,NORMAL,B,05/25/2026 00:58:48
TRF-0005,Dammam-Central,233.03,267.48,59.93,62.33,43.3,NORMAL,C,2026-05-25 00:58:48
TRF-0006,Dammam-Port,236.79,262.02,60.19,62.04,55.8,NORMAL,C,2026-05-25 00:58:48
TRF-0007,Mecca-Haram,222.11,473.49,59.89,105.17,31.0,NORMAL,B,20260525T005848
TRF-0008,Medina-Central,231.2,439.32,59.92,101.57,47.1,NORMAL,A,05/25/2026 00:58:48
TRF-0009,Abha-City,223.71,485.94,60.18,108.71,36.1,NORMAL,B,05/25/2026 00:58:48
TRF-0010,Tabuk-Center,238.74,370.38,60.19,88.42,37.3,NORMAL,C,05/25/2026 00:58:48
TRF-0001,Riyadh-North,233.84,166.11,59.92,38.84,40.3,NORMAL,A,2026-05-25 00:58:48
TRF-0002,Riyadh-East,220.33,181.71,60.11,40.04,37.6,NORMAL,B,05/25/2026 00:58:48
TRF-0003,Jeddah-Main,234.38,289.04,60.09,67.75,51.9,NORMAL,A,25-05-2026 00:58
TRF-0004,Jeddah-Industrial,233.28,485.75,60.18,113.32,31.0,NORMAL,B,2026-05-25 00:58:48
TRF-0005,Dammam-Central,223.34,283.99,59.83,63.43,59.7,NORMAL,A,20260525T005848
TRF-0006,Dammam-Port,235.71,489.58,60.0,115.4,51.4,NORMAL,C,2026-05-25 00:58:48
TRF-0007,Mecca-Haram,227.65,133.69,59.86,30.43,42.1,NORMAL,B,25-05-2026 00:58
TRF-0008,Medina-Central,223.45,438.82,60.02,98.05,59.4,NORMAL,C,05/25/2026 00:58:48
TRF-0009,Abha-City,233.68,205.99,60.08,48.14,56.3,NORMAL,A,2026/05/25 00:58:48
TRF-0010,Tabuk-Center,239.22,258.32,59.8,61.8,58.9,NORMAL,A,2026/05/25 00:58:48
TRF-0001,Riyadh-North,234.22,278.3,59.89,65.18,63.5,NORMAL,B,05/25/2026 00:58:48
TRF-0002,Riyadh-East,223.52,306.64,60.17,68.54,34.3,NORMAL,B,25-05-2026 00:58
TRF-0003,Jeddah-Main,225.81,483.72,59.96,109.23,53.0,NORMAL,A,2026-05-25 00:58:48
TRF-0004,Jeddah-Industrial,223.24,335.68,60.0,74.94,42.8,NORMAL,C,20260525T005848
TRF-0005,Dammam-Central,221.27,494.73,60.07,109.47,44.5,NORMAL,A,20260525T005848
TRF-0006,Dammam-Port,229.99,375.56,59.93,86.38,48.7,NORMAL,A,2026/05/25 00:58:48
TRF-0007,Mecca-Haram,225.6,407.89,59.91,92.02,52.7,NORMAL,C,2026/05/25 00:58:48
TRF-0008,Medina-Central,234.68,475.93,60.03,111.69,57.6,NORMAL,C,2026-05-25 00:58:48
TRF-0009,Abha-City,232.14,385.88,59.81,89.58,56.3,NORMAL,A,05/25/2026 00:58:48
TRF-0010,Tabuk-Center,229.11,251.62,59.96,57.65,30.5,NORMAL,B,25-05-2026 00:58
TRF-0001,Riyadh-North,223.76,334.79,59.95,74.91,39.3,NORMAL,B,2026-05-25 00:58:48
TRF-0002,Riyadh-East,233.27,112.65,60.05,26.28,34.6,NORMAL,C,2026/05/25 00:58:48
TRF-0003,Jeddah-Main,225.4,305.55,59.81,68.87,45.7,NORMAL,B,2026/05/25 00:58:48
TRF-0004,Jeddah-Industrial,220.43,461.37,59.88,101.7,30.2,NORMAL,A,2026-05-25 00:58:48
TRF-0005,Dammam-Central,226.44,326.83,60.02,74.01,36.3,NORMAL,B,20260525T005848
TRF-0006,Dammam-Port,225.97,288.17,59.96,65.12,49.7,NORMAL,A,20260525T005848
TRF-0007,Mecca-Haram,239.96,121.49,59.84,29.15,54.1,NORMAL,C,25-05-2026 00:58
TRF-0008,Medina-Central,233.42,238.55,59.9,55.68,45.1,NORMAL,A,05/25/2026 00:58:48
TRF-0009,Abha-City,-230,380.72,60.12,89.51,40.5,NORMAL,A,25-05-2026 00:58
TRF-0010,Tabuk-Center,221.95,404.87,60.15,89.86,42.9,NORMAL,A,20260525T005848
TRF-0001,Riyadh-North,226.68,435.9,59.9,98.81,50.9,NORMAL,A,20260525T005848
TRF-0002,Riyadh-East,223.41,391.61,59.89,87.49,36.4,NORMAL,C,25-05-2026 00:58
TRF-0003,Jeddah-Main,225.24,411.68,59.9,92.73,54.7,NORMAL,C,2026-05-25 00:58:48
TRF-0004,Jeddah-Industrial,239.09,444.95,59.98,106.38,43.2,NORMAL,C,05/25/2026 00:58:48
TRF-0005,Dammam-Central,234.6,193.0,59.99,45.28,45.6,NORMAL,C,20260525T005848
TRF-0006,Dammam-Port,224.13,204.34,59.84,45.8,43.0,NORMAL,C,25-05-2026 00:58
TRF-0007,Mecca-Haram,235.43,227.13,60.02,53.47,48.8,NORMAL,A,2026/05/25 00:58:48
TRF-0008,Medina-Central,225.66,415.82,60.18,93.83,62.3,NORMAL,C,25-05-2026 00:58
TRF-0009,Abha-City,224.9,107.5,59.9,24.18,53.3,NORMAL,B,20260525T005848
TRF-0010,Tabuk-Center,236.79,182.08,60.18,43.11,33.5,NORMAL,B,2026-05-25 00:58:48
TRF-0001,Riyadh-North,224.79,411.38,59.88,92.47,64.7,NORMAL,C,20260525T005848
TRF-0001,Riyadh-North,224.79,411.38,59.88,92.47,64.7,NORMAL,C,20260525T005848
TRF-0002,Riyadh-East,222.41,361.43,60.2,80.39,62.4,NORMAL,A,20260525T005848
TRF-0003,Jeddah-Main,227.14,158.06,60.07,35.9,60.8,NORMAL,A,20260525T005848
TRF-0004,Jeddah-Industrial,234.92,417.34,59.97,98.04,54.8,NORMAL,C,05/25/2026 00:58:48
TRF-0005,Dammam-Central,237.86,320.29,59.91,76.18,34.4,NORMAL,A,20260525T005848
TRF-0006,Dammam-Port,234.86,432.65,59.81,101.61,56.9,NORMAL,C,2026-05-25 00:58:48
TRF-0007,Mecca-Haram,222.3,,59.97,33.22,62.6,NORMAL,B,2026/05/25 00:58:48
TRF-0008,Medina-Central,226.15,434.48,59.93,98.26,63.3,NORMAL,A,05/25/2026 00:58:48
TRF-0009,Abha-City,239.19,255.35,60.04,61.08,38.8,NORMAL,B,20260525T005848
TRF-0010,Tabuk-Center,220.11,193.2,60.04,42.53,34.4,NORMAL,A,25-05-2026 00:58
TRF-0001,Riyadh-North,233.85,230.65,59.87,53.94,49.6,NORMAL,B,20260525T005848
CORRUPTED_DATA_###!!!@@@@
TRF-0002,Riyadh-East,223.27,326.83,59.86,72.97,39.3,NORMAL,A,20260525T005848
TRF-0003,Jeddah-Main,230.35,406.04,60.08,93.53,61.7,NORMAL,A,25-05-2026 00:58
TRF-0004,Jeddah-Industrial,231.84,364.1,59.95,84.41,57.8,NORMAL,C,25-05-2026 00:58
TRF-0005,Dammam-Central,237.99,143.39,60.17,34.13,63.7,NORMAL,A,05/25/2026 00:58:48
TRF-0006,Dammam-Port,239.51,375.08,59.94,89.84,40.2,NORMAL,A,20260525T005848
TRF-0007,Mecca-Haram,236.88,0.0,59.95,0.0,57.9,OUTAGE,B,2026/05/25 00:58:48
TRF-0008,Medina-Central,230.1,287.06,60.08,66.05,44.9,NORMAL,C,20260525T005848
TRF-0009,Abha-City,228.78,287.47,60.15,65.77,42.9,NORMAL,B,2026/05/25 00:58:48
TRF-0010,Tabuk-Center,239.43,235.83,60.17,56.46,53.1,NORMAL,A,20260525T005848
TRF-0001,Riyadh-North,225.54,237.87,60.16,53.65,42.9,NORMAL,A,2026/05/25 00:58:48
TRF-0002,Riyadh-East,222.23,215.66,59.99,47.93,35.7,NORMAL,A,25-05-2026 00:58
TRF-0003,Jeddah-Main,229.66,288.64,60.01,66.29,32.9,NORMAL,C,05/25/2026 00:58:48
TRF-0004,Jeddah-Industrial,230.39,405.7,60.05,93.47,40.0,NORMAL,A,20260525T005848
TRF-0005,Dammam-Central,223.56,150.82,59.94,33.72,54.9,NORMAL,B,05/25/2026 00:58:48
TRF-0006,Dammam-Port,224.89,315.97,59.91,71.06,63.6,NORMAL,C,20260525T005848
TRF-0007,Mecca-Haram,234.45,140.5,60.09,32.94,43.4,NORMAL,A,2026/05/25 00:58:48
TRF-0008,Medina-Central,237.97,0.0,59.94,0.0,45.6,OUTAGE,B,25-05-2026 00:58
TRF-0008,Medina-Central,237.97,0.0,59.94,0.0,45.6,OUTAGE,B,25-05-2026 00:58
TRF-0009,Abha-City,235.72,390.78,59.88,92.11,55.3,NORMAL,A,2026/05/25 00:58:48
TRF-0010,Tabuk-Center,232.34,468.21,59.9,108.78,56.3,NORMAL,C,2026-05-25 00:58:48
TRF-0001,Riyadh-North,239.3,171.64,60.03,41.07,36.3,NORMAL,C,25-05-2026 00:58
TRF-0002,Riyadh-East,224.32,117.06,59.86,26.26,42.5,NORMAL,A,20260525T005848
TRF-0003,Jeddah-Main,232.1,354.31,60.16,82.24,60.2,NORMAL,C,20260525T005848
TRF-0004,Jeddah-Industrial,233.67,0.0,59.91,0.0,55.8,OUTAGE,B,20260525T005848
TRF-0005,Dammam-Central,228.66,243.34,59.83,55.64,61.5,NORMAL,A,2026-05-25 00:58:48
TRF-0006,Dammam-Port,235.49,129.6,59.99,30.52,55.1,NORMAL,C,2026-05-25 00:58:48
TRF-0007,Mecca-Haram,226.45,342.22,60.16,77.5,59.7,NORMAL,C,2026-05-25 00:58:48
TRF-0008,Medina-Central,229.18,317.96,60.12,72.87,62.2,NORMAL,B,05/25/2026 00:58:48
TRF-0009,Abha-City,225.47,124.9,59.99,28.16,33.4,NORMAL,A,05/25/2026 00:58:48
TRF-0010,Tabuk-Center,222.33,170.91,60.13,38.0,250.0,OVERHEAT,C,20260525T005848
TRF-0001,Riyadh-North,234.51,178.97,60.0,41.97,52.8,NORMAL,A,2026-05-25 00:58:48
TRF-0002,Riyadh-East,236.96,425.24,59.94,100.76,40.8,NORMAL,A,2026/05/25 00:58:48
TRF-0003,Jeddah-Main,227.47,274.61,60.09,62.47,34.6,NORMAL,B,05/25/2026 00:58:48
TRF-0004,Jeddah-Industrial,221.84,180.53,59.9,40.05,56.0,NORMAL,B,20260525T005848
TRF-0005,Dammam-Central,233.4,224.77,60.07,52.46,250.0,OVERHEAT,C,2026/05/25 00:58:48
TRF-0006,Dammam-Port,231.94,241.84,60.18,56.09,32.1,NORMAL,C,20260525T005848
TRF-0007,Mecca-Haram,220.81,150.03,60.09,33.13,58.5,NORMAL,B,25-05-2026 00:58
TRF-0008,Medina-Central,239.65,410.04,59.81,98.27,49.1,NORMAL,B,05/25/2026 00:58:48
TRF-0009,Abha-City,230.35,266.82,59.87,61.46,41.0,NORMAL,C,20260525T005848
TRF-0010,Tabuk-Center,233.95,233.56,60.14,54.64,31.5,NORMAL,B,05/25/2026 00:58:48
TRF-0001,Riyadh-North,227.88,402.92,60.02,91.82,45.0,NORMAL,B,25-05-2026 00:58
TRF-0002,Riyadh-East,237.66,457.79,60.18,108.8,34.0,NORMAL,A,20260525T005848
TRF-0003,Jeddah-Main,233.97,258.49,59.82,60.48,58.7,NORMAL,B,05/25/2026 00:58:48
TRF-0004,Jeddah-Industrial,220.98,198.11,59.84,43.78,63.9,NORMAL,B,05/25/2026 00:58:48
TRF-0005,Dammam-Central,226.05,471.76,60.19,106.64,56.7,NORMAL,C,2026/05/25 00:58:48
TRF-0006,Dammam-Port,237.77,277.36,59.83,65.95,37.8,NORMAL,B,05/25/2026 00:58:48
TRF-0007,Mecca-Haram,220.83,366.93,59.82,81.03,44.2,NORMAL,B,05/25/2026 00:58:48
TRF-0008,Medina-Central,237.56,235.86,60.02,56.03,48.0,NORMAL,B,20260525T005848
TRF-0009,Abha-City,230.79,169.41,59.82,39.1,35.5,NORMAL,C,25-05-2026 00:58
TRF-0010,Tabuk-Center,234.7,256.14,59.82,60.12,52.3,NORMAL,A,2026-05-25 00:58:48
TRF-0001,Riyadh-North,222.15,211.67,60.16,47.02,58.7,NORMAL,A,25-05-2026 00:58
TRF-0002,Riyadh-East,234.32,479.07,59.98,112.26,33.4,NORMAL,A,20260525T005848
TRF-0003,Jeddah-Main,236.79,221.99,59.81,52.57,35.0,NORMAL,B,25-05-2026 00:58
TRF-0004,Jeddah-Industrial,235.72,142.89,60.19,33.68,37.6,NORMAL,A,20260525T005848
TRF-0005,Dammam-Central,228.71,324.43,59.84,74.2,60.8,NORMAL,B,25-05-2026 00:58
TRF-0006,Dammam-Port,235.18,370.72,59.91,87.19,54.8,NORMAL,C,05/25/2026 00:58:48
TRF-0007,Mecca-Haram,238.16,228.17,59.84,54.34,37.4,NORMAL,A,25-05-2026 00:58
TRF-0008,Medina-Central,221.29,433.89,60.18,96.02,52.3,NORMAL,C,20260525T005848
TRF-0009,Abha-City,225.36,449.92,60.07,101.39,51.1,NORMAL,C,05/25/2026 00:58:48
TRF-0010,Tabuk-Center,232.84,308.63,60.03,71.86,52.7,NORMAL,B,25-05-2026 00:58
TRF-0001,Riyadh-North,232.16,205.52,59.97,47.71,56.9,NORMAL,C,25-05-2026 00:58
TRF-0002,Riyadh-East,237.08,377.18,60.17,89.42,56.5,NORMAL,C,05/25/2026 00:58:48
TRF-0003,Jeddah-Main,230.79,203.65,59.85,47.0,51.9,NORMAL,B,25-05-2026 00:58
TRF-0004,Jeddah-Industrial,228.01,276.1,47.56,62.95,63.5,FREQ_DRIFT,C,25-05-2026 00:58
TRF-0005,Dammam-Central,222.75,204.9,60.06,45.64,46.5,NORMAL,B,25-05-2026 00:58
TRF-0006,Dammam-Port,240.0,496.96,65.18,119.27,47.0,FREQ_DRIFT,A,25-05-2026 00:58
TRF-0007,Mecca-Haram,222.24,101.95,60.19,22.66,38.6,NORMAL,B,25-05-2026 00:58
TRF-0008,Medina-Central,225.07,270.06,60.18,60.78,32.7,NORMAL,A,05/25/2026 00:58:48
TRF-0009,Abha-City,239.96,263.08,59.83,63.13,43.6,NORMAL,C,2026/05/25 00:58:48
TRF-0010,Tabuk-Center,236.34,123.82,59.99,29.26,30.5,NORMAL,A,2026/05/25 00:58:48
TRF-0001,Riyadh-North,224.84,463.88,59.95,104.3,45.1,NORMAL,A,20260525T005848
TRF-0002,Riyadh-East,231.13,448.18,59.96,103.59,54.7,NORMAL,A,2026/05/25 00:58:48
TRF-0003,Jeddah-Main,236.47,340.66,59.81,80.56,48.3,NORMAL,B,2026-05-25 00:58:48
TRF-0004,Jeddah-Industrial,232.25,284.19,59.97,66.0,34.6,NORMAL,A,2026-05-25 00:58:48
TRF-0005,Dammam-Central,238.16,455.43,60.06,108.47,58.4,NORMAL,A,20260525T005848
TRF-0006,Dammam-Port,220.37,149.2,59.91,32.88,38.7,NORMAL,C,2026-05-25 00:58:48
TRF-0007,Mecca-Haram,233.14,348.5,60.09,81.25,48.4,NORMAL,A,20260525T005848
TRF-0008,Medina-Central,234.06,156.11,60.06,36.54,40.5,NORMAL,B,05/25/2026 00:58:48
TRF-0009,Abha-City,235.39,277.7,59.9,,38.9,NORMAL,B,2026/05/25 00:58:48
TRF-0010,Tabuk-Center,222.0,479.54,45.02,106.46,43.6,FREQ_DRIFT,A,2026/05/25 00:58:48
TRF-0001,Riyadh-North,227.77,335.55,60.2,76.43,34.3,NORMAL,B,05/25/2026 00:58:49
TRF-0002,Riyadh-East,220.89,152.51,60.04,33.69,38.8,NORMAL,A,20260525T005849
TRF-0003,Jeddah-Main,237.01,248.83,60.16,58.98,52.7,NORMAL,B,2026-05-25 00:58:49
TRF-0004,Jeddah-Industrial,228.49,330.56,59.91,75.53,30.8,NORMAL,B,05/25/2026 00:58:49
TRF-0005,Dammam-Central,228.36,293.03,60.19,66.92,41.8,NORMAL,C,05/25/2026 00:58:49
TRF-0006,Dammam-Port,233.0,291.32,59.81,67.88,59.0,NORMAL,B,2026/05/25 00:58:49
TRF-0007,Mecca-Haram,,108.85,59.96,24.56,63.0,NORMAL,C,05/25/2026 00:58:49
TRF-0008,Medina-Central,221.83,336.22,59.92,74.58,40.3,NORMAL,A,25-05-2026 00:58
TRF-0009,Abha-City,222.9,380.31,60.0,84.77,32.7,NORMAL,B,25-05-2026 00:58
TRF-0010,Tabuk-Center,236.19,402.15,60.2,94.98,62.4,NORMAL,A,20260525T005849
TRF-0001,Riyadh-North,229.52,206.27,60.2,47.34,40.0,NORMAL,A,2026/05/25 00:58:49
TRF-0002,Riyadh-East,230.69,381.02,59.85,87.9,30.6,NORMAL,B,05/25/2026 00:58:49
TRF-0003,Jeddah-Main,238.14,134.19,60.11,31.96,54.3,NORMAL,C,05/25/2026 00:58:49
TRF-0004,Jeddah-Industrial,238.17,,60.02,108.56,42.3,NORMAL,B,25-05-2026 00:58
TRF-0005,Dammam-Central,228.07,159.33,59.92,36.34,33.2,NORMAL,C,2026/05/25 00:58:49
TRF-0006,Dammam-Port,226.49,431.86,59.82,97.81,61.7,NORMAL,C,2026/05/25 00:58:49
TRF-0007,Mecca-Haram,229.34,361.93,59.93,83.01,61.7,NORMAL,A,25-05-2026 00:58
TRF-0008,Medina-Central,226.8,262.71,60.07,59.58,53.7,NORMAL,B,20260525T005849
TRF-0009,Abha-City,220.61,113.34,60.11,25.0,63.1,NORMAL,C,2026-05-25 00:58:49
TRF-0010,Tabuk-Center,228.09,442.21,59.82,100.86,32.6,NORMAL,A,2026-05-25 00:58:49
TRF-0001,Riyadh-North,233.34,117.9,60.18,27.51,32.7,NORMAL,C,05/25/2026 00:58:49
TRF-0002,Riyadh-East,226.13,471.05,59.91,106.52,52.5,NORMAL,C,2026-05-25 00:58:49
TRF-0003,Jeddah-Main,228.0,353.37,59.9,80.57,56.9,NORMAL,B,25-05-2026 00:58
TRF-0004,Jeddah-Industrial,222.96,162.55,59.88,36.24,31.4,NORMAL,B,25-05-2026 00:58
TRF-0005,Dammam-Central,220.03,148.84,60.15,32.75,38.4,NORMAL,C,05/25/2026 00:58:49
TRF-0006,Dammam-Port,220.03,329.12,60.12,72.42,36.8,NORMAL,A,2026-05-25 00:58:49
TRF-0007,Mecca-Haram,,203.72,59.95,46.52,38.6,NORMAL,A,05/25/2026 00:58:49
TRF-0008,Medina-Central,226.16,320.74,59.81,72.54,54.9,NORMAL,B,2026/05/25 00:58:49
TRF-0009,Abha-City,236.47,396.56,59.85,93.77,60.5,NORMAL,B,05/25/2026 00:58:49
TRF-0010,Tabuk-Center,230.48,360.89,59.9,83.18,45.1,NORMAL,A,20260525T005849
TRF-0001,Riyadh-North,221.43,417.95,59.93,92.55,43.0,NORMAL,A,2026/05/25 00:58:49
TRF-0002,Riyadh-East,226.51,118.03,60.05,26.73,49.1,NORMAL,A,2026-05-25 00:58:49
TRF-0003,Jeddah-Main,235.74,195.66,60.02,46.12,43.7,NORMAL,B,25-05-2026 00:58
TRF-0004,Jeddah-Industrial,229.12,491.63,60.18,112.64,54.1,NORMAL,A,25-05-2026 00:58
TRF-0005,Dammam-Central,227.34,996.68,60.07,216.55,113.2,OVERLOAD,A,05/25/2026 00:58:49
TRF-0006,Dammam-Port,237.45,123.82,59.98,29.4,38.3,NORMAL,A,2026/05/25 00:58:49
TRF-0007,Mecca-Haram,220.24,283.59,59.86,62.46,50.2,NORMAL,A,25-05-2026 00:58
TRF-0008,Medina-Central,224.29,474.16,60.18,106.35,58.8,NORMAL,B,2026-05-25 00:58:49
TRF-0008,Medina-Central,224.29,474.16,60.18,106.35,58.8,NORMAL,B,2026-05-25 00:58:49
TRF-0009,Abha-City,225.54,464.34,60.07,104.73,60.7,NORMAL,B,20260525T005849
TRF-0010,Tabuk-Center,221.45,355.21,59.91,78.66,60.0,NORMAL,C,2026-05-25 00:58:49
TRF-0001,Riyadh-North,226.08,424.75,60.03,96.03,53.9,NORMAL,A,2026/05/25 00:58:49
TRF-0002,Riyadh-East,225.56,472.9,59.84,106.67,63.4,NORMAL,B,2026-05-25 00:58:49
TRF-0003,Jeddah-Main,233.96,185.97,60.11,43.51,63.4,NORMAL,B,25-05-2026 00:58
TRF-0004,Jeddah-Industrial,232.78,0.0,60.1,0.0,43.4,OUTAGE,B,20260525T005849
TRF-0005,Dammam-Central,233.88,223.76,59.83,52.33,47.7,NORMAL,A,20260525T005849
TRF-0006,Dammam-Port,232.08,480.07,60.15,111.41,36.5,NORMAL,A,2026-05-25 00:58:49
TRF-0007,Mecca-Haram,232.84,255.36,59.83,59.46,42.4,NORMAL,C,2026-05-25 00:58:49
TRF-0008,Medina-Central,233.11,245.6,60.05,57.25,48.0,NORMAL,B,25-05-2026 00:58
TRF-0009,Abha-City,235.95,261.16,59.81,61.62,54.9,NORMAL,C,05/25/2026 00:58:49
TRF-0010,Tabuk-Center,231.41,277.6,60.14,64.24,62.0,NORMAL,C,2026-05-25 00:58:49
TRF-0001,Riyadh-North,239.39,449.93,60.13,107.71,54.9,NORMAL,B,05/25/2026 00:58:49
TRF-0002,Riyadh-East,232.8,194.67,60.04,45.32,57.5,NORMAL,B,2026-05-25 00:58:49
TRF-0003,Jeddah-Main,222.73,192.84,60.0,42.95,35.2,NORMAL,B,2026/05/25 00:58:49
TRF-0004,Jeddah-Industrial,230.1,182.62,59.93,42.02,34.9,NORMAL,A,25-05-2026 00:58
TRF-0005,Dammam-Central,221.59,315.19,59.99,69.84,56.3,NORMAL,B,20260525T005849
TRF-0006,Dammam-Port,230.0,409.39,60.13,94.16,59.7,NORMAL,A,20260525T005849
TRF-0006,Dammam-Port,230.0,409.39,60.13,94.16,59.7,NORMAL,A,20260525T005849
TRF-0007,Mecca-Haram,232.32,466.19,59.91,108.31,37.1,NORMAL,A,2026-05-25 00:58:49
TRF-0008,Medina-Central,223.33,400.14,60.18,89.36,55.3,NORMAL,A,2026-05-25 00:58:49
TRF-0009,Abha-City,235.83,173.03,59.93,40.81,64.0,NORMAL,A,2026-05-25 00:58:49
TRF-0010,Tabuk-Center,228.66,160.12,60.19,36.61,56.8,NORMAL,A,25-05-2026 00:58
TRF-0001,Riyadh-North,222.13,396.66,59.81,88.11,44.6,NORMAL,B,05/25/2026 00:58:49
TRF-0002,Riyadh-East,238.18,387.51,60.03,92.3,33.2,NORMAL,A,25-05-2026 00:58
TRF-0003,Jeddah-Main,225.13,307.44,60.0,69.21,45.4,NORMAL,A,2026-05-25 00:58:49
TRF-0004,Jeddah-Industrial,239.04,242.48,59.92,57.96,63.6,NORMAL,C,25-05-2026 00:58
TRF-0005,Dammam-Central,-230,437.54,59.98,102.18,40.2,NORMAL,B,20260525T005849
TRF-0006,Dammam-Port,236.52,381.06,60.1,90.13,64.4,NORMAL,A,20260525T005849
TRF-0007,Mecca-Haram,228.35,226.14,59.86,51.64,51.6,NORMAL,C,05/25/2026 00:58:49
TRF-0008,Medina-Central,224.11,136.61,60.15,30.62,57.2,NORMAL,A,25-05-2026 00:58
TRF-0009,Abha-City,224.63,274.0,59.95,61.55,51.2,NORMAL,C,2026-05-25 00:58:49
TRF-0010,Tabuk-Center,221.43,,59.94,47.68,34.2,NORMAL,C,20260525T005849
TRF-0001,Riyadh-North,221.79,335.06,59.96,74.31,54.3,NORMAL,A,2026/05/25 00:58:49
TRF-0002,Riyadh-East,231.12,122.7,59.92,28.36,50.1,NORMAL,C,25-05-2026 00:58
TRF-0003,Jeddah-Main,220.32,103.49,60.07,22.8,38.7,NORMAL,A,05/25/2026 00:58:49
TRF-0004,Jeddah-Industrial,233.06,194.42,60.02,45.31,53.7,NORMAL,C,05/25/2026 00:58:49
TRF-0005,Dammam-Central,228.65,401.86,59.97,91.89,59.8,NORMAL,B,2026-05-25 00:58:49
TRF-0006,Dammam-Port,221.09,193.78,59.94,42.84,46.8,NORMAL,A,25-05-2026 00:58
TRF-0007,Mecca-Haram,231.14,499.28,60.16,115.4,57.4,NORMAL,B,2026-05-25 00:58:49
TRF-0008,Medina-Central,230.69,446.98,59.89,103.11,49.1,NORMAL,C,25-05-2026 00:58
TRF-0009,Abha-City,234.89,385.65,59.91,90.59,57.0,NORMAL,C,25-05-2026 00:58
TRF-0010,Tabuk-Center,235.67,118.48,59.96,27.92,47.6,NORMAL,B,05/25/2026 00:58:49
TRF-0001,Riyadh-North,229.57,220.07,60.13,50.52,59.8,NORMAL,C,20260525T005849
TRF-0002,Riyadh-East,223.56,171.68,60.18,38.38,64.8,NORMAL,A,05/25/2026 00:58:49
TRF-0003,Jeddah-Main,226.9,494.77,59.83,112.26,37.3,NORMAL,C,05/25/2026 00:58:49
TRF-0004,Jeddah-Industrial,220.35,488.02,59.97,107.54,250.0,OVERHEAT,B,2026-05-25 00:58:49
TRF-0005,Dammam-Central,222.71,145.96,59.81,32.51,40.2,NORMAL,C,05/25/2026 00:58:49
TRF-0006,Dammam-Port,226.12,391.84,60.06,88.6,38.5,NORMAL,B,25-05-2026 00:58
TRF-0007,Mecca-Haram,231.28,239.11,59.8,55.3,61.7,NORMAL,C,05/25/2026 00:58:49
TRF-0008,Medina-Central,229.1,362.15,60.17,82.97,63.5,NORMAL,B,25-05-2026 00:58
TRF-0009,Abha-City,223.71,334.33,59.92,74.79,39.8,NORMAL,C,05/25/2026 00:58:49
TRF-0010,Tabuk-Center,228.49,244.3,59.84,55.82,56.0,NORMAL,C,20260525T005849
TRF-0001,Riyadh-North,229.76,361.7,59.96,83.1,42.7,NORMAL,A,2026/05/25 00:58:49
TRF-0002,Riyadh-East,239.86,160.1,59.84,38.4,32.6,NORMAL,C,05/25/2026 00:58:49
TRF-0003,Jeddah-Main,239.83,322.93,59.92,77.45,39.7,NORMAL,A,05/25/2026 00:58:49
TRF-0004,Jeddah-Industrial,239.54,275.0,60.01,65.87,56.9,NORMAL,A,05/25/2026 00:58:49
TRF-0005,Dammam-Central,226.09,173.45,60.1,39.22,44.8,NORMAL,A,2026-05-25 00:58:49
TRF-0006,Dammam-Port,223.33,304.24,59.94,67.95,58.7,NORMAL,A,2026/05/25 00:58:49
TRF-0007,Mecca-Haram,226.65,127.09,59.82,28.8,57.9,NORMAL,B,20260525T005849
TRF-0008,Medina-Central,226.21,125.02,59.88,28.28,57.1,NORMAL,B,25-05-2026 00:58
TRF-0009,Abha-City,220.21,282.29,60.19,62.16,63.9,NORMAL,A,2026-05-25 00:58:49
TRF-0010,Tabuk-Center,229.06,199.68,60.15,45.74,38.1,NORMAL,C,20260525T005849
TRF-0001,Riyadh-North,235.75,461.8,59.81,108.87,45.7,NORMAL,B,25-05-2026 00:58
TRF-0002,Riyadh-East,228.32,218.76,60.15,49.95,47.5,NORMAL,B,20260525T005849
TRF-0003,Jeddah-Main,233.78,387.0,59.9,90.47,54.7,NORMAL,B,20260525T005849
TRF-0003,Jeddah-Main,233.78,387.0,59.9,90.47,54.7,NORMAL,B,20260525T005849
TRF-0004,Jeddah-Industrial,225.27,113.56,60.06,25.58,56.3,NORMAL,A,25-05-2026 00:58
TRF-0005,Dammam-Central,230.2,352.38,59.98,81.12,49.4,NORMAL,A,20260525T005849
TRF-0006,Dammam-Port,237.22,205.77,60.1,48.81,47.2,NORMAL,C,2026-05-25 00:58:49
TRF-0007,Mecca-Haram,232.13,277.98,59.88,64.53,47.1,NORMAL,B,2026/05/25 00:58:49
TRF-0008,Medina-Central,229.56,380.07,60.09,87.25,41.0,NORMAL,B,05/25/2026 00:58:49
TRF-0009,Abha-City,229.82,193.58,60.1,44.49,48.2,NORMAL,B,25-05-2026 00:58
TRF-0010,Tabuk-Center,225.52,454.69,59.94,102.54,39.0,NORMAL,B,25-05-2026 00:58
TRF-0001,Riyadh-North,227.19,465.21,59.94,105.69,64.5,NORMAL,A,25-05-2026 00:58
TRF-0002,Riyadh-East,236.11,440.11,60.18,103.91,61.9,NORMAL,A,05/25/2026 00:58:49
TRF-0003,Jeddah-Main,239.9,479.04,60.2,114.92,54.0,NORMAL,B,2026/05/25 00:58:49
TRF-0004,Jeddah-Industrial,237.78,174.83,59.87,41.57,58.3,NORMAL,C,2026/05/25 00:58:49
TRF-0005,Dammam-Central,-230,124.38,59.89,29.48,43.0,NORMAL,C,20260525T005849
TRF-0006,Dammam-Port,237.29,220.67,60.16,52.36,64.6,NORMAL,B,2026/05/25 00:58:49
TRF-0007,Mecca-Haram,224.87,373.35,60.08,83.96,61.4,NORMAL,C,25-05-2026 00:58
TRF-0008,Medina-Central,238.35,412.15,59.83,98.24,43.1,NORMAL,B,20260525T005849
TRF-0009,Abha-City,236.46,497.44,60.17,117.62,33.0,NORMAL,B,20260525T005849
TRF-0010,Tabuk-Center,224.95,250.98,60.16,56.46,50.8,NORMAL,B,05/25/2026 00:58:49
TRF-0001,Riyadh-North,227.83,204.64,59.9,46.62,53.8,NORMAL,B,05/25/2026 00:58:49
TRF-0002,Riyadh-East,232.48,398.5,60.0,92.64,40.3,NORMAL,B,2026/05/25 00:58:49
TRF-0003,Jeddah-Main,230.2,433.33,59.82,99.75,45.8,NORMAL,A,25-05-2026 00:58
TRF-0004,Jeddah-Industrial,238.2,299.25,59.81,71.28,37.2,NORMAL,B,20260525T005849
TRF-0005,Dammam-Central,220.39,228.83,59.9,50.43,55.6,NORMAL,A,2026/05/25 00:58:49
TRF-0006,Dammam-Port,229.65,297.98,59.93,68.43,64.9,NORMAL,B,05/25/2026 00:58:49
TRF-0007,Mecca-Haram,239.65,275.35,60.0,65.99,41.6,NORMAL,B,2026-05-25 00:58:49
TRF-0008,Medina-Central,237.37,261.06,59.9,61.97,60.5,NORMAL,B,05/25/2026 00:58:49
TRF-0009,Abha-City,238.3,494.16,59.92,117.76,60.5,NORMAL,C,2026/05/25 00:58:49
TRF-0010,Tabuk-Center,237.37,298.15,59.86,70.77,57.5,NORMAL,C,2026-05-25 00:58:49
TRF-0001,Riyadh-North,221.13,469.35,60.06,103.79,52.1,NORMAL,C,25-05-2026 00:58
TRF-0002,Riyadh-East,226.31,101.86,60.16,23.05,40.7,NORMAL,A,2026-05-25 00:58:49
TRF-0003,Jeddah-Main,238.7,372.49,60.05,88.91,49.0,NORMAL,A,20260525T005849
TRF-0004,Jeddah-Industrial,238.66,170.95,60.13,40.8,54.0,NORMAL,B,05/25/2026 00:58:49
TRF-0005,Dammam-Central,234.78,313.86,59.98,73.69,30.2,NORMAL,C,2026/05/25 00:58:49
TRF-0006,Dammam-Port,231.46,263.18,60.06,60.92,51.9,NORMAL,A,2026-05-25 00:58:49
TRF-0007,Mecca-Haram,229.33,345.1,59.99,79.14,61.8,NORMAL,B,05/25/2026 00:58:49
TRF-0008,Medina-Central,226.56,316.45,60.11,71.69,61.6,NORMAL,C,2026-05-25 00:58:49
TRF-0009,Abha-City,238.15,187.06,60.14,44.55,60.2,NORMAL,B,05/25/2026 00:58:49
TRF-0010,Tabuk-Center,221.28,128.35,60.09,28.4,50.1,NORMAL,B,25-05-2026 00:58
TRF-0001,Riyadh-North,227.55,179.97,59.97,40.95,43.2,NORMAL,A,2026-05-25 00:58:49
TRF-0002,Riyadh-East,227.91,264.86,59.98,60.36,50.2,NORMAL,C,05/25/2026 00:58:49
TRF-0003,Jeddah-Main,224.87,111.17,59.84,25.0,55.8,NORMAL,B,2026/05/25 00:58:49
TRF-0004,Jeddah-Industrial,233.93,261.15,59.99,61.09,52.7,NORMAL,A,2026/05/25 00:58:49
TRF-0005,Dammam-Central,233.38,199.92,59.99,46.66,36.2,NORMAL,A,05/25/2026 00:58:49
TRF-0006,Dammam-Port,236.06,263.94,59.93,62.31,60.2,NORMAL,B,2026-05-25 00:58:49
TRF-0007,Mecca-Haram,228.99,498.02,59.92,114.04,54.1,NORMAL,B,2026-05-25 00:58:49
TRF-0008,Medina-Central,223.06,410.43,60.01,91.55,38.3,NORMAL,B,2026-05-25 00:58:49
TRF-0009,Abha-City,233.49,400.34,59.88,93.48,62.9,NORMAL,A,2026/05/25 00:58:49
TRF-0010,Tabuk-Center,230.13,294.24,60.15,67.71,60.3,NORMAL,B,20260525T005849
TRF-0001,Riyadh-North,222.84,325.27,60.19,72.48,58.9,NORMAL,A,05/25/2026 00:58:49
TRF-0002,Riyadh-East,230.68,420.09,60.0,96.91,51.9,NORMAL,A,2026-05-25 00:58:49
TRF-0003,Jeddah-Main,236.38,1021.88,59.91,268.37,102.0,OVERLOAD,B,20260525T005849
TRF-0004,Jeddah-Industrial,237.19,237.14,60.06,56.25,32.7,NORMAL,C,2026/05/25 00:58:49
TRF-0005,Dammam-Central,228.5,178.97,60.18,40.89,48.0,NORMAL,C,2026/05/25 00:58:49
TRF-0006,Dammam-Port,223.54,349.68,59.94,78.17,35.3,NORMAL,A,25-05-2026 00:58
TRF-0007,Mecca-Haram,227.63,176.53,60.07,40.18,40.2,NORMAL,B,2026/05/25 00:58:49
TRF-0007,Mecca-Haram,227.63,176.53,60.07,40.18,40.2,NORMAL,B,2026/05/25 00:58:49
TRF-0008,Medina-Central,228.48,188.62,59.91,43.1,40.8,NORMAL,A,2026/05/25 00:58:49
TRF-0009,Abha-City,235.4,364.28,60.14,85.75,42.4,NORMAL,B,20260525T005849
TRF-0010,Tabuk-Center,226.0,226.82,60.19,51.26,44.2,NORMAL,C,25-05-2026 00:58
TRF-0001,Riyadh-North,239.83,406.02,60.17,97.38,38.5,NORMAL,C,25-05-2026 00:58
TRF-0002,Riyadh-East,223.89,175.03,59.87,39.19,42.4,NORMAL,B,05/25/2026 00:58:49
TRF-0003,Jeddah-Main,230.77,314.09,60.17,72.48,50.1,NORMAL,C,20260525T005849
TRF-0004,Jeddah-Industrial,238.7,232.85,60.09,55.58,59.1,NORMAL,C,25-05-2026 00:58
TRF-0005,Dammam-Central,222.33,248.68,60.16,55.29,52.8,NORMAL,C,05/25/2026 00:58:49
TRF-0006,Dammam-Port,230.06,399.56,59.81,91.92,35.9,NORMAL,A,2026-05-25 00:58:49
TRF-0007,Mecca-Haram,231.17,357.86,59.83,82.73,43.7,NORMAL,B,2026/05/25 00:58:49
TRF-0008,Medina-Central,223.87,249.45,59.85,55.84,55.1,NORMAL,A,20260525T005849
TRF-0009,Abha-City,226.87,128.18,60.17,29.08,30.1,NORMAL,A,2026/05/25 00:58:49
TRF-0010,Tabuk-Center,227.67,369.54,59.98,84.13,36.9,NORMAL,B,2026/05/25 00:58:49
TRF-0001,Riyadh-North,229.83,421.3,59.87,96.83,57.8,NORMAL,C,20260525T005849
TRF-0002,Riyadh-East,226.22,103.35,59.84,23.38,62.2,NORMAL,A,05/25/2026 00:58:49
TRF-0003,Jeddah-Main,220.85,,60.18,35.18,44.7,NORMAL,B,25-05-2026 00:58
TRF-0004,Jeddah-Industrial,229.07,254.23,60.13,58.24,34.5,NORMAL,B,2026-05-25 00:58:49
TRF-0005,Dammam-Central,236.8,273.91,60.14,64.86,53.0,NORMAL,B,2026/05/25 00:58:49
TRF-0006,Dammam-Port,225.25,364.56,60.16,82.12,53.0,NORMAL,C,05/25/2026 00:58:49
TRF-0007,Mecca-Haram,224.51,394.37,60.11,88.54,56.9,NORMAL,C,05/25/2026 00:58:49
TRF-0007,Mecca-Haram,224.51,394.37,60.11,88.54,56.9,NORMAL,C,05/25/2026 00:58:49
TRF-0008,Medina-Central,237.0,174.22,59.93,41.29,49.9,NORMAL,C,25-05-2026 00:58
TRF-0009,Abha-City,225.33,277.16,59.93,62.45,43.1,NORMAL,B,05/25/2026 00:58:49
TRF-0010,Tabuk-Center,239.6,163.66,59.8,39.21,54.7,NORMAL,A,20260525T005849
TRF-0001,Riyadh-North,230.5,386.84,60.18,89.17,46.0,NORMAL,C,20260525T005849
TRF-0002,Riyadh-East,221.97,497.69,59.98,110.47,50.8,NORMAL,B,2026/05/25 00:58:49
TRF-0003,Jeddah-Main,224.05,498.73,59.85,111.74,57.3,NORMAL,B,2026/05/25 00:58:49
TRF-0004,Jeddah-Industrial,222.82,455.86,,101.57,38.5,NORMAL,C,2026/05/25 00:58:49
TRF-0005,Dammam-Central,221.23,431.39,60.0,95.44,64.6,NORMAL,C,20260525T005849
TRF-0006,Dammam-Port,227.44,276.12,59.94,62.8,47.6,NORMAL,A,05/25/2026 00:58:49
TRF-0007,Mecca-Haram,226.16,305.52,59.88,69.1,59.5,NORMAL,A,20260525T005849
TRF-0008,Medina-Central,223.07,360.63,60.09,80.45,31.8,NORMAL,C,2026/05/25 00:58:49
TRF-0009,Abha-City,234.79,185.52,60.08,43.56,46.8,NORMAL,C,05/25/2026 00:58:49
TRF-0010,Tabuk-Center,232.46,404.14,59.91,93.95,30.6,NORMAL,C,20260525T005849
TRF-0001,Riyadh-North,236.14,230.95,60.1,54.54,38.1,NORMAL,C,25-05-2026 00:58
TRF-0002,Riyadh-East,226.81,432.72,59.84,98.15,48.0,NORMAL,C,20260525T005849
TRF-0003,Jeddah-Main,224.37,205.29,60.11,46.06,39.4,NORMAL,A,05/25/2026 00:58:49
TRF-0004,Jeddah-Industrial,239.72,173.54,60.16,41.6,30.3,NORMAL,A,2026-05-25 00:58:49
TRF-0005,Dammam-Central,222.77,366.96,59.99,81.75,31.4,NORMAL,A,25-05-2026 00:58
TRF-0006,Dammam-Port,231.89,156.06,60.09,36.19,58.6,NORMAL,A,05/25/2026 00:58:49
TRF-0007,Mecca-Haram,234.08,245.85,59.93,57.55,61.7,NORMAL,B,2026/05/25 00:58:49
TRF-0008,Medina-Central,225.75,435.31,60.08,98.27,44.8,NORMAL,C,2026-05-25 00:58:49
TRF-0009,Abha-City,222.21,471.0,60.14,104.66,62.4,NORMAL,B,25-05-2026 00:58
TRF-0010,Tabuk-Center,236.28,123.15,60.09,29.1,64.1,NORMAL,A,25-05-2026 00:58
TRF-0001,Riyadh-North,223.62,106.04,59.99,23.71,40.0,NORMAL,B,05/25/2026 00:58:50
TRF-0002,Riyadh-East,223.08,147.21,60.15,32.84,43.5,NORMAL,A,25-05-2026 00:58
TRF-0003,Jeddah-Main,231.36,400.43,60.16,92.64,32.4,NORMAL,A,25-05-2026 00:58
TRF-0004,Jeddah-Industrial,230.74,161.35,60.19,37.23,54.4,NORMAL,C,05/25/2026 00:58:50
TRF-0005,Dammam-Central,233.85,213.44,59.86,49.91,32.5,NORMAL,C,05/25/2026 00:58:50
TRF-0006,Dammam-Port,239.74,159.45,60.1,38.23,35.1,NORMAL,B,25-05-2026 00:58
CORRUPTED_DATA_###!!!@@@@
TRF-0007,Mecca-Haram,233.28,321.49,60.05,75.0,35.6,NORMAL,A,2026-05-25 00:58:50
TRF-0008,Medina-Central,223.71,267.13,60.05,59.76,44.7,NORMAL,C,05/25/2026 00:58:50
TRF-0009,Abha-City,224.53,495.13,60.11,111.17,38.5,NORMAL,A,05/25/2026 00:58:50
TRF-0010,Tabuk-Center,223.1,143.1,60.14,31.93,47.4,NORMAL,A,20260525T005850
TRF-0001,Riyadh-North,223.7,273.94,59.92,61.28,30.8,NORMAL,B,20260525T005850
TRF-0002,Riyadh-East,232.68,437.53,60.12,101.8,49.8,NORMAL,C,20260525T005850
TRF-0003,Jeddah-Main,232.18,172.95,60.19,40.16,52.2,NORMAL,B,2026-05-25 00:58:50
TRF-0004,Jeddah-Industrial,238.49,194.57,60.0,46.4,56.0,NORMAL,A,25-05-2026 00:58
TRF-0005,Dammam-Central,234.0,398.08,60.19,93.15,57.5,NORMAL,B,20260525T005850
TRF-0006,Dammam-Port,238.13,237.59,59.88,56.58,39.6,NORMAL,C,05/25/2026 00:58:50
TRF-0007,Mecca-Haram,237.94,278.53,60.19,66.27,39.6,NORMAL,A,20260525T005850
TRF-0008,Medina-Central,228.69,281.26,60.19,64.32,35.0,NORMAL,B,25-05-2026 00:58
TRF-0009,Abha-City,222.55,198.15,59.83,44.1,43.4,NORMAL,A,25-05-2026 00:58
TRF-0010,Tabuk-Center,223.68,306.68,60.19,68.6,37.2,NORMAL,B,2026-05-25 00:58:50
TRF-0001,Riyadh-North,230.23,280.82,59.83,64.65,61.2,NORMAL,A,20260525T005850
TRF-0002,Riyadh-East,-230,168.74,59.83,37.83,36.4,NORMAL,C,25-05-2026 00:58
TRF-0003,Jeddah-Main,228.2,103.03,59.96,23.51,47.5,NORMAL,B,2026-05-25 00:58:50
TRF-0004,Jeddah-Industrial,235.63,377.75,59.95,89.01,48.2,NORMAL,A,05/25/2026 00:58:50
TRF-0005,Dammam-Central,231.16,335.05,59.82,77.45,63.3,NORMAL,B,20260525T005850
TRF-0006,Dammam-Port,231.07,167.49,60.19,38.7,37.4,NORMAL,B,05/25/2026 00:58:50
TRF-0007,Mecca-Haram,233.63,454.33,59.95,106.15,35.4,NORMAL,A,2026-05-25 00:58:50
TRF-0008,Medina-Central,239.04,175.0,59.91,41.83,47.9,NORMAL,A,25-05-2026 00:58
TRF-0009,Abha-City,233.33,251.41,60.04,58.66,36.1,NORMAL,B,2026-05-25 00:58:50
TRF-0010,Tabuk-Center,226.5,165.01,59.86,37.37,36.3,NORMAL,C,2026-05-25 00:58:50
TRF-0001,Riyadh-North,239.52,338.94,59.93,81.18,62.8,NORMAL,A,20260525T005850
TRF-0002,Riyadh-East,223.19,363.84,59.83,81.21,58.3,NORMAL,C,20260525T005850
TRF-0003,Jeddah-Main,238.42,449.95,60.03,107.28,61.0,NORMAL,A,05/25/2026 00:58:50
TRF-0004,Jeddah-Industrial,225.8,329.63,59.82,74.43,49.1,NORMAL,B,25-05-2026 00:58
TRF-0005,Dammam-Central,225.36,121.88,59.8,27.47,48.0,NORMAL,A,05/25/2026 00:58:50
TRF-0006,Dammam-Port,237.04,228.91,59.96,54.26,45.2,NORMAL,B,05/25/2026 00:58:50
TRF-0007,Mecca-Haram,232.6,175.67,60.2,40.86,250.0,OVERHEAT,B,2026/05/25 00:58:50
TRF-0008,Medina-Central,227.34,214.71,59.9,48.81,47.8,NORMAL,A,05/25/2026 00:58:50
TRF-0009,Abha-City,229.96,162.17,59.8,37.29,59.8,NORMAL,B,2026/05/25 00:58:50
TRF-0010,Tabuk-Center,221.81,245.77,59.91,54.51,31.2,NORMAL,A,20260525T005850
TRF-0001,Riyadh-North,235.18,276.87,59.83,65.11,39.8,NORMAL,B,05/25/2026 00:58:50
TRF-0002,Riyadh-East,225.98,445.43,59.82,100.66,35.2,NORMAL,B,20260525T005850
TRF-0003,Jeddah-Main,231.18,401.62,59.96,92.85,63.7,NORMAL,C,2026-05-25 00:58:50
TRF-0004,Jeddah-Industrial,227.23,168.5,59.92,38.29,34.7,NORMAL,C,05/25/2026 00:58:50
TRF-0005,Dammam-Central,232.71,405.39,59.92,94.34,51.4,NORMAL,A,25-05-2026 00:58
TRF-0006,Dammam-Port,237.17,147.66,60.12,35.02,36.3,NORMAL,C,2026-05-25 00:58:50
TRF-0007,Mecca-Haram,232.66,349.4,60.0,81.29,56.9,NORMAL,A,2026/05/25 00:58:50
TRF-0008,Medina-Central,235.18,140.18,60.04,32.97,41.7,NORMAL,A,20260525T005850
TRF-0009,Abha-City,226.96,245.05,60.09,55.62,30.0,NORMAL,A,2026-05-25 00:58:50
TRF-0009,Abha-City,226.96,245.05,60.09,55.62,30.0,NORMAL,A,2026-05-25 00:58:50
TRF-0010,Tabuk-Center,233.19,149.77,49.85,34.92,57.3,FREQ_DRIFT,B,05/25/2026 00:58:50
TRF-0001,Riyadh-North,239.65,374.47,60.09,89.74,38.1,NORMAL,A,05/25/2026 00:58:50
TRF-0002,Riyadh-East,239.14,104.22,59.87,24.92,52.8,NORMAL,A,25-05-2026 00:58
TRF-0003,Jeddah-Main,227.74,361.47,59.92,82.32,42.2,NORMAL,C,2026/05/25 00:58:50
TRF-0004,Jeddah-Industrial,230.59,273.64,59.83,63.1,62.7,NORMAL,C,05/25/2026 00:58:50
TRF-0005,Dammam-Central,221.36,469.31,60.06,103.89,31.2,NORMAL,C,05/25/2026 00:58:50
TRF-0006,Dammam-Port,227.4,323.27,59.95,73.51,62.1,NORMAL,A,20260525T005850
TRF-0007,Mecca-Haram,221.12,261.2,59.83,57.76,64.0,NORMAL,A,25-05-2026 00:58
TRF-0008,Medina-Central,223.54,484.9,60.02,108.39,52.2,NORMAL,B,2026-05-25 00:58:50
TRF-0009,Abha-City,225.47,256.43,59.8,57.82,50.0,NORMAL,C,05/25/2026 00:58:50
TRF-0010,Tabuk-Center,238.29,156.2,60.12,37.22,42.9,NORMAL,B,2026/05/25 00:58:50
TRF-0001,Riyadh-North,223.32,207.27,59.81,46.29,47.7,NORMAL,A,20260525T005850
TRF-0002,Riyadh-East,226.27,223.1,60.13,50.48,53.7,NORMAL,C,2026-05-25 00:58:50
TRF-0003,Jeddah-Main,232.08,334.34,59.94,77.59,37.7,NORMAL,A,05/25/2026 00:58:50
TRF-0004,Jeddah-Industrial,223.4,448.89,60.07,100.28,60.9,NORMAL,C,05/25/2026 00:58:50
TRF-0005,Dammam-Central,239.17,247.82,60.06,59.27,60.7,NORMAL,B,05/25/2026 00:58:50
TRF-0006,Dammam-Port,231.8,374.49,60.17,86.81,47.9,NORMAL,C,2026-05-25 00:58:50
TRF-0007,Mecca-Haram,239.99,265.57,59.95,63.73,53.7,NORMAL,A,2026-05-25 00:58:50
TRF-0008,Medina-Central,226.35,435.99,60.15,98.69,55.4,NORMAL,B,2026/05/25 00:58:50
TRF-0009,Abha-City,239.23,136.51,60.11,32.66,49.6,NORMAL,C,20260525T005850
TRF-0010,Tabuk-Center,231.69,153.38,59.86,35.54,37.4,NORMAL,A,05/25/2026 00:58:50
TRF-0001,Riyadh-North,235.3,302.47,59.96,71.17,47.3,NORMAL,A,2026-05-25 00:58:50
TRF-0002,Riyadh-East,237.06,249.4,59.96,59.12,45.5,NORMAL,A,05/25/2026 00:58:50
TRF-0003,Jeddah-Main,231.41,482.65,60.18,111.69,52.9,NORMAL,B,2026/05/25 00:58:50

TRF-0004,Jeddah-Industrial,233.28,136.15,60.19,31.76,55.3,NORMAL,B,2026/05/25 00:58:50
TRF-0005,Dammam-Central,231.51,144.4,60.05,33.43,63.0,NORMAL,B,20260525T005850
TRF-0006,Dammam-Port,224.32,402.53,59.82,90.3,42.8,NORMAL,B,2026/05/25 00:58:50
TRF-0007,Mecca-Haram,221.12,395.71,59.91,87.5,41.8,NORMAL,A,2026/05/25 00:58:50
TRF-0008,Medina-Central,237.93,422.71,59.92,100.58,57.7,NORMAL,B,05/25/2026 00:58:50
TRF-0009,Abha-City,230.64,384.99,60.0,88.79,44.3,NORMAL,B,2026-05-25 00:58:50
TRF-0010,Tabuk-Center,220.9,119.38,60.16,26.37,44.4,NORMAL,B,2026/05/25 00:58:50
TRF-0001,Riyadh-North,230.27,307.66,60.16,70.84,45.9,NORMAL,C,20260525T005850
TRF-0002,Riyadh-East,233.36,388.29,59.81,90.61,30.5,NORMAL,A,25-05-2026 00:58
TRF-0003,Jeddah-Main,225.91,222.74,60.03,50.32,59.1,NORMAL,B,05/25/2026 00:58:50
TRF-0004,Jeddah-Industrial,225.64,303.79,59.91,68.55,43.8,NORMAL,B,2026-05-25 00:58:50
TRF-0005,Dammam-Central,220.32,439.09,59.86,96.74,55.7,NORMAL,A,25-05-2026 00:58
TRF-0006,Dammam-Port,227.11,362.71,59.9,82.38,61.6,NORMAL,C,25-05-2026 00:58
TRF-0007,Mecca-Haram,226.08,286.78,60.17,64.84,36.3,NORMAL,B,05/25/2026 00:58:50
TRF-0008,Medina-Central,225.21,245.13,51.76,55.21,50.0,FREQ_DRIFT,A,2026/05/25 00:58:50
TRF-0009,Abha-City,235.68,284.49,59.89,67.05,42.1,NORMAL,C,2026/05/25 00:58:50
TRF-0010,Tabuk-Center,229.07,115.41,59.96,26.44,37.6,NORMAL,B,25-05-2026 00:58
TRF-0001,Riyadh-North,227.76,319.59,59.97,72.79,35.9,NORMAL,B,05/25/2026 00:58:50
TRF-0002,Riyadh-East,222.71,248.71,60.1,55.39,47.6,NORMAL,A,05/25/2026 00:58:50
TRF-0003,Jeddah-Main,227.63,318.93,60.07,72.6,61.8,NORMAL,B,20260525T005850
TRF-0004,Jeddah-Industrial,233.94,382.54,48.65,89.49,64.8,FREQ_DRIFT,B,25-05-2026 00:58
TRF-0005,Dammam-Central,229.61,412.22,59.96,94.65,53.5,NORMAL,B,20260525T005850
TRF-0006,Dammam-Port,223.33,173.73,59.82,38.8,52.2,NORMAL,A,2026-05-25 00:58:50
TRF-0007,Mecca-Haram,226.22,421.08,60.08,95.26,61.7,NORMAL,B,25-05-2026 00:58
TRF-0008,Medina-Central,230.13,106.72,59.93,24.56,45.0,NORMAL,C,25-05-2026 00:58
TRF-0009,Abha-City,234.98,347.89,60.19,81.75,64.1,NORMAL,C,2026-05-25 00:58:50
TRF-0010,Tabuk-Center,233.19,452.42,60.08,105.5,37.1,NORMAL,B,2026/05/25 00:58:50
TRF-0001,Riyadh-North,235.37,332.43,59.87,78.24,48.7,NORMAL,A,05/25/2026 00:58:50
TRF-0002,Riyadh-East,225.85,371.38,60.19,83.88,48.6,NORMAL,C,2026/05/25 00:58:50
TRF-0003,Jeddah-Main,234.43,367.62,60.03,86.18,60.4,NORMAL,C,2026/05/25 00:58:50
TRF-0004,Jeddah-Industrial,238.01,136.7,59.94,32.54,52.3,NORMAL,C,05/25/2026 00:58:50
TRF-0005,Dammam-Central,237.07,384.49,60.12,91.15,42.3,NORMAL,C,25-05-2026 00:58
TRF-0006,Dammam-Port,225.58,167.02,60.07,37.68,50.8,NORMAL,C,05/25/2026 00:58:50
TRF-0007,Mecca-Haram,228.77,343.24,59.84,78.52,37.9,NORMAL,B,05/25/2026 00:58:50
TRF-0008,Medina-Central,225.35,310.45,59.96,69.96,30.1,NORMAL,C,2026/05/25 00:58:50
TRF-0009,Abha-City,,224.96,60.1,53.65,50.5,NORMAL,B,2026-05-25 00:58:50
TRF-0010,Tabuk-Center,222.33,494.45,59.97,109.93,40.1,NORMAL,B,20260525T005850
TRF-0001,Riyadh-North,228.26,481.63,59.89,109.94,55.7,NORMAL,B,20260525T005850
TRF-0002,Riyadh-East,227.38,153.81,59.94,34.97,34.8,NORMAL,C,25-05-2026 00:58
TRF-0003,Jeddah-Main,236.22,447.85,60.06,105.79,48.9,NORMAL,C,2026-05-25 00:58:50
TRF-0004,Jeddah-Industrial,222.47,360.17,60.12,80.13,31.3,NORMAL,A,20260525T005850
TRF-0005,Dammam-Central,235.68,307.32,59.92,72.43,53.3,NORMAL,C,20260525T005850
TRF-0006,Dammam-Port,225.05,184.03,60.16,41.42,31.6,NORMAL,A,20260525T005850
TRF-0007,Mecca-Haram,239.27,154.65,59.87,37.0,46.9,NORMAL,B,25-05-2026 00:58
TRF-0008,Medina-Central,221.7,460.09,60.14,102.0,62.7,NORMAL,C,2026-05-25 00:58:50
TRF-0009,Abha-City,239.3,303.93,59.88,72.73,52.7,NORMAL,A,2026-05-25 00:58:50
TRF-0010,Tabuk-Center,230.6,202.69,60.01,46.74,48.1,NORMAL,B,05/25/2026 00:58:50
TRF-0001,Riyadh-North,225.75,276.3,59.99,62.37,48.8,NORMAL,B,25-05-2026 00:58
TRF-0002,Riyadh-East,230.68,344.64,59.86,79.5,48.9,NORMAL,C,20260525T005850
TRF-0003,Jeddah-Main,238.33,270.4,60.19,64.44,41.5,NORMAL,C,05/25/2026 00:58:50
TRF-0004,Jeddah-Industrial,233.0,253.37,59.85,59.04,55.6,NORMAL,C,2026/05/25 00:58:50
TRF-0005,Dammam-Central,227.24,206.89,60.11,47.01,42.4,NORMAL,A,05/25/2026 00:58:50
TRF-0006,Dammam-Port,235.91,292.91,60.0,69.1,30.2,NORMAL,C,2026-05-25 00:58:50
TRF-0007,Mecca-Haram,238.15,481.76,59.92,114.73,51.5,NORMAL,A,2026/05/25 00:58:50
TRF-0008,Medina-Central,225.44,240.47,60.18,54.21,42.8,NORMAL,B,25-05-2026 00:58
TRF-0009,Abha-City,227.2,198.71,59.88,45.15,32.0,NORMAL,A,05/25/2026 00:58:50
TRF-0010,Tabuk-Center,233.21,329.95,59.94,76.95,42.7,NORMAL,B,05/25/2026 00:58:50
TRF-0001,Riyadh-North,225.2,370.1,59.87,83.35,55.4,NORMAL,A,05/25/2026 00:58:50
TRF-0002,Riyadh-East,234.61,327.7,60.08,76.88,52.7,NORMAL,C,20260525T005850
TRF-0003,Jeddah-Main,235.34,1034.85,59.84,238.61,96.6,OVERLOAD,A,05/25/2026 00:58:50
TRF-0004,Jeddah-Industrial,233.31,138.32,59.81,32.27,30.4,NORMAL,A,2026-05-25 00:58:50
TRF-0005,Dammam-Central,233.51,277.21,60.11,64.73,50.5,NORMAL,A,2026/05/25 00:58:50
TRF-0006,Dammam-Port,224.54,247.34,60.12,55.54,60.7,NORMAL,C,2026-05-25 00:58:50
TRF-0007,Mecca-Haram,225.9,188.41,60.03,,54.1,NORMAL,B,05/25/2026 00:58:50
TRF-0008,Medina-Central,229.63,194.09,59.95,44.57,57.4,NORMAL,C,2026-05-25 00:58:50
TRF-0009,Abha-City,225.35,403.2,60.07,90.86,31.4,NORMAL,C,20260525T005850
TRF-0010,Tabuk-Center,-230,329.07,59.95,76.48,48.2,NORMAL,A,20260525T005850
TRF-0001,Riyadh-North,235.87,191.06,60.16,45.07,55.7,NORMAL,C,2026-05-25 00:58:50
TRF-0002,Riyadh-East,228.05,327.91,60.16,74.78,31.0,NORMAL,B,25-05-2026 00:58
TRF-0003,Jeddah-Main,225.9,156.21,60.05,35.29,33.8,NORMAL,B,05/25/2026 00:58:50
TRF-0004,Jeddah-Industrial,221.88,448.34,59.98,99.48,60.4,NORMAL,A,2026-05-25 00:58:50
TRF-0005,Dammam-Central,228.09,131.21,60.07,29.93,45.9,NORMAL,C,25-05-2026 00:58
TRF-0006,Dammam-Port,228.16,200.61,59.88,45.77,54.7,NORMAL,A,25-05-2026 00:58
TRF-0007,Mecca-Haram,232.58,111.27,60.04,25.88,33.2,NORMAL,B,2026-05-25 00:58:50
TRF-0008,Medina-Central,221.41,100.77,59.97,22.31,40.5,NORMAL,A,05/25/2026 00:58:50
TRF-0009,Abha-City,232.15,226.75,60.04,52.64,55.8,NORMAL,B,2026/05/25 00:58:50
TRF-0010,Tabuk-Center,227.44,206.08,59.87,46.87,34.1,NORMAL,C,2026/05/25 00:58:50
TRF-0001,Riyadh-North,227.7,231.7,60.06,52.76,64.1,NORMAL,B,05/25/2026 00:58:50
TRF-0002,Riyadh-East,227.4,435.96,60.0,99.14,63.3,NORMAL,A,20260525T005850
TRF-0003,Jeddah-Main,231.35,193.74,60.16,44.82,32.3,NORMAL,A,05/25/2026 00:58:50
TRF-0004,Jeddah-Industrial,225.73,494.1,60.06,111.53,53.8,NORMAL,A,20260525T005850
TRF-0005,Dammam-Central,221.13,150.68,60.1,33.32,64.2,NORMAL,C,2026-05-25 00:58:50
TRF-0006,Dammam-Port,,173.65,60.02,40.91,53.6,NORMAL,A,20260525T005850
TRF-0007,Mecca-Haram,222.3,447.42,59.96,99.46,45.4,NORMAL,B,2026/05/25 00:58:50
TRF-0008,Medina-Central,238.23,405.06,60.18,96.5,36.7,NORMAL,B,2026/05/25 00:58:50
TRF-0008,Medina-Central,238.23,405.06,60.18,96.5,36.7,NORMAL,B,2026/05/25 00:58:50
TRF-0009,Abha-City,230.94,115.46,59.91,26.66,49.1,NORMAL,A,05/25/2026 00:58:50
TRF-0010,Tabuk-Center,238.1,471.32,59.91,112.22,40.7,NORMAL,B,20260525T005850
TRF-0001,Riyadh-North,224.18,112.27,60.07,25.17,40.1,NORMAL,A,2026-05-25 00:58:50
TRF-0002,Riyadh-East,237.3,421.15,60.06,99.94,31.5,NORMAL,A,25-05-2026 00:58
TRF-0003,Jeddah-Main,220.93,476.97,59.92,105.38,54.0,NORMAL,A,2026-05-25 00:58:50
TRF-0004,Jeddah-Industrial,234.47,120.84,59.93,28.33,52.4,NORMAL,B,2026/05/25 00:58:50
TRF-0005,Dammam-Central,220.46,237.68,60.1,52.4,61.1,NORMAL,A,05/25/2026 00:58:50
TRF-0006,Dammam-Port,221.4,146.04,59.99,32.33,32.8,NORMAL,B,2026/05/25 00:58:50
TRF-0007,Mecca-Haram,235.7,233.65,60.18,55.07,34.6,NORMAL,A,20260525T005850
TRF-0008,Medina-Central,222.44,483.71,59.91,107.6,39.7,NORMAL,A,2026/05/25 00:58:50
TRF-0009,Abha-City,233.38,285.33,59.94,66.59,43.1,NORMAL,A,25-05-2026 00:58
TRF-0010,Tabuk-Center,232.12,156.57,60.0,36.34,42.2,NORMAL,C,05/25/2026 00:58:50
TRF-0001,Riyadh-North,231.69,301.75,59.8,69.91,55.6,NORMAL,A,2026-05-25 00:58:50
TRF-0002,Riyadh-East,221.75,280.32,60.08,62.16,63.6,NORMAL,A,25-05-2026 00:58
TRF-0003,Jeddah-Main,230.49,430.9,60.07,99.32,34.0,NORMAL,C,2026-05-25 00:58:50
TRF-0004,Jeddah-Industrial,228.37,444.19,49.15,101.44,50.3,FREQ_DRIFT,C,20260525T005850
TRF-0005,Dammam-Central,,401.4,59.83,94.93,49.7,NORMAL,A,05/25/2026 00:58:50
TRF-0006,Dammam-Port,221.99,369.6,59.84,82.05,46.3,NORMAL,B,05/25/2026 00:58:50
TRF-0007,Mecca-Haram,226.19,170.39,60.14,38.54,40.8,NORMAL,C,2026/05/25 00:58:50
TRF-0008,Medina-Central,220.92,481.21,60.01,106.31,54.6,NORMAL,A,20260525T005850
TRF-0009,Abha-City,224.81,222.13,60.19,49.94,44.0,NORMAL,A,25-05-2026 00:58
TRF-0010,Tabuk-Center,234.69,323.85,60.15,76.0,38.8,NORMAL,A,2026-05-25 00:58:50
TRF-0001,Riyadh-North,238.26,231.48,60.11,55.15,36.6,NORMAL,C,25-05-2026 00:58
TRF-0002,Riyadh-East,221.24,265.65,59.99,58.77,40.3,NORMAL,C,2026-05-25 00:58:50
TRF-0003,Jeddah-Main,229.19,464.31,60.09,106.42,34.2,NORMAL,C,25-05-2026 00:58
TRF-0004,Jeddah-Industrial,225.98,212.61,60.04,48.05,48.0,NORMAL,C,2026-05-25 00:58:50
TRF-0005,Dammam-Central,233.02,498.75,60.01,,30.6,NORMAL,B,20260525T005850
TRF-0006,Dammam-Port,226.33,155.44,59.93,35.18,64.9,NORMAL,A,05/25/2026 00:58:50
TRF-0007,Mecca-Haram,236.53,478.93,59.96,113.28,35.5,NORMAL,C,2026-05-25 00:58:50
TRF-0008,Medina-Central,233.03,239.93,60.05,55.91,53.6,NORMAL,A,20260525T005850
TRF-0009,Abha-City,233.14,498.72,60.05,116.27,38.1,NORMAL,A,2026-05-25 00:58:50
TRF-0010,Tabuk-Center,230.59,141.22,60.02,32.56,41.6,NORMAL,B,20260525T005850
TRF-0001,Riyadh-North,232.71,292.95,59.98,68.17,31.5,NORMAL,C,05/25/2026 00:58:51
TRF-0002,Riyadh-East,226.1,427.58,59.81,96.68,41.8,NORMAL,C,05/25/2026 00:58:51
TRF-0003,Jeddah-Main,235.48,427.61,60.18,100.69,32.1,NORMAL,C,05/25/2026 00:58:51
TRF-0004,Jeddah-Industrial,228.09,484.29,59.89,110.46,34.3,NORMAL,B,05/25/2026 00:58:51
TRF-0005,Dammam-Central,234.99,446.16,60.05,104.84,49.6,NORMAL,A,20260525T005851
TRF-0006,Dammam-Port,220.3,311.41,60.04,68.6,53.4,NORMAL,C,05/25/2026 00:58:51
TRF-0007,Mecca-Haram,223.69,,60.02,38.62,35.5,NORMAL,B,05/25/2026 00:58:51
TRF-0008,Medina-Central,235.31,496.23,59.89,,52.2,NORMAL,A,2026-05-25 00:58:51
TRF-0009,Abha-City,224.57,488.18,60.11,109.63,53.3,NORMAL,C,2026/05/25 00:58:51
TRF-0010,Tabuk-Center,221.39,387.96,59.99,85.89,64.0,NORMAL,C,25-05-2026 00:58
TRF-0001,Riyadh-North,232.45,321.28,60.08,74.68,50.9,NORMAL,A,20260525T005851
TRF-0002,Riyadh-East,237.92,401.44,60.02,95.51,60.6,NORMAL,A,2026/05/25 00:58:51
TRF-0003,Jeddah-Main,223.78,217.83,60.02,48.75,48.4,NORMAL,A,2026/05/25 00:58:51
TRF-0004,Jeddah-Industrial,221.01,325.07,59.97,71.84,47.7,NORMAL,C,25-05-2026 00:58
TRF-0005,Dammam-Central,229.23,420.67,59.97,96.43,37.7,NORMAL,C,2026/05/25 00:58:51
TRF-0006,Dammam-Port,230.48,479.95,64.97,110.62,50.1,FREQ_DRIFT,C,2026-05-25 00:58:51
TRF-0007,Mecca-Haram,229.78,348.31,60.04,80.03,55.1,NORMAL,B,05/25/2026 00:58:51
TRF-0008,Medina-Central,226.29,209.47,59.94,47.4,39.1,NORMAL,B,05/25/2026 00:58:51
SENSOR_ERROR_0xFFA2
TRF-0009,Abha-City,220.51,259.48,59.97,57.22,59.4,NORMAL,C,2026/05/25 00:58:51
TRF-0010,Tabuk-Center,-230,287.81,59.96,68.08,37.7,NORMAL,A,2026-05-25 00:58:51
TRF-0001,Riyadh-North,238.64,482.06,59.99,115.04,31.8,NORMAL,C,20260525T005851
TRF-0002,Riyadh-East,231.95,209.45,60.07,48.58,61.9,NORMAL,C,25-05-2026 00:58
TRF-0003,Jeddah-Main,237.29,252.56,59.84,59.93,40.5,NORMAL,B,20260525T005851
TRF-0004,Jeddah-Industrial,234.16,273.29,59.98,63.99,40.6,NORMAL,A,2026/05/25 00:58:51
TRF-0005,Dammam-Central,231.04,206.74,60.12,47.77,41.6,NORMAL,B,2026/05/25 00:58:51
TRF-0006,Dammam-Port,227.3,305.82,59.82,69.51,54.3,NORMAL,C,2026/05/25 00:58:51
TRF-0007,Mecca-Haram,229.59,478.89,59.85,109.95,60.8,NORMAL,A,05/25/2026 00:58:51
TRF-0008,Medina-Central,221.17,482.27,59.98,,34.8,NORMAL,B,20260525T005851
TRF-0009,Abha-City,237.11,391.17,59.88,92.75,50.8,NORMAL,B,05/25/2026 00:58:51
TRF-0010,Tabuk-Center,237.32,382.34,60.01,90.74,35.1,NORMAL,C,05/25/2026 00:58:51
TRF-0001,Riyadh-North,224.76,168.8,60.04,37.94,42.4,NORMAL,B,25-05-2026 00:58
TRF-0002,Riyadh-East,221.92,373.12,59.95,82.8,30.3,NORMAL,C,05/25/2026 00:58:51
TRF-0003,Jeddah-Main,228.98,272.54,59.97,62.41,39.9,NORMAL,C,20260525T005851
TRF-0004,Jeddah-Industrial,230.39,225.86,60.06,52.04,250.0,OVERHEAT,C,2026-05-25 00:58:51
TRF-0005,Dammam-Central,226.33,200.25,60.05,45.32,31.4,NORMAL,A,25-05-2026 00:58
TRF-0006,Dammam-Port,227.63,260.06,60.15,59.2,50.3,NORMAL,A,25-05-2026 00:58
TRF-0007,Mecca-Haram,221.98,462.49,59.95,102.66,38.1,NORMAL,A,20260525T005851
TRF-0008,Medina-Central,229.21,483.03,59.94,110.72,53.9,NORMAL,B,20260525T005851
TRF-0009,Abha-City,238.24,151.51,60.13,36.1,38.2,NORMAL,A,05/25/2026 00:58:51
TRF-0010,Tabuk-Center,220.59,275.04,59.82,60.67,62.1,NORMAL,B,2026-05-25 00:58:51
TRF-0001,Riyadh-North,223.77,184.85,59.87,41.36,34.6,NORMAL,C,2026/05/25 00:58:51
TRF-0002,Riyadh-East,223.53,481.12,60.12,107.54,32.3,NORMAL,A,2026/05/25 00:58:51
TRF-0003,Jeddah-Main,221.44,487.29,60.06,107.91,59.5,NORMAL,C,05/25/2026 00:58:51
TRF-0004,Jeddah-Industrial,232.71,232.56,59.93,54.12,58.4,NORMAL,A,25-05-2026 00:58
TRF-0005,Dammam-Central,220.04,276.44,59.97,60.83,61.4,NORMAL,C,2026/05/25 00:58:51
TRF-0006,Dammam-Port,223.83,0.0,59.83,0.0,54.8,OUTAGE,C,05/25/2026 00:58:51
TRF-0007,Mecca-Haram,224.09,146.3,60.16,32.78,57.2,NORMAL,A,2026/05/25 00:58:51
TRF-0008,Medina-Central,226.86,329.68,60.13,74.79,63.6,NORMAL,A,25-05-2026 00:58
TRF-0009,Abha-City,224.57,239.37,59.9,53.76,49.1,NORMAL,C,05/25/2026 00:58:51
TRF-0010,Tabuk-Center,231.26,321.01,60.2,74.24,52.9,NORMAL,A,05/25/2026 00:58:51
TRF-0001,Riyadh-North,239.58,130.0,60.09,31.15,50.7,NORMAL,C,2026/05/25 00:58:51
TRF-0002,Riyadh-East,234.08,171.16,60.02,40.07,40.8,NORMAL,B,20260525T005851
TRF-0003,Jeddah-Main,236.06,111.93,60.13,26.42,60.2,NORMAL,A,20260525T005851
TRF-0004,Jeddah-Industrial,225.72,257.3,59.86,58.08,48.0,NORMAL,A,2026-05-25 00:58:51
TRF-0005,Dammam-Central,235.66,224.83,60.05,,42.1,NORMAL,A,20260525T005851
TRF-0006,Dammam-Port,220.93,128.58,60.14,28.41,51.0,NORMAL,B,25-05-2026 00:58
TRF-0007,Mecca-Haram,235.44,321.02,60.11,75.58,56.1,NORMAL,B,20260525T005851
TRF-0008,Medina-Central,237.02,312.67,60.12,74.11,47.7,NORMAL,B,05/25/2026 00:58:51
TRF-0009,Abha-City,229.89,264.88,60.08,60.89,47.3,NORMAL,A,25-05-2026 00:58
TRF-0010,Tabuk-Center,239.0,398.15,60.04,95.16,250.0,OVERHEAT,B,05/25/2026 00:58:51
TRF-0001,Riyadh-North,228.26,361.25,60.08,82.46,56.3,NORMAL,A,2026/05/25 00:58:51
TRF-0002,Riyadh-East,239.1,382.52,59.86,91.46,57.1,NORMAL,B,2026-05-25 00:58:51
TRF-0003,Jeddah-Main,220.89,345.97,60.13,76.42,37.9,NORMAL,C,20260525T005851
TRF-0004,Jeddah-Industrial,239.68,150.55,59.88,36.08,56.3,NORMAL,A,20260525T005851
TRF-0005,Dammam-Central,222.94,440.36,60.1,98.17,36.9,NORMAL,B,2026/05/25 00:58:51
TRF-0006,Dammam-Port,233.27,218.45,60.02,50.96,32.3,NORMAL,B,25-05-2026 00:58
TRF-0007,Mecca-Haram,228.92,125.73,59.88,28.78,58.6,NORMAL,A,25-05-2026 00:58
TRF-0008,Medina-Central,239.93,125.45,59.8,30.1,49.7,NORMAL,C,2026/05/25 00:58:51
TRF-0009,Abha-City,237.48,451.76,59.86,107.28,43.5,NORMAL,A,2026/05/25 00:58:51
TRF-0010,Tabuk-Center,226.51,264.97,59.86,60.02,40.9,NORMAL,B,25-05-2026 00:58
TRF-0001,Riyadh-North,232.85,136.24,60.03,31.72,59.9,NORMAL,B,25-05-2026 00:58
TRF-0002,Riyadh-East,222.79,233.79,60.0,52.09,50.0,NORMAL,B,20260525T005851
TRF-0003,Jeddah-Main,239.99,479.73,60.1,115.13,36.3,NORMAL,B,05/25/2026 00:58:51
TRF-0004,Jeddah-Industrial,236.75,190.86,60.14,45.19,63.7,NORMAL,C,2026/05/25 00:58:51
TRF-0005,Dammam-Central,221.28,316.43,59.89,70.02,36.4,NORMAL,C,05/25/2026 00:58:51
TRF-0006,Dammam-Port,233.9,306.28,59.98,71.64,43.6,NORMAL,B,25-05-2026 00:58
TRF-0007,Mecca-Haram,238.94,380.11,59.82,90.82,60.7,NORMAL,A,05/25/2026 00:58:51
TRF-0008,Medina-Central,233.34,451.24,69.62,105.29,44.0,FREQ_DRIFT,A,2026/05/25 00:58:51
TRF-0009,Abha-City,222.51,114.74,59.87,25.53,50.1,NORMAL,C,25-05-2026 00:58
TRF-0010,Tabuk-Center,230.9,115.1,59.89,26.58,42.4,NORMAL,C,20260525T005851
TRF-0001,Riyadh-North,221.82,488.32,60.12,108.32,35.8,NORMAL,C,2026-05-25 00:58:51
TRF-0002,Riyadh-East,238.29,246.53,59.95,58.75,57.1,NORMAL,A,25-05-2026 00:58
TRF-0003,Jeddah-Main,236.9,166.71,59.97,39.49,41.9,NORMAL,A,2026-05-25 00:58:51
TRF-0004,Jeddah-Industrial,221.58,215.81,60.18,47.82,42.4,NORMAL,B,20260525T005851
TRF-0005,Dammam-Central,224.06,375.77,59.85,84.2,63.7,NORMAL,B,2026/05/25 00:58:51
TRF-0006,Dammam-Port,229.64,262.52,60.17,60.29,34.3,NORMAL,C,25-05-2026 00:58
TRF-0007,Mecca-Haram,227.25,382.78,59.84,86.99,58.6,NORMAL,A,25-05-2026 00:58
TRF-0008,Medina-Central,230.84,383.28,59.91,88.48,55.3,NORMAL,A,25-05-2026 00:58
TRF-0009,Abha-City,224.2,390.68,60.16,87.59,33.2,NORMAL,A,20260525T005851
TRF-0010,Tabuk-Center,239.72,495.34,59.95,118.74,33.3,NORMAL,C,05/25/2026 00:58:51
TRF-0001,Riyadh-North,220.22,406.08,60.18,89.43,39.1,NORMAL,C,2026-05-25 00:58:51
TRF-0002,Riyadh-East,221.79,159.53,59.82,35.38,33.3,NORMAL,C,05/25/2026 00:58:51
TRF-0003,Jeddah-Main,235.1,323.82,59.83,76.13,47.8,NORMAL,B,25-05-2026 00:58
TRF-0004,Jeddah-Industrial,226.43,323.37,60.11,73.22,42.3,NORMAL,A,2026/05/25 00:58:51
TRF-0005,Dammam-Central,239.46,167.95,60.01,40.22,39.1,NORMAL,B,20260525T005851
TRF-0006,Dammam-Port,225.87,213.49,60.17,48.22,41.6,NORMAL,A,25-05-2026 00:58
TRF-0007,Mecca-Haram,232.13,290.86,59.94,67.52,57.8,NORMAL,A,2026-05-25 00:58:51
TRF-0008,Medina-Central,231.96,128.84,59.84,29.89,53.9,NORMAL,A,2026/05/25 00:58:51
TRF-0009,Abha-City,221.19,217.77,59.9,48.17,61.6,NORMAL,B,2026/05/25 00:58:51
TRF-0010,Tabuk-Center,237.64,135.2,60.04,32.13,46.4,NORMAL,B,2026/05/25 00:58:51
TRF-0001,Riyadh-North,227.46,1076.95,60.18,298.9,116.9,OVERLOAD,C,20260525T005851
TRF-0002,Riyadh-East,226.6,280.74,60.04,63.62,46.9,NORMAL,B,05/25/2026 00:58:51
TRF-0003,Jeddah-Main,234.38,256.76,60.13,60.18,54.0,NORMAL,A,05/25/2026 00:58:51
TRF-0004,Jeddah-Industrial,224.73,486.4,59.97,109.31,64.4,NORMAL,A,2026/05/25 00:58:51
TRF-0005,Dammam-Central,231.1,187.42,59.86,43.31,38.9,NORMAL,B,2026-05-25 00:58:51
TRF-0006,Dammam-Port,229.1,246.65,59.92,56.51,53.4,NORMAL,A,2026/05/25 00:58:51
TRF-0007,Mecca-Haram,229.1,200.62,59.85,45.96,44.0,NORMAL,A,2026/05/25 00:58:51
TRF-0008,Medina-Central,222.52,489.25,60.11,108.87,50.2,NORMAL,A,25-05-2026 00:58
TRF-0009,Abha-City,230.02,412.93,59.92,94.98,64.6,NORMAL,C,20260525T005851
TRF-0010,Tabuk-Center,223.02,265.1,59.86,59.12,58.9,NORMAL,C,2026/05/25 00:58:51
TRF-0001,Riyadh-North,224.45,141.04,59.86,31.66,30.8,NORMAL,B,05/25/2026 00:58:51
TRF-0002,Riyadh-East,230.26,364.53,60.03,83.94,61.5,NORMAL,C,05/25/2026 00:58:51
TRF-0003,Jeddah-Main,222.8,169.15,59.88,37.69,60.5,NORMAL,B,25-05-2026 00:58
TRF-0004,Jeddah-Industrial,221.18,352.99,59.83,78.07,31.6,NORMAL,A,25-05-2026 00:58
TRF-0005,Dammam-Central,226.53,340.75,59.9,77.19,31.6,NORMAL,B,20260525T005851
TRF-0006,Dammam-Port,239.83,115.93,60.03,27.8,39.7,NORMAL,A,25-05-2026 00:58
TRF-0007,Mecca-Haram,226.5,221.22,59.98,50.11,58.0,NORMAL,C,2026/05/25 00:58:51
TRF-0008,Medina-Central,226.11,146.87,60.1,33.21,51.3,NORMAL,B,2026/05/25 00:58:51
TRF-0009,Abha-City,223.37,456.3,59.81,101.92,49.4,NORMAL,C,25-05-2026 00:58
TRF-0010,Tabuk-Center,230.88,307.91,59.84,71.09,60.3,NORMAL,A,25-05-2026 00:58
TRF-0001,Riyadh-North,234.87,476.07,59.83,111.81,54.7,NORMAL,C,05/25/2026 00:58:51
TRF-0002,Riyadh-East,230.65,310.3,59.81,71.57,47.5,NORMAL,C,2026/05/25 00:58:51
TRF-0003,Jeddah-Main,236.57,293.76,60.0,69.49,55.3,NORMAL,B,2026-05-25 00:58:51
TRF-0004,Jeddah-Industrial,220.92,139.06,59.81,30.72,62.7,NORMAL,A,05/25/2026 00:58:51
TRF-0005,Dammam-Central,228.94,381.34,60.13,87.3,49.0,NORMAL,A,20260525T005851
TRF-0006,Dammam-Port,232.15,277.0,60.16,64.31,57.4,NORMAL,B,20260525T005851
TRF-0007,Mecca-Haram,227.2,481.5,48.3,109.4,64.7,FREQ_DRIFT,B,2026/05/25 00:58:51
TRF-0008,Medina-Central,230.78,351.24,59.81,81.06,62.9,NORMAL,B,2026-05-25 00:58:51
TRF-0009,Abha-City,229.41,496.52,60.01,113.91,35.3,NORMAL,B,25-05-2026 00:58
TRF-0010,Tabuk-Center,228.73,401.63,60.01,91.86,32.2,NORMAL,C,05/25/2026 00:58:51
TRF-0001,Riyadh-North,223.93,103.78,59.81,23.24,52.3,NORMAL,C,20260525T005851
TRF-0002,Riyadh-East,225.1,117.44,59.89,26.44,58.1,NORMAL,B,2026-05-25 00:58:51
TRF-0003,Jeddah-Main,238.48,329.27,60.07,78.52,60.0,NORMAL,B,20260525T005851
TRF-0004,Jeddah-Industrial,239.18,276.57,59.87,66.15,50.4,NORMAL,A,2026/05/25 00:58:51
TRF-0005,Dammam-Central,234.64,273.45,59.83,64.16,55.1,NORMAL,C,20260525T005851
TRF-0006,Dammam-Port,223.81,346.62,60.01,77.58,54.1,NORMAL,C,05/25/2026 00:58:51
TRF-0007,Mecca-Haram,239.5,471.94,60.17,113.03,42.0,NORMAL,A,05/25/2026 00:58:51
TRF-0008,Medina-Central,230.52,382.05,60.07,88.07,30.7,NORMAL,C,2026-05-25 00:58:51
TRF-0009,Abha-City,226.76,260.82,60.09,59.14,61.6,NORMAL,C,2026/05/25 00:58:51
TRF-0010,Tabuk-Center,223.43,106.82,59.8,23.87,35.6,NORMAL,A,20260525T005851
TRF-0001,Riyadh-North,224.82,499.05,59.86,112.2,52.0,NORMAL,C,2026-05-25 00:58:51
TRF-0002,Riyadh-East,220.55,866.05,60.0,218.28,113.0,OVERLOAD,A,20260525T005851
TRF-0003,Jeddah-Main,230.75,241.52,60.07,55.73,35.2,NORMAL,B,25-05-2026 00:58
TRF-0003,Jeddah-Main,230.75,241.52,60.07,55.73,35.2,NORMAL,B,25-05-2026 00:58
TRF-0004,Jeddah-Industrial,233.93,223.91,59.89,52.38,46.7,NORMAL,B,25-05-2026 00:58
TRF-0005,Dammam-Central,233.01,484.38,59.95,112.87,43.5,NORMAL,A,05/25/2026 00:58:51
TRF-0006,Dammam-Port,233.39,462.21,60.03,107.88,57.9,NORMAL,B,25-05-2026 00:58
TRF-0007,Mecca-Haram,225.75,450.96,59.89,101.8,43.4,NORMAL,A,20260525T005851
TRF-0008,Medina-Central,233.27,113.27,59.88,26.42,55.0,NORMAL,A,2026-05-25 00:58:51
TRF-0009,Abha-City,230.22,423.37,59.8,97.47,56.1,NORMAL,C,25-05-2026 00:58
TRF-0010,Tabuk-Center,232.89,395.8,59.94,92.18,31.9,NORMAL,B,2026/05/25 00:58:51
TRF-0001,Riyadh-North,235.07,189.97,60.16,44.66,30.2,NORMAL,B,2026-05-25 00:58:51
TRF-0002,Riyadh-East,231.15,488.46,59.92,112.91,32.7,NORMAL,C,2026/05/25 00:58:51
TRF-0003,Jeddah-Main,227.68,106.5,59.93,24.25,42.8,NORMAL,C,2026/05/25 00:58:51
TRF-0004,Jeddah-Industrial,229.75,464.35,59.83,106.68,55.4,NORMAL,C,25-05-2026 00:58
TRF-0005,Dammam-Central,229.05,387.97,59.95,88.86,57.6,NORMAL,A,25-05-2026 00:58
TRF-0006,Dammam-Port,221.71,390.0,60.03,86.47,50.7,NORMAL,C,2026-05-25 00:58:51
TRF-0007,Mecca-Haram,224.68,142.47,59.93,32.01,50.0,NORMAL,A,20260525T005851
TRF-0008,Medina-Central,231.7,127.77,60.04,29.6,44.6,NORMAL,B,05/25/2026 00:58:51
TRF-0009,Abha-City,236.72,141.1,60.18,33.4,42.5,NORMAL,C,20260525T005851
TRF-0010,Tabuk-Center,222.64,431.31,60.15,96.03,39.4,NORMAL,A,2026/05/25 00:58:51
TRF-0001,Riyadh-North,239.36,367.2,59.88,87.89,37.5,NORMAL,A,2026-05-25 00:58:51
TRF-0002,Riyadh-East,232.67,149.75,59.89,34.84,31.6,NORMAL,A,2026/05/25 00:58:51
TRF-0003,Jeddah-Main,228.31,475.97,59.8,108.67,40.9,NORMAL,B,2026-05-25 00:58:51
TRF-0004,Jeddah-Industrial,229.8,366.14,59.98,84.14,34.2,NORMAL,A,25-05-2026 00:58
TRF-0005,Dammam-Central,238.31,111.51,60.08,26.57,33.4,NORMAL,C,25-05-2026 00:58
TRF-0006,Dammam-Port,237.86,499.89,59.86,118.9,44.2,NORMAL,B,20260525T005851
TRF-0007,Mecca-Haram,232.98,133.46,59.84,31.09,43.9,NORMAL,A,25-05-2026 00:58
TRF-0008,Medina-Central,220.29,322.73,59.83,71.09,43.5,NORMAL,A,25-05-2026 00:58
TRF-0009,Abha-City,223.77,339.69,59.88,76.01,36.8,NORMAL,A,20260525T005851
TRF-0010,Tabuk-Center,228.96,0.0,59.86,0.0,37.1,OUTAGE,B,05/25/2026 00:58:51
TRF-0001,Riyadh-North,231.68,227.6,60.17,52.73,47.5,NORMAL,A,25-05-2026 00:58
TRF-0002,Riyadh-East,236.25,204.98,60.13,48.43,45.7,NORMAL,A,25-05-2026 00:58
TRF-0003,Jeddah-Main,220.26,208.34,60.0,45.89,48.5,NORMAL,B,05/25/2026 00:58:51
TRF-0004,Jeddah-Industrial,238.32,434.88,60.16,103.64,43.1,NORMAL,B,2026/05/25 00:58:51
TRF-0005,Dammam-Central,223.73,444.68,59.97,99.49,49.1,NORMAL,C,2026/05/25 00:58:51
TRF-0006,Dammam-Port,221.6,0.0,60.0,0.0,37.9,OUTAGE,C,20260525T005851
TRF-0007,Mecca-Haram,228.5,397.93,59.92,90.93,45.5,NORMAL,C,20260525T005851
TRF-0008,Medina-Central,,439.29,60.11,99.24,51.2,NORMAL,C,2026/05/25 00:58:51
TRF-0009,Abha-City,231.69,250.23,60.08,,59.8,NORMAL,B,05/25/2026 00:58:51
TRF-0010,Tabuk-Center,221.15,338.34,59.91,74.82,46.9,NORMAL,B,2026-05-25 00:58:51
TRF-0001,Riyadh-North,229.92,357.12,59.91,82.11,39.1,NORMAL,C,05/25/2026 00:58:51
TRF-0002,Riyadh-East,239.65,363.06,60.03,87.01,53.2,NORMAL,A,2026/05/25 00:58:51
TRF-0003,Jeddah-Main,224.22,453.13,60.03,101.6,37.4,NORMAL,B,25-05-2026 00:58
TRF-0004,Jeddah-Industrial,228.07,278.76,59.91,63.58,48.0,NORMAL,B,20260525T005851
TRF-0005,Dammam-Central,223.53,287.65,60.03,64.3,48.4,NORMAL,A,05/25/2026 00:58:51
TRF-0006,Dammam-Port,236.24,410.58,60.04,97.0,37.9,NORMAL,B,25-05-2026 00:58
TRF-0007,Mecca-Haram,222.62,115.22,60.07,25.65,42.5,NORMAL,A,25-05-2026 00:58
TRF-0008,Medina-Central,225.52,147.78,59.91,33.33,40.8,NORMAL,B,2026-05-25 00:58:51
TRF-0009,Abha-City,228.17,101.17,59.88,23.08,46.1,NORMAL,C,2026-05-25 00:58:51
TRF-0010,Tabuk-Center,231.11,487.32,59.96,112.62,,NORMAL,A,05/25/2026 00:58:51
TRF-0001,Riyadh-North,225.64,195.54,59.98,44.12,62.9,NORMAL,C,2026-05-25 00:58:51
TRF-0002,Riyadh-East,230.37,277.19,60.15,63.86,33.7,NORMAL,A,2026-05-25 00:58:51
TRF-0003,Jeddah-Main,222.77,264.59,60.19,58.94,44.4,NORMAL,B,2026/05/25 00:58:51
TRF-0004,Jeddah-Industrial,223.46,175.6,59.85,39.24,49.9,NORMAL,B,2026/05/25 00:58:51
TRF-0005,Dammam-Central,220.81,376.4,59.85,83.11,60.0,NORMAL,B,20260525T005851
TRF-0006,Dammam-Port,226.87,115.62,,26.23,33.9,NORMAL,C,25-05-2026 00:58
TRF-0007,Mecca-Haram,231.74,272.77,59.95,63.21,63.6,NORMAL,C,2026-05-25 00:58:51
TRF-0008,Medina-Central,229.56,226.8,59.96,52.06,55.6,NORMAL,C,25-05-2026 00:58
TRF-0009,Abha-City,239.27,395.78,60.14,94.7,32.0,NORMAL,C,20260525T005851
TRF-0010,Tabuk-Center,227.59,153.18,59.81,34.86,42.0,NORMAL,A,25-05-2026 00:58
TRF-0001,Riyadh-North,226.73,464.43,60.06,105.3,42.7,NORMAL,B,2026-05-25 00:58:52
TRF-0002,Riyadh-East,226.25,123.24,59.99,27.88,54.1,NORMAL,A,05/25/2026 00:58:52
TRF-0003,Jeddah-Main,223.81,186.41,60.04,41.72,39.1,NORMAL,A,2026-05-25 00:58:52
TRF-0004,Jeddah-Industrial,236.7,332.21,60.08,78.63,33.8,NORMAL,A,2026-05-25 00:58:52
TRF-0005,Dammam-Central,225.31,211.21,60.04,47.59,48.2,NORMAL,B,20260525T005852
TRF-0006,Dammam-Port,238.28,375.99,60.03,89.59,36.1,NORMAL,A,2026-05-25 00:58:52
TRF-0007,Mecca-Haram,235.48,203.01,68.27,47.8,33.3,FREQ_DRIFT,C,20260525T005852
TRF-0008,Medina-Central,232.14,306.58,60.07,71.17,55.2,NORMAL,C,05/25/2026 00:58:52
TRF-0009,Abha-City,237.55,468.51,60.1,111.29,42.0,NORMAL,B,20260525T005852
TRF-0010,Tabuk-Center,235.43,324.46,60.05,76.39,47.0,NORMAL,C,25-05-2026 00:58
TRF-0001,Riyadh-North,233.85,395.36,59.96,92.45,47.8,NORMAL,A,2026-05-25 00:58:52
TRF-0002,Riyadh-East,228.49,438.97,60.04,100.3,59.3,NORMAL,A,25-05-2026 00:58
TRF-0003,Jeddah-Main,222.69,222.96,60.11,49.65,41.9,NORMAL,B,25-05-2026 00:58
TRF-0004,Jeddah-Industrial,226.12,183.68,59.99,41.53,57.0,NORMAL,C,2026/05/25 00:58:52
TRF-0005,Dammam-Central,222.95,254.6,60.16,56.76,51.7,NORMAL,C,2026/05/25 00:58:52
TRF-0006,Dammam-Port,224.52,243.99,60.15,54.78,30.0,NORMAL,B,20260525T005852
TRF-0007,Mecca-Haram,221.75,384.44,59.95,,39.4,NORMAL,B,25-05-2026 00:58
TRF-0008,Medina-Central,220.49,475.17,59.84,104.77,33.0,NORMAL,A,2026/05/25 00:58:52
TRF-0009,Abha-City,234.19,234.54,60.02,54.93,46.2,NORMAL,B,05/25/2026 00:58:52
TRF-0010,Tabuk-Center,229.55,380.07,60.16,87.25,53.2,NORMAL,C,20260525T005852
TRF-0001,Riyadh-North,225.78,242.29,59.83,54.7,33.5,NORMAL,B,20260525T005852
TRF-0002,Riyadh-East,221.04,475.28,60.19,105.06,30.5,NORMAL,A,2026-05-25 00:58:52
TRF-0003,Jeddah-Main,239.29,198.36,59.98,47.47,63.3,NORMAL,B,2026-05-25 00:58:52
TRF-0004,Jeddah-Industrial,238.85,463.19,60.09,110.63,43.3,NORMAL,B,05/25/2026 00:58:52
TRF-0005,Dammam-Central,239.97,299.95,60.12,71.98,46.2,NORMAL,C,2026/05/25 00:58:52
TRF-0006,Dammam-Port,234.58,143.37,59.8,33.63,52.3,NORMAL,C,2026/05/25 00:58:52
TRF-0007,Mecca-Haram,222.24,458.93,60.15,101.99,31.2,NORMAL,C,05/25/2026 00:58:52
TRF-0008,Medina-Central,228.49,201.82,60.19,46.11,48.2,NORMAL,B,20260525T005852
TRF-0009,Abha-City,220.91,435.94,59.89,96.3,64.7,NORMAL,C,2026-05-25 00:58:52
TRF-0010,Tabuk-Center,233.68,159.06,59.93,37.17,55.7,NORMAL,C,25-05-2026 00:58
TRF-0001,Riyadh-North,222.48,401.01,60.05,89.22,40.2,NORMAL,C,20260525T005852
TRF-0002,Riyadh-East,235.25,490.0,60.14,115.27,43.7,NORMAL,C,20260525T005852
TRF-0003,Jeddah-Main,238.49,368.2,60.0,87.81,58.7,NORMAL,A,25-05-2026 00:58
TRF-0004,Jeddah-Industrial,229.97,247.46,60.04,56.91,60.2,NORMAL,A,2026-05-25 00:58:52
TRF-0005,Dammam-Central,228.6,213.27,59.81,48.75,44.0,NORMAL,A,25-05-2026 00:58
TRF-0006,Dammam-Port,235.04,140.88,60.07,33.11,41.4,NORMAL,A,20260525T005852
TRF-0007,Mecca-Haram,229.75,225.09,60.15,51.71,49.4,NORMAL,B,2026-05-25 00:58:52
TRF-0008,Medina-Central,232.65,366.23,59.93,85.2,47.5,NORMAL,B,05/25/2026 00:58:52
TRF-0009,Abha-City,238.79,481.97,60.13,115.09,62.5,NORMAL,C,2026-05-25 00:58:52
TRF-0009,Abha-City,238.79,481.97,60.13,115.09,62.5,NORMAL,C,2026-05-25 00:58:52
TRF-0010,Tabuk-Center,223.69,255.23,60.2,57.09,54.2,NORMAL,A,25-05-2026 00:58
TRF-0001,Riyadh-North,238.56,267.82,59.9,63.89,63.7,NORMAL,A,2026/05/25 00:58:52
TRF-0002,Riyadh-East,-230,317.27,60.07,71.1,43.1,NORMAL,B,2026-05-25 00:58:52
TRF-0003,Jeddah-Main,227.86,292.64,59.85,66.68,54.5,NORMAL,C,2026/05/25 00:58:52
TRF-0004,Jeddah-Industrial,232.33,323.87,59.96,75.24,51.8,NORMAL,A,2026/05/25 00:58:52
TRF-0005,Dammam-Central,222.49,165.4,60.02,36.8,38.9,NORMAL,A,2026/05/25 00:58:52
TRF-0006,Dammam-Port,228.84,406.09,59.88,92.93,62.3,NORMAL,A,05/25/2026 00:58:52
TRF-0007,Mecca-Haram,226.7,841.76,60.14,258.05,113.8,OVERLOAD,A,05/25/2026 00:58:52
TRF-0008,Medina-Central,237.35,387.47,59.85,91.97,41.6,NORMAL,A,25-05-2026 00:58
TRF-0009,Abha-City,223.21,247.12,59.99,55.16,57.4,NORMAL,B,2026-05-25 00:58:52
TRF-0010,Tabuk-Center,237.07,148.55,59.9,35.22,38.3,NORMAL,B,25-05-2026 00:58
TRF-0001,Riyadh-North,220.58,299.88,60.16,66.15,59.3,NORMAL,A,2026-05-25 00:58:52
TRF-0002,Riyadh-East,222.12,155.18,60.12,34.47,40.2,NORMAL,A,05/25/2026 00:58:52
TRF-0003,Jeddah-Main,236.63,465.65,60.11,110.19,39.6,NORMAL,A,2026/05/25 00:58:52
TRF-0004,Jeddah-Industrial,237.92,248.08,59.98,59.02,54.2,NORMAL,A,25-05-2026 00:58
TRF-0005,Dammam-Central,235.58,111.18,59.93,26.19,47.9,NORMAL,B,20260525T005852
TRF-0006,Dammam-Port,232.84,210.6,59.91,49.04,58.2,NORMAL,A,05/25/2026 00:58:52
TRF-0007,Mecca-Haram,234.58,395.67,59.95,92.82,38.8,NORMAL,A,25-05-2026 00:58
TRF-0008,Medina-Central,224.74,408.46,59.86,91.8,43.0,NORMAL,C,25-05-2026 00:58
TRF-0009,Abha-City,237.98,276.07,60.15,65.7,30.8,NORMAL,C,2026/05/25 00:58:52
TRF-0010,Tabuk-Center,225.31,128.84,60.03,29.03,42.1,NORMAL,B,20260525T005852
TRF-0001,Riyadh-North,222.26,486.28,60.2,108.08,30.7,NORMAL,C,20260525T005852
TRF-0002,Riyadh-East,226.05,346.02,59.84,78.22,44.5,NORMAL,A,25-05-2026 00:58
TRF-0003,Jeddah-Main,232.01,423.29,60.07,98.21,32.9,NORMAL,C,2026/05/25 00:58:52
TRF-0004,Jeddah-Industrial,224.87,0.0,60.04,0.0,33.8,OUTAGE,B,20260525T005852
TRF-0005,Dammam-Central,235.8,433.21,59.88,102.15,53.6,NORMAL,C,2026-05-25 00:58:52
TRF-0006,Dammam-Port,220.08,296.9,59.81,65.34,59.8,NORMAL,B,20260525T005852
TRF-0007,Mecca-Haram,221.57,358.19,60.12,79.36,46.6,NORMAL,B,2026-05-25 00:58:52
TRF-0008,Medina-Central,239.6,120.71,59.84,28.92,40.3,NORMAL,C,25-05-2026 00:58
TRF-0009,Abha-City,230.09,197.89,59.98,45.53,44.6,NORMAL,B,2026/05/25 00:58:52
TRF-0010,Tabuk-Center,226.34,392.33,60.18,88.8,32.0,NORMAL,C,20260525T005852
TRF-0001,Riyadh-North,236.2,213.61,59.94,50.45,250.0,OVERHEAT,C,20260525T005852
TRF-0001,Riyadh-North,236.2,213.61,59.94,50.45,250.0,OVERHEAT,C,20260525T005852
TRF-0002,Riyadh-East,237.42,435.48,59.91,103.39,43.7,NORMAL,A,2026/05/25 00:58:52
TRF-0003,Jeddah-Main,238.96,139.82,60.11,33.41,60.5,NORMAL,C,05/25/2026 00:58:52
TRF-0004,Jeddah-Industrial,234.33,105.46,60.09,24.71,31.3,NORMAL,B,20260525T005852
TRF-0005,Dammam-Central,238.68,236.41,60.06,56.43,48.7,NORMAL,C,25-05-2026 00:58
TRF-0006,Dammam-Port,234.31,426.36,59.9,99.9,61.8,NORMAL,B,2026-05-25 00:58:52
TRF-0007,Mecca-Haram,230.2,218.59,59.81,50.32,40.4,NORMAL,C,2026-05-25 00:58:52
TRF-0008,Medina-Central,222.69,443.55,60.16,98.77,34.7,NORMAL,B,2026/05/25 00:58:52
TRF-0009,Abha-City,235.68,248.81,60.05,58.64,43.3,NORMAL,A,2026-05-25 00:58:52
TRF-0010,Tabuk-Center,220.69,403.26,60.18,89.0,63.5,NORMAL,B,20260525T005852
TRF-0001,Riyadh-North,227.52,138.89,60.17,31.6,64.8,NORMAL,A,25-05-2026 00:58
TRF-0002,Riyadh-East,234.24,438.3,59.84,102.67,31.9,NORMAL,C,05/25/2026 00:58:52
TRF-0003,Jeddah-Main,238.56,334.47,59.94,79.79,64.1,NORMAL,C,25-05-2026 00:58
TRF-0004,Jeddah-Industrial,223.78,150.7,59.85,33.72,33.3,NORMAL,A,2026-05-25 00:58:52
TRF-0005,Dammam-Central,220.76,267.13,60.13,58.97,35.6,NORMAL,B,05/25/2026 00:58:52
TRF-0006,Dammam-Port,232.85,411.03,47.28,95.71,59.5,FREQ_DRIFT,A,05/25/2026 00:58:52
TRF-0007,Mecca-Haram,220.14,233.15,59.82,51.33,55.7,NORMAL,B,25-05-2026 00:58
TRF-0008,Medina-Central,235.19,297.07,49.35,69.87,48.8,FREQ_DRIFT,A,2026/05/25 00:58:52
TRF-0009,Abha-City,230.49,421.91,60.12,97.25,35.4,NORMAL,B,2026/05/25 00:58:52
TRF-0010,Tabuk-Center,225.12,319.81,60.12,72.0,54.1,NORMAL,B,05/25/2026 00:58:52
TRF-0001,Riyadh-North,234.88,309.97,59.89,72.81,54.3,NORMAL,C,2026/05/25 00:58:52
TRF-0002,Riyadh-East,235.08,271.37,59.82,63.79,33.7,NORMAL,B,05/25/2026 00:58:52
TRF-0003,Jeddah-Main,234.46,401.22,60.12,94.07,46.4,NORMAL,B,2026-05-25 00:58:52
TRF-0004,Jeddah-Industrial,220.9,263.99,60.03,58.32,64.1,NORMAL,B,20260525T005852
TRF-0005,Dammam-Central,238.02,0.0,59.89,0.0,32.7,OUTAGE,A,05/25/2026 00:58:52
TRF-0006,Dammam-Port,234.83,105.36,59.97,24.74,53.3,NORMAL,A,20260525T005852
TRF-0007,Mecca-Haram,220.45,145.93,59.99,32.17,53.8,NORMAL,A,05/25/2026 00:58:52
TRF-0008,Medina-Central,238.8,421.56,59.89,100.67,48.0,NORMAL,A,2026/05/25 00:58:52
TRF-0009,Abha-City,233.28,143.75,59.8,33.53,41.0,NORMAL,A,2026-05-25 00:58:52
TRF-0010,Tabuk-Center,233.2,422.0,60.18,98.41,38.6,NORMAL,A,2026/05/25 00:58:52
TRF-0001,Riyadh-North,235.3,440.88,60.0,103.74,52.7,NORMAL,A,20260525T005852
TRF-0002,Riyadh-East,230.44,0.0,60.15,0.0,31.5,OUTAGE,B,2026/05/25 00:58:52
TRF-0003,Jeddah-Main,228.27,178.86,59.98,40.83,42.0,NORMAL,A,2026-05-25 00:58:52
TRF-0004,Jeddah-Industrial,235.3,347.75,60.13,81.83,42.7,NORMAL,B,25-05-2026 00:58
TRF-0005,Dammam-Central,227.32,123.96,59.97,28.18,48.0,NORMAL,C,2026/05/25 00:58:52
TRF-0006,Dammam-Port,222.79,340.19,59.89,75.79,53.9,NORMAL,B,25-05-2026 00:58
TRF-0007,Mecca-Haram,235.95,193.67,59.98,45.7,40.7,NORMAL,A,05/25/2026 00:58:52
TRF-0008,Medina-Central,233.34,199.58,59.85,46.57,38.1,NORMAL,A,25-05-2026 00:58
TRF-0009,Abha-City,235.52,481.82,59.98,113.48,39.8,NORMAL,A,2026/05/25 00:58:52
TRF-0010,Tabuk-Center,237.55,375.2,60.05,89.13,60.7,NORMAL,B,2026/05/25 00:58:52
TRF-0001,Riyadh-North,226.71,170.63,60.06,38.68,30.9,NORMAL,B,2026/05/25 00:58:52
TRF-0002,Riyadh-East,230.3,106.07,60.01,24.43,62.4,NORMAL,A,25-05-2026 00:58
TRF-0003,Jeddah-Main,234.83,204.4,60.08,48.0,44.7,NORMAL,A,25-05-2026 00:58
TRF-0004,Jeddah-Industrial,228.37,339.04,60.16,77.43,35.6,NORMAL,A,2026-05-25 00:58:52
TRF-0005,Dammam-Central,222.82,0.0,60.03,0.0,42.2,OUTAGE,C,25-05-2026 00:58
TRF-0006,Dammam-Port,223.89,342.85,60.18,76.76,61.8,NORMAL,B,2026/05/25 00:58:52
TRF-0007,Mecca-Haram,235.43,494.66,60.15,116.46,32.3,NORMAL,A,05/25/2026 00:58:52
TRF-0008,Medina-Central,225.25,457.76,59.96,103.11,50.9,NORMAL,A,20260525T005852
TRF-0009,Abha-City,225.14,423.53,59.85,95.35,32.6,NORMAL,B,2026/05/25 00:58:52
TRF-0010,Tabuk-Center,237.72,437.53,60.16,104.01,33.9,NORMAL,A,05/25/2026 00:58:52
TRF-0001,Riyadh-North,230.26,389.56,60.19,89.7,30.3,NORMAL,B,2026/05/25 00:58:52
TRF-0002,Riyadh-East,237.02,121.06,60.04,28.69,39.0,NORMAL,C,25-05-2026 00:58
TRF-0003,Jeddah-Main,238.27,184.49,59.87,43.96,53.5,NORMAL,C,20260525T005852
TRF-0004,Jeddah-Industrial,223.95,326.41,60.2,73.1,45.3,NORMAL,A,2026-05-25 00:58:52
TRF-0005,Dammam-Central,231.83,266.05,60.0,61.68,52.9,NORMAL,B,25-05-2026 00:58
TRF-0006,Dammam-Port,-230,319.12,60.01,72.58,41.4,NORMAL,B,05/25/2026 00:58:52
TRF-0007,Mecca-Haram,235.23,153.35,60.13,36.07,52.5,NORMAL,B,2026-05-25 00:58:52
TRF-0008,Medina-Central,224.31,478.51,60.12,107.33,49.0,NORMAL,B,25-05-2026 00:58
TRF-0009,Abha-City,232.4,178.43,59.8,41.47,55.0,NORMAL,B,2026-05-25 00:58:52
TRF-0010,Tabuk-Center,237.6,288.54,59.81,68.56,52.8,NORMAL,C,20260525T005852
TRF-0001,Riyadh-North,222.13,466.31,60.08,103.58,50.9,NORMAL,B,2026/05/25 00:58:52
TRF-0002,Riyadh-East,224.19,472.72,60.16,105.98,34.7,NORMAL,B,05/25/2026 00:58:52
TRF-0003,Jeddah-Main,226.01,418.06,59.97,94.49,62.9,NORMAL,A,25-05-2026 00:58
TRF-0004,Jeddah-Industrial,237.13,231.49,60.14,54.89,56.5,NORMAL,A,05/25/2026 00:58:52
TRF-0005,Dammam-Central,227.43,459.58,60.07,104.52,54.1,NORMAL,C,2026-05-25 00:58:52
TRF-0006,Dammam-Port,221.53,459.05,60.16,101.69,53.3,NORMAL,B,2026/05/25 00:58:52
TRF-0006,Dammam-Port,221.53,459.05,60.16,101.69,53.3,NORMAL,B,2026/05/25 00:58:52
TRF-0007,Mecca-Haram,234.93,291.28,60.11,68.43,36.6,NORMAL,C,2026/05/25 00:58:52
TRF-0008,Medina-Central,-230,178.48,60.07,42.42,52.2,NORMAL,B,2026-05-25 00:58:52
TRF-0009,Abha-City,233.38,230.14,60.03,53.71,45.8,NORMAL,C,25-05-2026 00:58
TRF-0010,Tabuk-Center,237.39,138.95,60.17,32.99,33.6,NORMAL,A,20260525T005852
TRF-0001,Riyadh-North,233.46,157.83,60.13,36.85,63.6,NORMAL,C,25-05-2026 00:58
TRF-0002,Riyadh-East,238.88,213.69,59.93,51.05,33.4,NORMAL,A,25-05-2026 00:58
TRF-0003,Jeddah-Main,234.08,464.76,60.1,108.79,43.1,NORMAL,A,05/25/2026 00:58:52
TRF-0004,Jeddah-Industrial,225.1,140.51,59.88,31.63,41.6,NORMAL,C,25-05-2026 00:58
TRF-0005,Dammam-Central,223.79,114.66,59.82,25.66,61.8,NORMAL,C,25-05-2026 00:58
TRF-0005,Dammam-Central,223.79,114.66,59.82,25.66,61.8,NORMAL,C,25-05-2026 00:58
TRF-0006,Dammam-Port,222.1,195.86,59.81,43.5,51.7,NORMAL,A,2026/05/25 00:58:52
TRF-0007,Mecca-Haram,227.24,382.43,60.03,86.9,58.3,NORMAL,C,2026/05/25 00:58:52
TRF-0008,Medina-Central,224.33,228.94,60.12,,48.7,NORMAL,C,05/25/2026 00:58:52
TRF-0009,Abha-City,226.4,448.04,59.99,101.44,43.3,NORMAL,A,05/25/2026 00:58:52
TRF-0010,Tabuk-Center,233.58,146.83,60.04,34.3,35.6,NORMAL,B,20260525T005852
TRF-0001,Riyadh-North,238.27,274.16,60.05,65.32,,NORMAL,C,20260525T005852
TRF-0002,Riyadh-East,227.29,443.24,59.98,100.74,38.0,NORMAL,B,2026-05-25 00:58:52
TRF-0003,Jeddah-Main,227.99,147.78,59.88,33.69,40.2,NORMAL,C,2026-05-25 00:58:52
TRF-0004,Jeddah-Industrial,232.9,209.98,59.95,48.9,58.9,NORMAL,B,05/25/2026 00:58:52
TRF-0005,Dammam-Central,222.92,438.99,60.17,97.86,57.1,NORMAL,C,20260525T005852
TRF-0005,Dammam-Central,222.92,438.99,60.17,97.86,57.1,NORMAL,C,20260525T005852
TRF-0006,Dammam-Port,239.84,478.37,60.08,114.73,51.2,NORMAL,C,05/25/2026 00:58:52
TRF-0007,Mecca-Haram,225.38,496.08,60.03,111.81,60.4,NORMAL,C,20260525T005852
TRF-0008,Medina-Central,230.09,0.0,60.1,0.0,41.1,OUTAGE,B,2026-05-25 00:58:52
TRF-0009,Abha-City,232.66,168.37,59.96,39.17,56.2,NORMAL,A,25-05-2026 00:58
TRF-0010,Tabuk-Center,235.44,390.13,59.87,91.85,38.9,NORMAL,A,2026/05/25 00:58:52
TRF-0001,Riyadh-North,224.41,116.41,60.09,26.12,40.0,NORMAL,C,2026-05-25 00:58:52
TRF-0002,Riyadh-East,239.57,275.71,60.04,66.05,36.7,NORMAL,B,05/25/2026 00:58:52
TRF-0003,Jeddah-Main,223.89,363.63,59.91,81.41,61.3,NORMAL,C,25-05-2026 00:58
TRF-0004,Jeddah-Industrial,222.07,298.34,60.18,66.25,37.9,NORMAL,A,2026/05/25 00:58:52
TRF-0005,Dammam-Central,225.17,374.58,60.18,84.34,250.0,OVERHEAT,B,2026-05-25 00:58:52
TRF-0006,Dammam-Port,224.73,465.39,59.82,104.59,59.7,NORMAL,B,2026/05/25 00:58:52
TRF-0007,Mecca-Haram,232.5,413.69,60.07,96.18,45.1,NORMAL,A,2026-05-25 00:58:52
TRF-0008,Medina-Central,222.19,353.0,60.2,78.43,49.9,NORMAL,C,2026-05-25 00:58:52
TRF-0009,Abha-City,222.82,499.26,60.19,111.25,39.6,NORMAL,C,2026/05/25 00:58:52
TRF-0010,Tabuk-Center,225.37,384.33,59.87,86.62,35.6,NORMAL,C,2026/05/25 00:58:52
TRF-0001,Riyadh-North,236.76,321.16,59.96,76.04,36.9,NORMAL,A,25-05-2026 00:58
TRF-0002,Riyadh-East,234.13,100.89,59.91,23.62,39.1,NORMAL,A,2026/05/25 00:58:52
TRF-0003,Jeddah-Main,238.81,302.23,59.89,72.18,36.0,NORMAL,B,2026/05/25 00:58:52
TRF-0004,Jeddah-Industrial,229.03,258.19,59.84,59.13,42.3,NORMAL,C,25-05-2026 00:58
TRF-0005,Dammam-Central,220.44,441.87,60.14,97.41,36.8,NORMAL,B,05/25/2026 00:58:52
TRF-0006,Dammam-Port,235.41,209.67,59.86,49.36,60.7,NORMAL,B,2026-05-25 00:58:52
TRF-0007,Mecca-Haram,225.03,283.14,60.16,63.71,47.4,NORMAL,B,20260525T005852
TRF-0008,Medina-Central,239.28,237.81,59.8,56.9,59.7,NORMAL,C,25-05-2026 00:58
TRF-0009,Abha-City,222.37,273.1,59.9,60.73,56.2,NORMAL,B,25-05-2026 00:58
TRF-0010,Tabuk-Center,239.38,111.01,60.15,26.57,37.1,NORMAL,A,2026/05/25 00:58:52
TRF-0001,Riyadh-North,227.96,258.95,60.18,59.03,35.6,NORMAL,A,25-05-2026 00:58
TRF-0002,Riyadh-East,222.85,436.01,60.08,97.16,62.1,NORMAL,B,2026/05/25 00:58:52
TRF-0003,Jeddah-Main,227.77,485.24,60.11,110.52,38.1,NORMAL,C,2026/05/25 00:58:52
TRF-0004,Jeddah-Industrial,233.72,285.33,60.13,66.69,53.8,NORMAL,B,20260525T005852
TRF-0005,Dammam-Central,232.28,164.06,59.81,38.11,45.8,NORMAL,A,2026/05/25 00:58:52
TRF-0006,Dammam-Port,235.88,343.81,60.1,81.1,37.4,NORMAL,C,2026-05-25 00:58:52
TRF-0007,Mecca-Haram,226.4,353.15,59.97,79.95,43.5,NORMAL,B,2026-05-25 00:58:52
TRF-0008,Medina-Central,229.73,131.67,59.98,30.25,250.0,OVERHEAT,B,20260525T005852
TRF-0009,Abha-City,228.33,197.78,59.87,45.16,47.4,NORMAL,C,2026-05-25 00:58:52
TRF-0010,Tabuk-Center,236.55,266.87,60.05,63.13,34.6,NORMAL,A,05/25/2026 00:58:52
TRF-0001,Riyadh-North,221.45,221.47,60.16,49.04,58.8,NORMAL,A,05/25/2026 00:58:52
TRF-0002,Riyadh-East,226.52,335.53,60.13,76.0,57.5,NORMAL,C,05/25/2026 00:58:52
TRF-0003,Jeddah-Main,238.97,211.62,59.81,50.57,30.3,NORMAL,B,25-05-2026 00:58
TRF-0004,Jeddah-Industrial,223.51,442.44,60.12,98.89,39.4,NORMAL,C,05/25/2026 00:58:52
TRF-0005,Dammam-Central,226.81,458.73,59.89,104.04,53.4,NORMAL,B,05/25/2026 00:58:52
TRF-0006,Dammam-Port,232.9,493.05,60.16,114.83,45.0,NORMAL,C,2026-05-25 00:58:52
TRF-0007,Mecca-Haram,228.24,422.62,59.87,96.46,58.7,NORMAL,C,20260525T005852
TRF-0008,Medina-Central,221.92,176.51,60.05,39.17,55.2,NORMAL,B,20260525T005852
TRF-0009,Abha-City,229.6,325.75,60.09,74.79,31.5,NORMAL,A,05/25/2026 00:58:52
TRF-0010,Tabuk-Center,224.06,391.06,60.19,87.62,64.8,NORMAL,C,2026/05/25 00:58:52
;;;;;
TRF-0001,Riyadh-North,235.36,335.35,59.97,78.93,38.5,NORMAL,C,05/25/2026 00:58:53
TRF-0001,Riyadh-North,235.36,335.35,59.97,78.93,38.5,NORMAL,C,05/25/2026 00:58:53
TRF-0002,Riyadh-East,223.82,263.04,60.15,58.87,51.4,NORMAL,B,05/25/2026 00:58:53
TRF-0003,Jeddah-Main,231.98,365.96,59.84,84.9,40.5,NORMAL,A,20260525T005853
TRF-0004,Jeddah-Industrial,227.19,214.8,60.17,48.8,64.8,NORMAL,C,2026-05-25 00:58:53
TRF-0005,Dammam-Central,222.8,480.49,59.84,107.05,31.7,NORMAL,B,25-05-2026 00:58
TRF-0006,Dammam-Port,232.97,169.48,59.97,39.48,30.4,NORMAL,B,25-05-2026 00:58
TRF-0007,Mecca-Haram,238.63,151.08,60.08,36.05,58.4,NORMAL,B,20260525T005853
TRF-0008,Medina-Central,231.79,425.05,59.96,98.52,45.4,NORMAL,A,05/25/2026 00:58:53
TRF-0009,Abha-City,230.2,238.93,59.88,55.0,34.2,NORMAL,B,2026/05/25 00:58:53
TRF-0010,Tabuk-Center,238.2,256.66,60.2,61.14,57.3,NORMAL,A,05/25/2026 00:58:53
TRF-0001,Riyadh-North,237.4,483.33,60.16,114.74,60.9,NORMAL,A,2026-05-25 00:58:53
TRF-0002,Riyadh-East,230.44,433.34,60.05,99.86,49.2,NORMAL,C,20260525T005853
TRF-0003,Jeddah-Main,235.43,,59.91,62.48,45.3,NORMAL,C,2026/05/25 00:58:53
TRF-0004,Jeddah-Industrial,225.97,172.76,67.94,39.04,56.3,FREQ_DRIFT,A,25-05-2026 00:58
TRF-0005,Dammam-Central,230.02,128.59,60.08,29.58,56.4,NORMAL,B,20260525T005853
TRF-0006,Dammam-Port,226.18,476.12,59.83,107.69,44.0,NORMAL,C,2026-05-25 00:58:53
TRF-0007,Mecca-Haram,232.58,109.63,60.15,25.5,57.6,NORMAL,A,2026-05-25 00:58:53
TRF-0008,Medina-Central,234.86,421.08,59.94,98.89,58.8,NORMAL,C,2026-05-25 00:58:53
TRF-0009,Abha-City,234.12,223.96,60.02,52.43,57.7,NORMAL,A,20260525T005853
TRF-0010,Tabuk-Center,221.27,202.45,60.06,44.8,41.8,NORMAL,B,2026-05-25 00:58:53
TRF-0001,Riyadh-North,237.75,326.6,59.91,77.65,34.0,NORMAL,C,05/25/2026 00:58:53
TRF-0002,Riyadh-East,237.83,113.57,59.86,27.01,35.6,NORMAL,B,2026/05/25 00:58:53
TRF-0003,Jeddah-Main,232.9,204.32,59.86,47.59,39.1,NORMAL,C,2026-05-25 00:58:53
TRF-0004,Jeddah-Industrial,234.96,476.5,59.95,111.96,55.7,NORMAL,B,20260525T005853
TRF-0005,Dammam-Central,237.71,246.08,59.85,58.5,41.1,NORMAL,A,05/25/2026 00:58:53
TRF-0006,Dammam-Port,224.11,353.99,59.94,79.33,37.7,NORMAL,C,2026-05-25 00:58:53
TRF-0007,Mecca-Haram,228.97,122.68,59.93,28.09,55.3,NORMAL,C,25-05-2026 00:58
TRF-0008,Medina-Central,239.92,497.18,60.0,119.28,57.4,NORMAL,C,05/25/2026 00:58:53
TRF-0008,Medina-Central,239.92,497.18,60.0,119.28,57.4,NORMAL,C,05/25/2026 00:58:53
TRF-0009,Abha-City,223.54,103.2,59.9,23.07,60.7,NORMAL,B,25-05-2026 00:58
TRF-0010,Tabuk-Center,238.43,361.79,59.9,86.26,250.0,OVERHEAT,A,05/25/2026 00:58:53
TRF-0001,Riyadh-North,229.25,333.24,60.06,76.4,60.5,NORMAL,B,2026/05/25 00:58:53
TRF-0002,Riyadh-East,220.34,377.85,59.81,83.26,63.4,NORMAL,C,25-05-2026 00:58
TRF-0003,Jeddah-Main,,151.63,60.18,34.36,58.7,NORMAL,A,20260525T005853
TRF-0004,Jeddah-Industrial,239.02,0.0,60.16,0.0,46.4,OUTAGE,A,2026-05-25 00:58:53
TRF-0005,Dammam-Central,233.29,172.71,60.11,40.29,40.0,NORMAL,B,05/25/2026 00:58:53
TRF-0006,Dammam-Port,234.27,206.55,59.88,48.39,41.1,NORMAL,B,2026-05-25 00:58:53
TRF-0007,Mecca-Haram,226.34,422.84,60.08,95.71,58.8,NORMAL,C,2026-05-25 00:58:53
TRF-0008,Medina-Central,234.61,204.1,59.91,47.88,46.4,NORMAL,B,2026-05-25 00:58:53
TRF-0009,Abha-City,234.82,316.59,59.82,74.34,250.0,OVERHEAT,A,2026/05/25 00:58:53
TRF-0010,Tabuk-Center,220.47,496.62,60.01,109.49,51.2,NORMAL,B,25-05-2026 00:58
TRF-0001,Riyadh-North,221.23,210.4,60.12,46.55,35.8,NORMAL,A,25-05-2026 00:58
TRF-0002,Riyadh-East,225.26,284.77,60.03,64.15,44.4,NORMAL,C,2026/05/25 00:58:53
TRF-0003,Jeddah-Main,232.17,400.05,60.08,92.88,57.0,NORMAL,A,05/25/2026 00:58:53
TRF-0004,Jeddah-Industrial,234.58,157.3,59.89,36.9,54.1,NORMAL,C,2026-05-25 00:58:53
TRF-0005,Dammam-Central,238.33,477.2,60.02,113.73,50.1,NORMAL,A,20260525T005853
TRF-0006,Dammam-Port,224.45,140.93,60.17,31.63,63.6,NORMAL,A,25-05-2026 00:58
TRF-0007,Mecca-Haram,231.69,318.32,59.9,73.75,40.0,NORMAL,B,2026-05-25 00:58:53
TRF-0008,Medina-Central,225.05,354.46,59.9,79.77,51.6,NORMAL,B,25-05-2026 00:58
TRF-0009,Abha-City,238.31,311.01,60.03,74.12,56.8,NORMAL,C,2026/05/25 00:58:53
TRF-0010,Tabuk-Center,237.8,113.59,59.94,27.01,61.5,NORMAL,B,25-05-2026 00:58
TRF-0001,Riyadh-North,237.48,173.76,59.9,41.26,58.0,NORMAL,A,20260525T005853
TRF-0002,Riyadh-East,225.72,358.34,59.82,80.88,47.2,NORMAL,A,25-05-2026 00:58
TRF-0003,Jeddah-Main,223.79,232.44,59.89,52.02,30.9,NORMAL,A,2026/05/25 00:58:53
TRF-0004,Jeddah-Industrial,234.86,141.98,60.11,33.35,37.4,NORMAL,C,25-05-2026 00:58
TRF-0005,Dammam-Central,225.98,384.05,60.19,86.79,32.6,NORMAL,C,2026/05/25 00:58:53
TRF-0006,Dammam-Port,236.15,458.26,59.96,108.22,38.7,NORMAL,A,05/25/2026 00:58:53
TRF-0007,Mecca-Haram,226.36,334.88,59.9,75.8,36.7,NORMAL,B,20260525T005853
TRF-0008,Medina-Central,232.07,322.98,60.17,74.95,55.1,NORMAL,B,05/25/2026 00:58:53
TRF-0009,Abha-City,221.29,235.31,59.81,52.07,34.0,NORMAL,A,2026-05-25 00:58:53
TRF-0010,Tabuk-Center,231.39,273.93,59.83,63.38,33.9,NORMAL,A,2026/05/25 00:58:53
TRF-0001,Riyadh-North,224.58,100.07,60.09,22.47,58.0,NORMAL,B,05/25/2026 00:58:53
TRF-0002,Riyadh-East,235.03,476.77,60.08,112.06,30.4,NORMAL,B,20260525T005853
TRF-0003,Jeddah-Main,230.61,439.68,59.94,101.39,39.3,NORMAL,A,2026-05-25 00:58:53
TRF-0004,Jeddah-Industrial,237.3,371.57,60.15,88.17,36.2,NORMAL,C,20260525T005853
TRF-0005,Dammam-Central,235.15,221.12,59.99,52.0,40.3,NORMAL,B,05/25/2026 00:58:53
TRF-0006,Dammam-Port,226.24,197.22,60.15,44.62,61.8,NORMAL,B,20260525T005853
TRF-0007,Mecca-Haram,230.06,351.48,60.15,80.86,48.1,NORMAL,C,2026-05-25 00:58:53
TRF-0008,Medina-Central,226.23,285.93,59.97,64.69,59.7,NORMAL,A,2026/05/25 00:58:53
TRF-0009,Abha-City,233.76,116.12,60.1,27.14,41.9,NORMAL,C,2026-05-25 00:58:53
TRF-0010,Tabuk-Center,222.14,278.49,59.89,61.86,51.1,NORMAL,C,25-05-2026 00:58
TRF-0001,Riyadh-North,,273.21,60.0,61.3,38.8,NORMAL,B,25-05-2026 00:58
TRF-0002,Riyadh-East,232.87,423.6,59.89,98.64,51.2,NORMAL,B,20260525T005853
TRF-0003,Jeddah-Main,226.5,227.7,60.05,51.57,31.0,NORMAL,B,05/25/2026 00:58:53
TRF-0004,Jeddah-Industrial,222.57,460.03,60.13,102.39,55.9,NORMAL,A,25-05-2026 00:58
TRF-0005,Dammam-Central,223.16,466.76,60.05,104.16,33.0,NORMAL,A,05/25/2026 00:58:53
TRF-0006,Dammam-Port,225.44,343.95,59.91,77.54,45.7,NORMAL,B,2026/05/25 00:58:53
TRF-0007,Mecca-Haram,226.78,437.58,59.92,99.23,57.4,NORMAL,B,2026-05-25 00:58:53
TRF-0008,Medina-Central,230.02,103.41,59.88,23.79,45.8,NORMAL,A,2026-05-25 00:58:53
TRF-0009,Abha-City,233.21,336.0,60.13,78.36,57.1,NORMAL,A,05/25/2026 00:58:53
TRF-0010,Tabuk-Center,233.74,326.22,60.14,76.25,43.5,NORMAL,A,05/25/2026 00:58:53
TRF-0001,Riyadh-North,222.22,183.76,59.92,40.84,35.1,NORMAL,A,20260525T005853
TRF-0002,Riyadh-East,224.02,0.0,59.96,0.0,59.3,OUTAGE,C,05/25/2026 00:58:53
TRF-0003,Jeddah-Main,,448.9,59.85,103.57,54.1,NORMAL,A,2026-05-25 00:58:53
TRF-0004,Jeddah-Industrial,232.92,426.71,60.18,99.39,41.8,NORMAL,A,2026/05/25 00:58:53
TRF-0005,Dammam-Central,225.54,283.19,60.04,63.87,53.2,NORMAL,B,05/25/2026 00:58:53
TRF-0006,Dammam-Port,-230,485.24,60.04,113.63,53.6,NORMAL,C,25-05-2026 00:58
TRF-0007,Mecca-Haram,237.94,,60.11,96.03,63.0,NORMAL,A,20260525T005853
TRF-0008,Medina-Central,227.5,383.17,60.16,87.17,31.6,NORMAL,A,05/25/2026 00:58:53
TRF-0009,Abha-City,229.79,426.74,60.12,98.06,34.0,NORMAL,C,2026/05/25 00:58:53
TRF-0010,Tabuk-Center,234.63,482.37,59.88,113.18,38.7,NORMAL,C,05/25/2026 00:58:53
TRF-0001,Riyadh-North,233.92,480.93,60.07,112.5,38.1,NORMAL,A,2026-05-25 00:58:53
TRF-0002,Riyadh-East,229.03,477.9,60.15,109.45,45.7,NORMAL,B,05/25/2026 00:58:53
TRF-0003,Jeddah-Main,233.73,264.31,60.03,61.78,44.0,NORMAL,A,20260525T005853
TRF-0004,Jeddah-Industrial,,104.14,59.89,23.64,61.5,NORMAL,B,2026-05-25 00:58:53
TRF-0005,Dammam-Central,224.57,231.57,60.07,52.0,57.1,NORMAL,B,2026-05-25 00:58:53
TRF-0006,Dammam-Port,233.01,296.08,59.85,68.99,43.8,NORMAL,C,05/25/2026 00:58:53
TRF-0007,Mecca-Haram,-230,468.77,59.94,105.76,48.7,NORMAL,C,05/25/2026 00:58:53
TRF-0008,Medina-Central,232.52,230.97,60.02,53.71,32.8,NORMAL,A,2026/05/25 00:58:53
TRF-0009,Abha-City,-230,281.9,60.08,65.12,35.5,NORMAL,A,25-05-2026 00:58
TRF-0010,Tabuk-Center,226.75,324.04,60.01,73.48,54.0,NORMAL,C,2026-05-25 00:58:53
TRF-0001,Riyadh-North,223.03,233.89,60.09,52.16,59.1,NORMAL,B,20260525T005853
TRF-0002,Riyadh-East,234.94,204.35,60.15,48.01,64.8,NORMAL,A,05/25/2026 00:58:53
TRF-0003,Jeddah-Main,233.21,441.01,60.06,102.85,59.3,NORMAL,C,2026-05-25 00:58:53
TRF-0004,Jeddah-Industrial,224.63,271.06,60.01,60.89,46.1,NORMAL,A,05/25/2026 00:58:53
TRF-0005,Dammam-Central,236.17,176.21,59.89,41.62,38.8,NORMAL,A,20260525T005853
TRF-0006,Dammam-Port,226.55,293.23,60.17,66.43,57.8,NORMAL,A,20260525T005853
TRF-0007,Mecca-Haram,225.9,228.57,59.94,51.63,36.0,NORMAL,A,2026/05/25 00:58:53
TRF-0008,Medina-Central,231.69,182.71,59.83,42.33,38.1,NORMAL,B,2026-05-25 00:58:53
TRF-0009,Abha-City,235.69,322.56,59.88,76.02,45.0,NORMAL,C,2026-05-25 00:58:53
;;;;;
TRF-0010,Tabuk-Center,228.88,417.72,60.02,95.61,56.0,NORMAL,A,2026/05/25 00:58:53
TRF-0001,Riyadh-North,231.12,242.33,59.96,56.01,33.6,NORMAL,B,2026/05/25 00:58:53
TRF-0002,Riyadh-East,238.05,397.78,60.1,94.69,44.6,NORMAL,C,2026/05/25 00:58:53
TRF-0002,Riyadh-East,238.05,397.78,60.1,94.69,44.6,NORMAL,C,2026/05/25 00:58:53
TRF-0003,Jeddah-Main,238.91,492.42,60.15,117.64,42.8,NORMAL,A,05/25/2026 00:58:53
TRF-0004,Jeddah-Industrial,221.24,199.39,60.16,44.11,55.4,NORMAL,B,05/25/2026 00:58:53
TRF-0005,Dammam-Central,229.58,360.52,60.09,82.77,47.1,NORMAL,A,25-05-2026 00:58
TRF-0006,Dammam-Port,234.88,290.5,59.82,68.23,53.6,NORMAL,B,25-05-2026 00:58
TRF-0007,Mecca-Haram,239.15,163.36,59.85,39.07,47.6,NORMAL,C,25-05-2026 00:58
TRF-0008,Medina-Central,224.25,198.49,59.99,44.51,57.6,NORMAL,C,05/25/2026 00:58:53
TRF-0009,Abha-City,235.87,0.0,59.98,0.0,51.8,OUTAGE,B,20260525T005853
TRF-0010,Tabuk-Center,227.12,237.87,60.04,54.03,39.1,NORMAL,A,2026-05-25 00:58:53
TRF-0001,Riyadh-North,232.56,470.81,60.01,109.49,36.7,NORMAL,C,05/25/2026 00:58:53
TRF-0002,Riyadh-East,224.09,315.94,60.15,70.8,47.6,NORMAL,A,05/25/2026 00:58:53
TRF-0003,Jeddah-Main,224.08,178.25,60.09,39.94,61.4,NORMAL,B,2026-05-25 00:58:53
TRF-0004,Jeddah-Industrial,232.09,1095.38,60.05,224.79,113.2,OVERLOAD,C,25-05-2026 00:58
TRF-0005,Dammam-Central,224.63,154.86,59.86,34.79,42.1,NORMAL,C,05/25/2026 00:58:53
TRF-0005,Dammam-Central,224.63,154.86,59.86,34.79,42.1,NORMAL,C,05/25/2026 00:58:53
TRF-0006,Dammam-Port,225.02,322.6,59.89,72.59,35.2,NORMAL,B,25-05-2026 00:58
TRF-0007,Mecca-Haram,225.52,907.74,60.1,223.08,93.4,OVERLOAD,C,20260525T005853
TRF-0008,Medina-Central,238.61,423.87,60.2,101.14,40.8,NORMAL,A,05/25/2026 00:58:53
TRF-0009,Abha-City,224.01,434.09,59.83,97.24,34.0,NORMAL,C,20260525T005853
TRF-0010,Tabuk-Center,236.66,278.62,59.83,65.94,42.9,NORMAL,B,2026-05-25 00:58:53
TRF-0001,Riyadh-North,232.66,321.89,60.14,74.89,37.3,NORMAL,C,20260525T005853
TRF-0002,Riyadh-East,236.04,403.75,60.18,95.3,44.1,NORMAL,A,2026-05-25 00:58:53
TRF-0003,Jeddah-Main,237.32,190.23,60.06,45.15,39.3,NORMAL,C,2026-05-25 00:58:53
TRF-0004,Jeddah-Industrial,235.61,294.39,60.2,69.36,36.9,NORMAL,A,25-05-2026 00:58

TRF-0005,Dammam-Central,230.31,373.06,68.46,85.92,53.9,FREQ_DRIFT,C,2026-05-25 00:58:53
TRF-0006,Dammam-Port,231.02,321.6,59.95,74.3,47.4,NORMAL,C,20260525T005853
TRF-0007,Mecca-Haram,238.94,113.29,59.85,27.07,44.2,NORMAL,B,20260525T005853
TRF-0008,Medina-Central,220.78,217.81,59.9,48.09,47.9,NORMAL,A,2026-05-25 00:58:53
TRF-0009,Abha-City,222.57,336.96,60.11,75.0,44.2,NORMAL,B,2026-05-25 00:58:53
TRF-0010,Tabuk-Center,231.49,134.93,60.02,31.23,250.0,OVERHEAT,C,20260525T005853
TRF-0001,Riyadh-North,220.83,381.96,60.2,84.35,39.0,NORMAL,C,20260525T005853
TRF-0002,Riyadh-East,226.09,142.12,60.15,32.13,46.8,NORMAL,A,20260525T005853
TRF-0002,Riyadh-East,226.09,142.12,60.15,32.13,46.8,NORMAL,A,20260525T005853
TRF-0003,Jeddah-Main,235.74,194.72,60.03,45.9,48.8,NORMAL,C,25-05-2026 00:58
TRF-0004,Jeddah-Industrial,238.69,329.78,59.85,78.72,54.8,NORMAL,A,05/25/2026 00:58:53
TRF-0005,Dammam-Central,239.3,488.57,60.03,116.91,49.5,NORMAL,B,2026/05/25 00:58:53
TRF-0006,Dammam-Port,226.17,356.05,60.03,80.53,36.8,NORMAL,A,2026-05-25 00:58:53
TRF-0007,Mecca-Haram,239.31,251.84,60.1,60.27,56.7,NORMAL,C,20260525T005853
TRF-0008,Medina-Central,223.88,115.84,60.15,25.93,44.6,NORMAL,C,25-05-2026 00:58
TRF-0009,Abha-City,236.86,177.47,59.86,42.04,32.3,NORMAL,A,25-05-2026 00:58
TRF-0010,Tabuk-Center,236.74,278.97,60.08,66.04,61.7,NORMAL,C,2026/05/25 00:58:53
TRF-0001,Riyadh-North,236.18,283.22,60.18,66.89,51.7,NORMAL,C,25-05-2026 00:58
TRF-0002,Riyadh-East,229.79,458.5,60.13,105.36,57.4,NORMAL,A,20260525T005853
TRF-0003,Jeddah-Main,224.82,438.22,60.09,98.52,46.6,NORMAL,B,2026-05-25 00:58:53
TRF-0004,Jeddah-Industrial,237.26,178.19,59.98,42.28,32.4,NORMAL,A,25-05-2026 00:58
TRF-0005,Dammam-Central,234.3,213.57,59.96,50.04,60.0,NORMAL,C,05/25/2026 00:58:53
TRF-0006,Dammam-Port,230.5,401.66,64.65,92.58,37.1,FREQ_DRIFT,C,05/25/2026 00:58:53
TRF-0007,Mecca-Haram,232.81,470.77,60.18,109.6,60.7,NORMAL,B,25-05-2026 00:58
TRF-0008,Medina-Central,224.17,113.24,60.09,25.39,62.7,NORMAL,C,2026-05-25 00:58:53
TRF-0009,Abha-City,238.96,384.49,59.8,91.88,55.7,NORMAL,C,20260525T005853
TRF-0010,Tabuk-Center,224.25,293.63,59.99,65.85,58.6,NORMAL,B,2026-05-25 00:58:53
TRF-0001,Riyadh-North,239.04,165.29,59.97,39.51,62.5,NORMAL,C,05/25/2026 00:58:53
TRF-0002,Riyadh-East,223.2,185.75,60.03,41.46,34.5,NORMAL,A,05/25/2026 00:58:53
TRF-0003,Jeddah-Main,222.6,130.69,59.81,29.09,45.9,NORMAL,C,20260525T005853
TRF-0004,Jeddah-Industrial,221.88,399.19,60.13,88.57,57.1,NORMAL,B,2026/05/25 00:58:53
TRF-0005,Dammam-Central,229.81,416.21,59.93,95.65,49.1,NORMAL,B,20260525T005853
TRF-0006,Dammam-Port,227.67,174.61,60.13,39.75,45.2,NORMAL,A,2026-05-25 00:58:53
TRF-0007,Mecca-Haram,226.8,456.64,60.07,103.57,58.5,NORMAL,C,2026/05/25 00:58:53
TRF-0008,Medina-Central,239.93,134.58,59.9,32.29,35.9,NORMAL,C,2026/05/25 00:58:53
TRF-0009,Abha-City,224.86,137.52,60.07,30.92,41.2,NORMAL,A,2026-05-25 00:58:53
TRF-0010,Tabuk-Center,222.52,351.93,60.16,78.31,59.7,NORMAL,B,05/25/2026 00:58:53
TRF-0001,Riyadh-North,222.44,177.18,60.17,39.41,62.7,NORMAL,B,20260525T005853
TRF-0002,Riyadh-East,229.53,329.85,59.88,75.71,45.0,NORMAL,B,2026-05-25 00:58:53
TRF-0003,Jeddah-Main,229.5,482.14,60.05,110.65,43.5,NORMAL,B,20260525T005853
TRF-0004,Jeddah-Industrial,235.44,219.93,60.19,51.78,36.6,NORMAL,B,20260525T005853
TRF-0005,Dammam-Central,220.63,164.9,60.04,36.38,48.3,NORMAL,C,20260525T005853
TRF-0006,Dammam-Port,233.1,260.59,60.02,60.74,44.2,NORMAL,A,2026/05/25 00:58:53
TRF-0007,Mecca-Haram,231.33,400.65,59.94,92.68,44.3,NORMAL,B,2026-05-25 00:58:53
TRF-0008,Medina-Central,232.83,214.35,60.02,49.91,42.5,NORMAL,A,2026-05-25 00:58:53
TRF-0009,Abha-City,228.62,363.87,60.1,83.19,250.0,OVERHEAT,C,20260525T005853
TRF-0010,Tabuk-Center,223.89,210.07,60.07,47.03,63.1,NORMAL,B,05/25/2026 00:58:53
TRF-0001,Riyadh-North,231.38,203.79,60.06,47.15,51.9,NORMAL,B,25-05-2026 00:58
TRF-0002,Riyadh-East,230.99,188.86,59.92,43.62,49.1,NORMAL,B,05/25/2026 00:58:53
TRF-0003,Jeddah-Main,239.25,104.35,60.08,24.97,40.7,NORMAL,B,20260525T005853
TRF-0003,Jeddah-Main,239.25,104.35,60.08,24.97,40.7,NORMAL,B,20260525T005853
TRF-0004,Jeddah-Industrial,223.15,423.23,59.86,94.44,,NORMAL,B,05/25/2026 00:58:53
TRF-0005,Dammam-Central,233.55,245.49,60.05,57.33,62.0,NORMAL,B,2026/05/25 00:58:53
TRF-0006,Dammam-Port,230.19,339.45,60.08,78.14,51.2,NORMAL,A,05/25/2026 00:58:53
TRF-0007,Mecca-Haram,229.83,188.07,60.13,43.22,52.4,NORMAL,B,2026-05-25 00:58:53
TRF-0008,Medina-Central,227.69,122.82,60.13,27.96,54.2,NORMAL,B,2026/05/25 00:58:53
TRF-0009,Abha-City,239.35,331.46,60.11,79.33,52.0,NORMAL,A,20260525T005853
TRF-0010,Tabuk-Center,223.27,453.77,59.9,101.31,37.2,NORMAL,A,2026/05/25 00:58:53
TRF-0001,Riyadh-North,237.83,268.91,59.89,63.95,48.7,NORMAL,C,05/25/2026 00:58:53
TRF-0002,Riyadh-East,236.2,252.33,59.84,59.6,45.7,NORMAL,A,2026/05/25 00:58:53
TRF-0003,Jeddah-Main,232.18,144.79,60.01,33.62,52.2,NORMAL,C,2026/05/25 00:58:53
TRF-0004,Jeddah-Industrial,229.49,413.88,60.14,94.98,41.9,NORMAL,B,20260525T005853
TRF-0005,Dammam-Central,220.52,405.31,60.16,89.38,47.5,NORMAL,C,2026-05-25 00:58:53
TRF-0006,Dammam-Port,222.49,124.22,59.8,27.64,62.3,NORMAL,B,20260525T005853
TRF-0007,Mecca-Haram,235.82,427.59,59.98,100.83,46.3,NORMAL,A,20260525T005853
TRF-0008,Medina-Central,224.36,349.76,60.16,78.47,41.2,NORMAL,A,2026-05-25 00:58:53
;;;;;
TRF-0009,Abha-City,223.09,427.12,60.08,,41.8,NORMAL,B,2026-05-25 00:58:53
TRF-0010,Tabuk-Center,230.65,299.54,60.18,69.09,45.8,NORMAL,A,2026-05-25 00:58:53
TRF-0001,Riyadh-North,229.78,365.66,60.18,84.02,32.8,NORMAL,B,20260525T005854
TRF-0002,Riyadh-East,227.6,241.39,59.95,54.94,250.0,OVERHEAT,B,2026/05/25 00:58:54
TRF-0003,Jeddah-Main,236.5,343.6,59.87,81.26,46.4,NORMAL,B,20260525T005854
TRF-0004,Jeddah-Industrial,226.96,330.75,59.9,75.07,30.6,NORMAL,B,2026/05/25 00:58:54
TRF-0005,Dammam-Central,225.65,464.84,60.13,104.89,64.8,NORMAL,B,20260525T005854
TRF-0006,Dammam-Port,236.64,304.22,60.18,71.99,57.1,NORMAL,C,25-05-2026 00:58
TRF-0007,Mecca-Haram,236.42,122.02,,28.85,58.6,NORMAL,B,2026-05-25 00:58:54
TRF-0008,Medina-Central,223.9,402.79,59.88,90.18,50.5,NORMAL,A,25-05-2026 00:58
TRF-0009,Abha-City,228.81,388.64,59.83,88.92,37.2,NORMAL,B,2026-05-25 00:58:54
TRF-0010,Tabuk-Center,232.42,366.78,59.84,85.25,53.8,NORMAL,A,2026/05/25 00:58:54
TRF-0001,Riyadh-North,229.74,252.0,59.89,57.89,50.0,NORMAL,C,20260525T005854
TRF-0002,Riyadh-East,238.8,323.0,60.07,77.13,51.6,NORMAL,C,2026-05-25 00:58:54
TRF-0003,Jeddah-Main,228.37,286.14,60.12,65.35,63.8,NORMAL,C,2026-05-25 00:58:54
TRF-0004,Jeddah-Industrial,232.33,301.28,59.83,70.0,46.7,NORMAL,A,2026-05-25 00:58:54
TRF-0005,Dammam-Central,225.8,367.92,60.13,83.08,42.2,NORMAL,B,20260525T005854
TRF-0006,Dammam-Port,223.27,185.36,60.17,41.39,42.1,NORMAL,C,2026/05/25 00:58:54
TRF-0007,Mecca-Haram,223.11,136.72,60.02,30.5,37.9,NORMAL,B,25-05-2026 00:58
TRF-0008,Medina-Central,221.2,172.95,59.83,38.26,40.5,NORMAL,A,2026/05/25 00:58:54
TRF-0009,Abha-City,231.54,347.74,59.89,80.52,43.8,NORMAL,C,05/25/2026 00:58:54
TRF-0010,Tabuk-Center,229.28,378.91,60.2,86.88,39.2,NORMAL,A,2026-05-25 00:58:54
TRF-0001,Riyadh-North,229.26,488.69,59.92,112.04,250.0,OVERHEAT,B,25-05-2026 00:58
TRF-0002,Riyadh-East,234.02,129.94,60.02,30.41,62.3,NORMAL,A,2026/05/25 00:58:54
TRF-0003,Jeddah-Main,221.24,213.52,59.86,47.24,55.4,NORMAL,C,05/25/2026 00:58:54
TRF-0004,Jeddah-Industrial,230.9,239.35,60.14,55.27,52.3,NORMAL,A,2026-05-25 00:58:54
TRF-0005,Dammam-Central,239.44,425.9,59.9,101.98,38.8,NORMAL,A,25-05-2026 00:58
SENSOR_ERROR_0xFFA2
TRF-0006,Dammam-Port,232.23,135.44,59.98,31.45,40.5,NORMAL,C,20260525T005854
TRF-0006,Dammam-Port,232.23,135.44,59.98,31.45,40.5,NORMAL,C,20260525T005854
TRF-0007,Mecca-Haram,235.71,440.8,59.95,103.9,57.0,NORMAL,B,20260525T005854
TRF-0008,Medina-Central,,290.34,60.19,64.54,43.1,NORMAL,A,2026/05/25 00:58:54
TRF-0009,Abha-City,236.18,187.54,59.91,44.29,55.8,NORMAL,A,2026/05/25 00:58:54
TRF-0010,Tabuk-Center,220.96,112.91,60.05,24.95,46.1,NORMAL,A,2026/05/25 00:58:54
TRF-0001,Riyadh-North,226.58,278.49,59.96,63.1,57.4,NORMAL,A,25-05-2026 00:58
TRF-0002,Riyadh-East,235.36,487.01,59.98,114.62,52.6,NORMAL,C,20260525T005854
TRF-0003,Jeddah-Main,225.7,,59.9,31.04,54.2,NORMAL,B,05/25/2026 00:58:54
TRF-0004,Jeddah-Industrial,228.85,356.1,60.09,81.49,48.8,NORMAL,C,2026-05-25 00:58:54
TRF-0005,Dammam-Central,231.27,465.82,60.06,107.73,31.1,NORMAL,A,05/25/2026 00:58:54
TRF-0006,Dammam-Port,223.81,401.5,59.8,89.86,36.2,NORMAL,B,2026/05/25 00:58:54
TRF-0007,Mecca-Haram,227.55,434.65,60.1,98.9,62.9,NORMAL,B,2026-05-25 00:58:54
TRF-0008,Medina-Central,224.12,457.83,59.83,102.61,49.9,NORMAL,C,25-05-2026 00:58
TRF-0009,Abha-City,224.0,254.4,59.82,56.99,47.3,NORMAL,B,2026/05/25 00:58:54
TRF-0010,Tabuk-Center,237.45,101.06,59.89,24.0,38.7,NORMAL,C,20260525T005854
TRF-0001,Riyadh-North,226.9,246.64,60.13,55.96,39.6,NORMAL,B,2026/05/25 00:58:54
TRF-0002,Riyadh-East,223.86,349.77,60.19,78.3,34.3,NORMAL,C,2026/05/25 00:58:54
TRF-0003,Jeddah-Main,233.37,498.59,59.95,116.36,31.6,NORMAL,A,2026/05/25 00:58:54
TRF-0004,Jeddah-Industrial,233.42,343.33,59.87,80.14,44.9,NORMAL,C,25-05-2026 00:58
TRF-0005,Dammam-Central,224.22,469.64,60.16,105.3,48.4,NORMAL,B,05/25/2026 00:58:54
TRF-0006,Dammam-Port,221.91,188.34,59.95,41.79,58.6,NORMAL,B,25-05-2026 00:58
TRF-0007,Mecca-Haram,221.77,115.58,59.92,25.63,32.2,NORMAL,B,05/25/2026 00:58:54
TRF-0008,Medina-Central,220.39,282.16,60.11,62.19,53.0,NORMAL,A,25-05-2026 00:58
TRF-0009,Abha-City,235.84,180.49,60.14,42.57,44.1,NORMAL,B,2026-05-25 00:58:54
TRF-0010,Tabuk-Center,238.42,419.13,60.15,99.93,41.1,NORMAL,B,2026/05/25 00:58:54
TRF-0001,Riyadh-North,220.94,323.4,60.15,71.45,37.2,NORMAL,A,05/25/2026 00:58:54
TRF-0002,Riyadh-East,226.34,186.81,60.06,42.28,37.0,NORMAL,C,20260525T005854
TRF-0003,Jeddah-Main,227.93,202.85,60.17,46.24,45.7,NORMAL,A,25-05-2026 00:58
TRF-0004,Jeddah-Industrial,222.36,320.22,60.0,71.2,47.8,NORMAL,B,2026/05/25 00:58:54
TRF-0005,Dammam-Central,220.58,391.31,60.02,86.32,64.0,NORMAL,B,2026/05/25 00:58:54
TRF-0006,Dammam-Port,239.79,392.2,60.05,94.05,53.8,NORMAL,B,25-05-2026 00:58
TRF-0007,Mecca-Haram,237.38,437.24,60.15,103.79,48.9,NORMAL,C,20260525T005854
TRF-0008,Medina-Central,221.58,207.11,60.08,45.89,50.0,NORMAL,C,2026-05-25 00:58:54
TRF-0009,Abha-City,233.86,238.18,60.15,55.7,43.4,NORMAL,B,05/25/2026 00:58:54
TRF-0010,Tabuk-Center,229.45,336.87,60.03,77.29,31.1,NORMAL,C,2026/05/25 00:58:54
TRF-0001,Riyadh-North,229.11,395.72,60.06,90.66,53.8,NORMAL,C,05/25/2026 00:58:54
TRF-0002,Riyadh-East,228.79,292.04,59.9,66.82,62.2,NORMAL,C,20260525T005854
TRF-0003,Jeddah-Main,234.53,369.77,59.94,86.72,52.3,NORMAL,B,05/25/2026 00:58:54
TRF-0004,Jeddah-Industrial,227.43,449.53,60.05,102.24,38.8,NORMAL,C,25-05-2026 00:58
TRF-0005,Dammam-Central,229.21,109.03,59.9,24.99,53.5,NORMAL,B,2026/05/25 00:58:54
TRF-0006,Dammam-Port,239.3,167.34,59.81,40.04,33.8,NORMAL,C,2026/05/25 00:58:54
TRF-0007,Mecca-Haram,227.51,219.89,59.84,50.03,56.0,NORMAL,B,20260525T005854
TRF-0008,Medina-Central,224.81,178.18,59.92,40.06,43.5,NORMAL,C,20260525T005854
TRF-0009,Abha-City,232.18,110.1,60.1,25.56,58.8,NORMAL,A,25-05-2026 00:58
TRF-0010,Tabuk-Center,222.32,470.48,60.16,104.6,63.0,NORMAL,C,20260525T005854
TRF-0001,Riyadh-North,236.5,169.94,59.93,40.19,57.6,NORMAL,C,05/25/2026 00:58:54
TRF-0002,Riyadh-East,221.55,187.4,59.97,41.52,48.6,NORMAL,C,20260525T005854
TRF-0003,Jeddah-Main,223.55,315.49,59.89,70.53,62.0,NORMAL,B,05/25/2026 00:58:54
TRF-0004,Jeddah-Industrial,228.06,422.71,60.15,96.4,61.3,NORMAL,A,2026-05-25 00:58:54
TRF-0005,Dammam-Central,236.42,392.62,59.95,92.82,35.4,NORMAL,B,05/25/2026 00:58:54
TRF-0006,Dammam-Port,,375.63,59.86,88.04,57.8,NORMAL,A,2026-05-25 00:58:54
TRF-0007,Mecca-Haram,225.03,451.84,60.18,101.68,50.6,NORMAL,A,2026/05/25 00:58:54
TRF-0008,Medina-Central,238.41,204.74,59.99,48.81,43.3,NORMAL,B,05/25/2026 00:58:54
TRF-0009,Abha-City,222.12,399.17,59.86,88.66,57.0,NORMAL,A,2026/05/25 00:58:54
TRF-0010,Tabuk-Center,233.99,151.15,60.02,35.37,58.0,NORMAL,C,2026/05/25 00:58:54
TRF-0001,Riyadh-North,223.94,414.24,60.09,92.76,49.5,NORMAL,A,2026-05-25 00:58:54
TRF-0002,Riyadh-East,221.58,366.69,60.05,81.25,49.9,NORMAL,B,2026-05-25 00:58:54
TRF-0003,Jeddah-Main,233.68,137.66,59.86,32.17,34.4,NORMAL,A,20260525T005854
TRF-0004,Jeddah-Industrial,225.01,272.11,60.11,61.23,36.7,NORMAL,B,2026/05/25 00:58:54
TRF-0005,Dammam-Central,233.14,383.47,59.89,89.4,37.8,NORMAL,C,2026-05-25 00:58:54
TRF-0006,Dammam-Port,238.43,399.48,60.12,95.25,57.7,NORMAL,B,2026-05-25 00:58:54
TRF-0007,Mecca-Haram,233.16,451.02,60.09,105.16,38.3,NORMAL,B,2026/05/25 00:58:54
TRF-0008,Medina-Central,220.14,288.29,60.18,63.46,47.5,NORMAL,C,25-05-2026 00:58
TRF-0009,Abha-City,237.65,148.91,59.92,35.39,64.4,NORMAL,C,05/25/2026 00:58:54
TRF-0010,Tabuk-Center,230.53,365.2,60.13,84.19,40.5,NORMAL,B,20260525T005854
TRF-0010,Tabuk-Center,230.53,365.2,60.13,84.19,40.5,NORMAL,B,20260525T005854
TRF-0001,Riyadh-North,232.75,266.61,59.82,62.05,31.7,NORMAL,C,25-05-2026 00:58
TRF-0002,Riyadh-East,226.12,345.26,59.81,78.07,64.5,NORMAL,C,05/25/2026 00:58:54
TRF-0003,Jeddah-Main,220.16,1136.89,59.81,242.0,111.7,OVERLOAD,C,20260525T005854
TRF-0004,Jeddah-Industrial,225.21,354.62,59.82,79.86,36.9,NORMAL,C,2026/05/25 00:58:54
TRF-0005,Dammam-Central,235.97,409.9,60.11,96.72,60.9,NORMAL,B,25-05-2026 00:58
TRF-0006,Dammam-Port,234.93,386.5,60.15,90.8,56.7,NORMAL,A,05/25/2026 00:58:54
TRF-0007,Mecca-Haram,239.82,494.04,59.8,118.48,63.9,NORMAL,A,25-05-2026 00:58
TRF-0008,Medina-Central,226.31,240.68,60.03,54.47,30.9,NORMAL,C,05/25/2026 00:58:54
TRF-0009,Abha-City,222.39,291.89,60.03,64.91,61.4,NORMAL,A,25-05-2026 00:58
TRF-0010,Tabuk-Center,229.31,190.09,60.0,43.59,54.5,NORMAL,A,2026-05-25 00:58:54
TRF-0001,Riyadh-North,228.84,440.38,59.81,100.78,57.1,NORMAL,A,2026-05-25 00:58:54
TRF-0002,Riyadh-East,225.77,431.84,60.05,97.5,53.1,NORMAL,C,2026/05/25 00:58:54
TRF-0003,Jeddah-Main,227.79,326.42,59.89,74.36,43.1,NORMAL,A,25-05-2026 00:58
TRF-0004,Jeddah-Industrial,224.89,442.66,60.11,99.55,53.8,NORMAL,C,2026/05/25 00:58:54
TRF-0005,Dammam-Central,220.84,935.42,59.87,234.75,98.2,OVERLOAD,C,05/25/2026 00:58:54
TRF-0006,Dammam-Port,224.33,445.84,59.81,100.02,35.1,NORMAL,A,2026-05-25 00:58:54
TRF-0007,Mecca-Haram,234.25,269.2,60.08,63.06,42.3,NORMAL,A,2026/05/25 00:58:54
TRF-0008,Medina-Central,229.31,494.11,59.94,113.3,60.7,NORMAL,C,2026-05-25 00:58:54
TRF-0009,Abha-City,232.39,219.67,60.18,51.05,56.2,NORMAL,C,05/25/2026 00:58:54
TRF-0010,Tabuk-Center,223.08,451.43,59.93,100.71,55.8,NORMAL,B,05/25/2026 00:58:54
TRF-0001,Riyadh-North,239.59,363.29,59.84,87.04,39.2,NORMAL,A,2026/05/25 00:58:54
TRF-0002,Riyadh-East,235.75,289.71,60.13,68.3,50.7,NORMAL,C,20260525T005854
TRF-0003,Jeddah-Main,233.93,390.15,59.83,91.27,61.6,NORMAL,A,2026-05-25 00:58:54
TRF-0004,Jeddah-Industrial,227.8,321.12,59.89,73.15,54.2,NORMAL,A,25-05-2026 00:58
TRF-0005,Dammam-Central,230.15,217.61,59.84,50.08,33.1,NORMAL,B,25-05-2026 00:58
TRF-0006,Dammam-Port,234.41,257.69,59.97,60.41,49.8,NORMAL,C,25-05-2026 00:58
TRF-0007,Mecca-Haram,220.02,107.33,60.17,23.61,32.4,NORMAL,C,2026/05/25 00:58:54
TRF-0008,Medina-Central,236.17,373.65,59.99,88.24,55.2,NORMAL,C,2026-05-25 00:58:54
TRF-0009,Abha-City,223.45,244.37,60.06,54.6,52.3,NORMAL,B,2026/05/25 00:58:54
TRF-0010,Tabuk-Center,222.41,339.15,59.84,75.43,37.8,NORMAL,A,2026/05/25 00:58:54
TRF-0001,Riyadh-North,227.14,102.53,59.82,23.29,45.6,NORMAL,C,05/25/2026 00:58:54
TRF-0002,Riyadh-East,237.21,399.44,59.81,94.75,51.8,NORMAL,B,20260525T005854

TRF-0003,Jeddah-Main,233.05,211.99,59.91,49.4,47.3,NORMAL,C,25-05-2026 00:58
TRF-0004,Jeddah-Industrial,229.98,382.78,60.0,,58.3,NORMAL,A,2026-05-25 00:58:54
TRF-0005,Dammam-Central,236.61,411.17,60.16,97.29,54.7,NORMAL,C,2026/05/25 00:58:54
TRF-0006,Dammam-Port,226.1,258.58,60.02,58.46,36.8,NORMAL,A,05/25/2026 00:58:54
TRF-0007,Mecca-Haram,231.25,165.67,60.0,38.31,40.2,NORMAL,C,2026-05-25 00:58:54
TRF-0007,Mecca-Haram,231.25,165.67,60.0,38.31,40.2,NORMAL,C,2026-05-25 00:58:54
TRF-0008,Medina-Central,227.92,231.18,60.07,52.69,33.4,NORMAL,B,2026/05/25 00:58:54
TRF-0009,Abha-City,230.01,229.17,59.95,52.71,36.3,NORMAL,B,2026-05-25 00:58:54
TRF-0010,Tabuk-Center,237.22,279.78,60.19,66.37,32.6,NORMAL,A,2026-05-25 00:58:54
TRF-0001,Riyadh-North,226.95,359.16,59.86,81.51,62.7,NORMAL,A,2026/05/25 00:58:54
TRF-0002,Riyadh-East,225.41,153.61,59.82,34.63,40.5,NORMAL,C,25-05-2026 00:58
TRF-0003,Jeddah-Main,230.05,220.68,60.08,50.77,33.4,NORMAL,A,20260525T005854
TRF-0004,Jeddah-Industrial,220.37,203.11,59.87,44.76,60.4,NORMAL,B,05/25/2026 00:58:54
TRF-0005,Dammam-Central,230.86,228.71,59.83,52.8,59.6,NORMAL,B,05/25/2026 00:58:54
TRF-0006,Dammam-Port,222.52,312.59,59.94,69.56,38.2,NORMAL,C,20260525T005854
TRF-0007,Mecca-Haram,235.46,205.65,59.86,48.42,34.6,NORMAL,B,2026/05/25 00:58:54
TRF-0008,Medina-Central,231.5,233.89,60.16,54.15,56.0,NORMAL,B,2026/05/25 00:58:54
TRF-0008,Medina-Central,231.5,233.89,60.16,54.15,56.0,NORMAL,B,2026/05/25 00:58:54
TRF-0009,Abha-City,221.38,345.58,60.09,76.5,46.2,NORMAL,B,25-05-2026 00:58
TRF-0010,Tabuk-Center,227.84,283.51,60.02,64.59,62.5,NORMAL,A,20260525T005854
TRF-0001,Riyadh-North,235.83,118.36,59.86,27.91,35.0,NORMAL,B,20260525T005854
TRF-0002,Riyadh-East,225.49,229.24,59.8,51.69,53.2,NORMAL,A,25-05-2026 00:58
TRF-0003,Jeddah-Main,228.27,149.25,59.91,34.07,35.6,NORMAL,A,20260525T005854
TRF-0004,Jeddah-Industrial,228.58,397.74,60.02,90.92,32.4,NORMAL,A,25-05-2026 00:58
TRF-0005,Dammam-Central,224.44,365.97,59.84,82.14,31.5,NORMAL,C,20260525T005854
TRF-0006,Dammam-Port,224.6,149.45,60.06,33.57,50.2,NORMAL,A,05/25/2026 00:58:54
TRF-0007,Mecca-Haram,238.4,205.93,59.81,49.09,62.0,NORMAL,B,2026-05-25 00:58:54
TRF-0008,Medina-Central,222.79,468.56,60.11,104.39,41.2,NORMAL,B,2026-05-25 00:58:54
TRF-0009,Abha-City,229.53,336.42,60.09,77.22,55.5,NORMAL,C,2026-05-25 00:58:54
TRF-0010,Tabuk-Center,225.82,106.18,60.16,23.98,50.1,NORMAL,C,20260525T005854
TRF-0001,Riyadh-North,237.46,274.26,60.19,65.13,50.6,NORMAL,C,2026-05-25 00:58:54
TRF-0002,Riyadh-East,229.05,280.9,59.89,64.34,50.1,NORMAL,A,20260525T005854
TRF-0003,Jeddah-Main,238.6,227.29,59.89,54.23,40.5,NORMAL,A,2026-05-25 00:58:54
TRF-0004,Jeddah-Industrial,228.05,219.35,60.2,50.02,60.0,NORMAL,A,2026-05-25 00:58:54
TRF-0005,Dammam-Central,220.01,483.04,60.17,106.27,59.2,NORMAL,B,2026-05-25 00:58:54
TRF-0006,Dammam-Port,230.52,157.27,60.03,36.25,34.8,NORMAL,A,2026/05/25 00:58:54
TRF-0007,Mecca-Haram,231.77,385.46,59.81,89.34,61.6,NORMAL,C,20260525T005854
TRF-0008,Medina-Central,239.1,372.67,60.1,89.11,44.7,NORMAL,B,05/25/2026 00:58:54
TRF-0009,Abha-City,221.33,273.61,59.96,60.56,36.6,NORMAL,B,20260525T005854
TRF-0010,Tabuk-Center,222.41,446.69,60.12,99.35,49.5,NORMAL,A,20260525T005854
TRF-0001,Riyadh-North,234.61,138.91,59.83,32.59,32.6,NORMAL,A,25-05-2026 00:58
TRF-0002,Riyadh-East,230.0,401.92,,92.44,55.6,NORMAL,C,05/25/2026 00:58:54
TRF-0003,Jeddah-Main,237.16,120.96,60.17,28.69,33.3,NORMAL,B,2026-05-25 00:58:54
TRF-0004,Jeddah-Industrial,224.07,429.84,59.82,96.31,60.1,NORMAL,A,25-05-2026 00:58
TRF-0005,Dammam-Central,223.81,196.04,60.19,43.88,56.7,NORMAL,A,25-05-2026 00:58
TRF-0006,Dammam-Port,226.92,295.81,60.05,67.13,31.0,NORMAL,A,2026-05-25 00:58:54
TRF-0007,Mecca-Haram,221.92,416.29,59.97,92.38,41.0,NORMAL,C,05/25/2026 00:58:54
TRF-0008,Medina-Central,228.79,491.75,59.9,112.51,44.3,NORMAL,C,05/25/2026 00:58:54
TRF-0009,Abha-City,238.27,351.56,59.89,83.77,43.2,NORMAL,B,2026-05-25 00:58:54
TRF-0010,Tabuk-Center,238.99,185.42,60.08,44.31,43.3,NORMAL,C,2026/05/25 00:58:54
TRF-0001,Riyadh-North,220.14,256.39,59.92,56.44,40.6,NORMAL,C,20260525T005854
TRF-0002,Riyadh-East,231.72,499.48,59.82,115.74,60.8,NORMAL,A,20260525T005854
TRF-0003,Jeddah-Main,233.47,469.91,59.83,109.71,49.0,NORMAL,A,2026-05-25 00:58:54
TRF-0004,Jeddah-Industrial,235.23,435.07,59.89,102.34,54.8,NORMAL,B,2026-05-25 00:58:54
TRF-0005,Dammam-Central,236.84,451.88,59.9,107.02,33.5,NORMAL,A,05/25/2026 00:58:54
TRF-0006,Dammam-Port,221.03,448.39,60.15,99.11,48.2,NORMAL,A,2026/05/25 00:58:54
TRF-0007,Mecca-Haram,221.4,250.68,60.1,55.5,35.9,NORMAL,A,25-05-2026 00:58
TRF-0008,Medina-Central,221.05,483.23,59.8,106.82,31.1,NORMAL,A,2026/05/25 00:58:54
TRF-0009,Abha-City,223.22,246.88,59.99,55.11,32.6,NORMAL,A,20260525T005854
TRF-0010,Tabuk-Center,224.96,455.98,59.87,102.58,57.2,NORMAL,C,20260525T005854
TRF-0001,Riyadh-North,238.33,143.53,59.93,34.21,55.0,NORMAL,A,05/25/2026 00:58:54
TRF-0002,Riyadh-East,222.22,338.47,60.13,75.21,63.4,NORMAL,B,25-05-2026 00:58
TRF-0003,Jeddah-Main,237.23,274.29,59.89,65.07,49.5,NORMAL,B,2026/05/25 00:58:54
TRF-0004,Jeddah-Industrial,226.95,256.64,60.05,58.24,39.9,NORMAL,A,2026/05/25 00:58:54
TRF-0005,Dammam-Central,237.11,426.93,60.09,101.23,37.0,NORMAL,B,2026-05-25 00:58:54
TRF-0006,Dammam-Port,235.52,427.4,60.17,100.66,33.4,NORMAL,B,25-05-2026 00:58
TRF-0007,Mecca-Haram,-230,334.8,60.19,79.01,42.0,NORMAL,B,2026/05/25 00:58:54
TRF-0008,Medina-Central,233.43,449.44,60.15,104.91,51.7,NORMAL,C,25-05-2026 00:58
TRF-0009,Abha-City,221.14,425.03,59.96,93.99,40.9,NORMAL,C,2026-05-25 00:58:54
TRF-0010,Tabuk-Center,232.92,434.54,59.96,101.21,64.8,NORMAL,C,05/25/2026 00:58:54
TRF-0001,Riyadh-North,238.69,373.38,60.13,89.12,59.0,NORMAL,C,05/25/2026 00:58:54
TRF-0002,Riyadh-East,225.35,282.06,51.97,63.56,40.2,FREQ_DRIFT,C,2026-05-25 00:58:54
TRF-0003,Jeddah-Main,235.57,423.4,59.91,99.74,31.6,NORMAL,B,25-05-2026 00:58
TRF-0004,Jeddah-Industrial,227.0,145.09,59.92,32.94,51.6,NORMAL,B,2026-05-25 00:58:54
TRF-0005,Dammam-Central,220.81,102.5,59.85,22.63,63.4,NORMAL,B,2026-05-25 00:58:54
TRF-0006,Dammam-Port,229.6,402.93,59.93,92.51,46.2,NORMAL,C,25-05-2026 00:58
TRF-0007,Mecca-Haram,224.84,201.21,60.0,45.24,64.9,NORMAL,C,20260525T005854
TRF-0008,Medina-Central,235.08,338.18,60.03,79.5,47.2,NORMAL,B,2026/05/25 00:58:54
TRF-0009,Abha-City,220.01,289.14,60.13,63.61,58.8,NORMAL,B,25-05-2026 00:58
TRF-0010,Tabuk-Center,-230,472.67,60.2,105.82,63.3,NORMAL,B,2026-05-25 00:58:54
TRF-0001,Riyadh-North,232.25,390.49,59.99,90.69,40.7,NORMAL,B,2026-05-25 00:58:55
TRF-0002,Riyadh-East,228.71,215.06,60.06,49.19,58.6,NORMAL,A,05/25/2026 00:58:55
TRF-0003,Jeddah-Main,231.44,420.75,60.2,97.38,44.2,NORMAL,A,2026-05-25 00:58:55
TRF-0004,Jeddah-Industrial,226.14,0.0,60.19,0.0,30.8,OUTAGE,A,2026/05/25 00:58:55
TRF-0005,Dammam-Central,224.75,443.64,60.14,99.71,49.5,NORMAL,B,25-05-2026 00:58
TRF-0006,Dammam-Port,226.01,401.08,60.08,90.65,31.0,NORMAL,C,05/25/2026 00:58:55
TRF-0007,Mecca-Haram,238.95,0.0,60.11,0.0,52.3,OUTAGE,A,25-05-2026 00:58
TRF-0008,Medina-Central,221.93,124.81,60.19,27.7,44.7,NORMAL,B,25-05-2026 00:58
TRF-0009,Abha-City,225.53,486.06,60.19,109.62,54.2,NORMAL,C,05/25/2026 00:58:55
TRF-0010,Tabuk-Center,230.51,477.15,60.12,109.99,62.2,NORMAL,C,05/25/2026 00:58:55
TRF-0001,Riyadh-North,226.29,148.86,59.85,33.69,61.9,NORMAL,C,25-05-2026 00:58
TRF-0002,Riyadh-East,237.03,438.91,60.14,104.03,39.8,NORMAL,A,05/25/2026 00:58:55
TRF-0003,Jeddah-Main,237.02,,60.03,112.49,44.2,NORMAL,C,25-05-2026 00:58
TRF-0004,Jeddah-Industrial,-230,170.39,60.02,38.3,33.3,NORMAL,C,2026-05-25 00:58:55
TRF-0005,Dammam-Central,236.45,301.62,60.17,71.32,41.3,NORMAL,A,20260525T005855
TRF-0006,Dammam-Port,230.48,209.24,60.04,48.23,63.0,NORMAL,A,2026-05-25 00:58:55
TRF-0007,Mecca-Haram,222.78,317.04,60.17,70.63,55.0,NORMAL,B,2026-05-25 00:58:55
TRF-0008,Medina-Central,238.12,471.96,59.82,112.38,64.6,NORMAL,A,05/25/2026 00:58:55
TRF-0009,Abha-City,228.4,461.75,59.8,105.46,,NORMAL,A,05/25/2026 00:58:55
TRF-0010,Tabuk-Center,229.43,239.23,60.12,54.89,41.8,NORMAL,C,20260525T005855
TRF-0001,Riyadh-North,234.95,140.42,59.89,32.99,51.4,NORMAL,B,2026-05-25 00:58:55
TRF-0002,Riyadh-East,227.33,130.91,59.83,29.76,46.0,NORMAL,B,05/25/2026 00:58:55
TRF-0003,Jeddah-Main,237.55,275.97,59.97,65.56,55.0,NORMAL,A,25-05-2026 00:58
TRF-0004,Jeddah-Industrial,221.49,226.1,59.84,50.08,55.3,NORMAL,B,25-05-2026 00:58
TRF-0005,Dammam-Central,222.11,176.92,60.04,39.3,58.8,NORMAL,B,05/25/2026 00:58:55
TRF-0006,Dammam-Port,238.0,149.83,60.05,35.66,46.6,NORMAL,A,2026-05-25 00:58:55
TRF-0007,Mecca-Haram,239.37,326.07,59.89,78.05,57.5,NORMAL,A,2026-05-25 00:58:55
TRF-0008,Medina-Central,224.85,203.63,59.8,45.79,61.9,NORMAL,B,25-05-2026 00:58
TRF-0009,Abha-City,239.06,284.28,60.19,67.96,31.9,NORMAL,A,2026-05-25 00:58:55
TRF-0010,Tabuk-Center,222.73,148.24,60.1,33.02,38.2,NORMAL,A,2026-05-25 00:58:55
TRF-0001,Riyadh-North,234.25,474.74,59.88,111.21,33.8,NORMAL,C,2026-05-25 00:58:55
TRF-0002,Riyadh-East,230.17,260.64,59.98,59.99,32.8,NORMAL,C,2026-05-25 00:58:55
TRF-0003,Jeddah-Main,228.09,480.54,59.82,109.61,48.8,NORMAL,B,05/25/2026 00:58:55
TRF-0004,Jeddah-Industrial,224.41,479.83,59.84,107.68,,NORMAL,C,2026-05-25 00:58:55
TRF-0005,Dammam-Central,225.84,395.99,59.83,,61.2,NORMAL,B,25-05-2026 00:58
TRF-0006,Dammam-Port,223.44,337.32,59.98,75.37,58.1,NORMAL,B,20260525T005855
TRF-0007,Mecca-Haram,233.77,299.74,59.92,70.07,57.5,NORMAL,A,2026-05-25 00:58:55
TRF-0008,Medina-Central,230.92,346.1,60.02,79.92,41.6,NORMAL,A,2026/05/25 00:58:55
TRF-0009,Abha-City,223.72,296.44,60.12,66.32,62.3,NORMAL,A,05/25/2026 00:58:55
TRF-0010,Tabuk-Center,226.12,415.06,59.88,93.85,53.1,NORMAL,B,2026-05-25 00:58:55
TRF-0001,Riyadh-North,233.74,278.57,60.08,65.11,64.5,NORMAL,C,2026-05-25 00:58:55
TRF-0002,Riyadh-East,236.51,304.92,59.9,72.12,40.3,NORMAL,A,25-05-2026 00:58
TRF-0003,Jeddah-Main,220.19,107.58,52.41,23.69,33.0,FREQ_DRIFT,B,25-05-2026 00:58
TRF-0004,Jeddah-Industrial,221.3,350.2,60.06,77.5,34.5,NORMAL,C,2026-05-25 00:58:55
TRF-0005,Dammam-Central,237.56,387.93,59.89,92.16,36.5,NORMAL,C,2026-05-25 00:58:55
TRF-0006,Dammam-Port,-230,467.24,59.9,109.77,56.6,NORMAL,B,2026/05/25 00:58:55
TRF-0007,Mecca-Haram,228.16,116.76,60.13,26.64,54.8,NORMAL,C,25-05-2026 00:58
TRF-0008,Medina-Central,228.48,403.71,60.14,92.24,39.4,NORMAL,B,2026/05/25 00:58:55
TRF-0009,Abha-City,-230,385.4,60.09,86.87,64.3,NORMAL,A,20260525T005855
TRF-0010,Tabuk-Center,230.24,368.76,59.91,84.9,47.5,NORMAL,B,2026/05/25 00:58:55
TRF-0001,Riyadh-North,232.16,108.46,60.15,25.18,40.6,NORMAL,A,05/25/2026 00:58:55
TRF-0002,Riyadh-East,221.6,156.13,59.88,34.6,45.6,NORMAL,C,25-05-2026 00:58
TRF-0003,Jeddah-Main,232.25,143.67,59.84,33.37,30.7,NORMAL,B,2026/05/25 00:58:55
TRF-0003,Jeddah-Main,232.25,143.67,59.84,33.37,30.7,NORMAL,B,2026/05/25 00:58:55
TRF-0004,Jeddah-Industrial,223.56,293.94,59.83,65.71,30.7,NORMAL,B,25-05-2026 00:58
TRF-0005,Dammam-Central,226.12,428.46,,96.88,41.7,NORMAL,C,2026/05/25 00:58:55
TRF-0006,Dammam-Port,235.34,372.79,59.95,87.73,31.0,NORMAL,B,05/25/2026 00:58:55
TRF-0007,Mecca-Haram,222.3,332.83,59.87,73.99,38.4,NORMAL,B,20260525T005855
TRF-0008,Medina-Central,236.96,387.24,60.0,91.76,51.0,NORMAL,C,2026/05/25 00:58:55
TRF-0009,Abha-City,230.91,401.94,59.8,92.81,62.4,NORMAL,B,25-05-2026 00:58

TRF-0010,Tabuk-Center,224.74,244.95,60.18,55.05,33.1,NORMAL,C,05/25/2026 00:58:55
TRF-0001,Riyadh-North,220.6,305.79,60.2,67.46,53.9,NORMAL,A,2026-05-25 00:58:55
TRF-0002,Riyadh-East,225.53,1153.57,60.12,207.92,109.7,OVERLOAD,B,20260525T005855
TRF-0003,Jeddah-Main,226.74,446.49,60.19,101.24,52.7,NORMAL,C,25-05-2026 00:58
TRF-0004,Jeddah-Industrial,221.52,481.63,60.07,106.69,41.3,NORMAL,A,25-05-2026 00:58
TRF-0005,Dammam-Central,224.36,188.14,59.99,42.21,37.9,NORMAL,A,2026/05/25 00:58:55
TRF-0006,Dammam-Port,226.79,385.5,59.82,87.43,34.1,NORMAL,B,20260525T005855
TRF-0007,Mecca-Haram,227.42,297.67,60.0,67.7,35.1,NORMAL,A,05/25/2026 00:58:55
TRF-0008,Medina-Central,221.5,381.54,59.83,84.51,60.8,NORMAL,B,2026-05-25 00:58:55
TRF-0009,Abha-City,233.87,230.31,59.84,53.86,43.0,NORMAL,B,2026/05/25 00:58:55
TRF-0010,Tabuk-Center,234.4,361.56,60.13,84.75,34.1,NORMAL,A,05/25/2026 00:58:55
TRF-0001,Riyadh-North,221.52,177.56,59.98,39.33,30.3,NORMAL,A,20260525T005855
TRF-0001,Riyadh-North,221.52,177.56,59.98,39.33,30.3,NORMAL,A,20260525T005855
TRF-0002,Riyadh-East,235.64,135.29,60.18,31.88,60.2,NORMAL,A,2026/05/25 00:58:55
TRF-0003,Jeddah-Main,227.35,262.62,60.14,59.71,52.9,NORMAL,A,2026/05/25 00:58:55
TRF-0004,Jeddah-Industrial,230.9,101.33,60.07,23.4,39.6,NORMAL,A,2026/05/25 00:58:55
TRF-0005,Dammam-Central,226.52,433.68,60.04,98.24,44.2,NORMAL,A,2026/05/25 00:58:55
TRF-0006,Dammam-Port,231.69,452.95,59.89,104.94,63.0,NORMAL,A,2026/05/25 00:58:55
TRF-0007,Mecca-Haram,227.72,427.9,59.96,97.44,38.6,NORMAL,A,05/25/2026 00:58:55
TRF-0008,Medina-Central,220.59,464.18,59.9,102.39,30.5,NORMAL,B,25-05-2026 00:58
TRF-0009,Abha-City,236.85,327.04,60.16,77.46,54.5,NORMAL,B,20260525T005855
TRF-0010,Tabuk-Center,231.72,478.94,60.09,110.98,33.1,NORMAL,C,2026-05-25 00:58:55
TRF-0001,Riyadh-North,238.23,110.4,60.04,26.3,34.8,NORMAL,C,05/25/2026 00:58:55
TRF-0002,Riyadh-East,233.49,0.0,59.98,0.0,41.2,OUTAGE,B,25-05-2026 00:58
TRF-0003,Jeddah-Main,226.82,241.0,60.14,54.66,41.0,NORMAL,C,2026-05-25 00:58:55
TRF-0004,Jeddah-Industrial,-230,213.18,59.95,47.69,55.3,NORMAL,C,2026-05-25 00:58:55
TRF-0005,Dammam-Central,236.82,212.72,59.86,50.38,53.8,NORMAL,C,05/25/2026 00:58:55
TRF-0006,Dammam-Port,230.11,363.82,60.11,83.72,250.0,OVERHEAT,C,20260525T005855
TRF-0007,Mecca-Haram,232.94,437.23,59.94,101.85,31.5,NORMAL,B,05/25/2026 00:58:55
TRF-0008,Medina-Central,238.95,405.55,59.89,96.91,52.1,NORMAL,B,25-05-2026 00:58
TRF-0009,Abha-City,230.96,155.73,59.9,35.97,62.0,NORMAL,C,2026/05/25 00:58:55
TRF-0010,Tabuk-Center,235.43,414.84,60.12,97.67,39.9,NORMAL,A,25-05-2026 00:58
TRF-0001,Riyadh-North,237.18,483.63,59.81,114.71,49.3,NORMAL,A,25-05-2026 00:58
TRF-0002,Riyadh-East,231.4,411.73,60.02,95.27,37.4,NORMAL,A,2026/05/25 00:58:55
TRF-0003,Jeddah-Main,230.81,219.91,60.0,50.76,47.2,NORMAL,C,05/25/2026 00:58:55
TRF-0004,Jeddah-Industrial,223.67,1156.54,60.13,225.07,127.7,OVERLOAD,C,25-05-2026 00:58
TRF-0005,Dammam-Central,230.33,160.89,59.84,37.06,34.2,NORMAL,B,2026/05/25 00:58:55
TRF-0006,Dammam-Port,,269.22,60.18,61.15,55.2,NORMAL,B,20260525T005855
TRF-0007,Mecca-Haram,236.02,219.37,60.14,51.78,46.2,NORMAL,B,25-05-2026 00:58
TRF-0008,Medina-Central,228.41,157.33,59.91,35.94,60.4,NORMAL,B,05/25/2026 00:58:55
TRF-0009,Abha-City,-230,354.63,60.12,79.23,52.3,NORMAL,A,2026/05/25 00:58:55
TRF-0010,Tabuk-Center,234.41,472.14,60.17,110.67,33.3,NORMAL,B,20260525T005855
TRF-0001,Riyadh-North,230.72,453.25,59.83,104.57,56.8,NORMAL,A,2026/05/25 00:58:55
TRF-0002,Riyadh-East,222.26,323.61,59.99,71.93,64.6,NORMAL,C,2026-05-25 00:58:55
TRF-0003,Jeddah-Main,230.01,451.28,59.95,103.8,30.4,NORMAL,B,05/25/2026 00:58:55
TRF-0003,Jeddah-Main,230.01,451.28,59.95,103.8,30.4,NORMAL,B,05/25/2026 00:58:55
TRF-0004,Jeddah-Industrial,234.31,350.72,59.97,82.18,58.4,NORMAL,B,2026-05-25 00:58:55
TRF-0005,Dammam-Central,231.89,287.25,60.15,66.61,50.7,NORMAL,A,2026/05/25 00:58:55
TRF-0006,Dammam-Port,221.29,284.91,60.16,63.05,39.5,NORMAL,C,25-05-2026 00:58
TRF-0007,Mecca-Haram,220.97,250.77,59.89,55.41,55.2,NORMAL,A,20260525T005855
TRF-0008,Medina-Central,231.88,404.3,60.13,93.75,42.0,NORMAL,B,2026/05/25 00:58:55
TRF-0009,Abha-City,221.06,284.71,60.09,62.94,51.6,NORMAL,C,05/25/2026 00:58:55
TRF-0010,Tabuk-Center,220.84,239.91,60.08,52.98,30.3,NORMAL,A,2026-05-25 00:58:55
TRF-0001,Riyadh-North,222.28,282.41,60.09,62.77,31.4,NORMAL,C,20260525T005855
TRF-0002,Riyadh-East,230.14,191.5,59.9,44.07,51.0,NORMAL,C,25-05-2026 00:58
TRF-0003,Jeddah-Main,238.33,160.75,60.0,38.31,46.2,NORMAL,A,2026-05-25 00:58:55
TRF-0004,Jeddah-Industrial,227.74,245.66,59.8,55.95,48.1,NORMAL,A,2026-05-25 00:58:55
TRF-0005,Dammam-Central,231.2,488.72,60.05,112.99,42.1,NORMAL,B,2026-05-25 00:58:55
TRF-0006,Dammam-Port,-230,367.35,60.15,87.29,44.1,NORMAL,A,25-05-2026 00:58
TRF-0007,Mecca-Haram,239.08,137.36,60.12,32.84,44.8,NORMAL,C,2026/05/25 00:58:55
TRF-0008,Medina-Central,232.69,419.71,59.96,97.66,31.8,NORMAL,A,20260525T005855
TRF-0009,Abha-City,231.31,300.63,60.08,69.54,33.3,NORMAL,A,25-05-2026 00:58
TRF-0009,Abha-City,231.31,300.63,60.08,69.54,33.3,NORMAL,A,25-05-2026 00:58
TRF-0010,Tabuk-Center,233.9,,60.05,73.38,34.6,NORMAL,C,2026/05/25 00:58:55
TRF-0001,Riyadh-North,236.38,366.85,59.89,86.72,47.3,NORMAL,B,20260525T005855
TRF-0002,Riyadh-East,239.26,348.15,59.92,83.3,40.6,NORMAL,C,25-05-2026 00:58
TRF-0003,Jeddah-Main,230.59,413.76,60.12,95.41,48.0,NORMAL,A,25-05-2026 00:58
TRF-0003,Jeddah-Main,230.59,413.76,60.12,95.41,48.0,NORMAL,A,25-05-2026 00:58
TRF-0004,Jeddah-Industrial,235.04,160.25,59.98,37.67,32.3,NORMAL,A,2026-05-25 00:58:55
TRF-0005,Dammam-Central,236.93,206.36,59.98,48.89,54.7,NORMAL,A,20260525T005855
TRF-0006,Dammam-Port,223.14,187.28,59.94,41.79,51.2,NORMAL,A,05/25/2026 00:58:55
TRF-0007,Mecca-Haram,232.3,387.97,60.07,90.13,35.5,NORMAL,C,2026-05-25 00:58:55
TRF-0008,Medina-Central,224.52,398.99,59.89,89.58,33.2,NORMAL,C,05/25/2026 00:58:55
TRF-0009,Abha-City,237.98,180.06,59.92,42.85,52.7,NORMAL,A,2026/05/25 00:58:55
TRF-0010,Tabuk-Center,238.34,270.14,67.14,64.39,30.5,FREQ_DRIFT,A,2026-05-25 00:58:55
TRF-0001,Riyadh-North,221.55,265.64,60.16,58.85,47.7,NORMAL,B,2026/05/25 00:58:55
TRF-0002,Riyadh-East,225.45,183.35,59.86,41.34,46.0,NORMAL,C,25-05-2026 00:58
TRF-0003,Jeddah-Main,220.68,355.64,60.15,78.48,33.2,NORMAL,B,20260525T005855
TRF-0003,Jeddah-Main,220.68,355.64,60.15,78.48,33.2,NORMAL,B,20260525T005855
TRF-0004,Jeddah-Industrial,224.45,496.36,60.02,111.41,31.8,NORMAL,C,20260525T005855
TRF-0005,Dammam-Central,227.67,385.78,60.14,87.83,32.1,NORMAL,A,2026/05/25 00:58:55
TRF-0006,Dammam-Port,222.07,144.26,60.05,32.04,31.8,NORMAL,A,2026-05-25 00:58:55
TRF-0007,Mecca-Haram,238.26,430.41,60.17,102.55,30.1,NORMAL,B,20260525T005855
TRF-0008,Medina-Central,224.25,485.12,59.89,108.79,52.1,NORMAL,A,20260525T005855
TRF-0009,Abha-City,227.47,220.25,59.83,50.1,49.5,NORMAL,B,20260525T005855
TRF-0010,Tabuk-Center,234.3,370.04,59.89,86.7,52.9,NORMAL,A,25-05-2026 00:58
TRF-0001,Riyadh-North,220.38,202.97,60.16,44.73,63.7,NORMAL,A,20260525T005855
TRF-0002,Riyadh-East,235.29,303.92,59.93,71.51,50.8,NORMAL,C,05/25/2026 00:58:55
TRF-0003,Jeddah-Main,227.2,327.96,59.97,74.51,37.7,NORMAL,B,25-05-2026 00:58
TRF-0004,Jeddah-Industrial,225.02,241.38,60.06,54.32,62.9,NORMAL,B,25-05-2026 00:58
TRF-0005,Dammam-Central,227.32,194.01,,44.1,33.7,NORMAL,A,20260525T005855
TRF-0006,Dammam-Port,223.89,124.2,60.01,27.81,53.5,NORMAL,B,2026/05/25 00:58:55
TRF-0007,Mecca-Haram,221.11,158.02,60.18,34.94,34.8,NORMAL,A,25-05-2026 00:58
TRF-0008,Medina-Central,220.5,420.24,59.93,92.66,30.4,NORMAL,C,20260525T005855
TRF-0009,Abha-City,227.88,186.93,60.1,42.6,33.4,NORMAL,A,2026/05/25 00:58:55
TRF-0010,Tabuk-Center,221.59,207.35,59.85,45.95,61.4,NORMAL,B,2026/05/25 00:58:55
TRF-0001,Riyadh-North,220.12,232.73,60.12,51.23,46.4,NORMAL,B,05/25/2026 00:58:55
TRF-0002,Riyadh-East,221.3,188.08,60.17,41.62,51.2,NORMAL,B,2026-05-25 00:58:55
TRF-0003,Jeddah-Main,228.09,139.78,59.8,31.88,40.4,NORMAL,C,20260525T005855
CORRUPTED_DATA_###!!!@@@@
TRF-0004,Jeddah-Industrial,228.71,347.07,59.88,79.38,43.8,NORMAL,B,2026/05/25 00:58:55
TRF-0005,Dammam-Central,224.14,148.18,59.97,33.21,44.5,NORMAL,B,2026-05-25 00:58:55
TRF-0006,Dammam-Port,229.48,431.67,60.06,99.06,41.3,NORMAL,A,2026/05/25 00:58:55
TRF-0007,Mecca-Haram,220.93,463.91,60.13,102.49,37.7,NORMAL,B,05/25/2026 00:58:55
TRF-0008,Medina-Central,239.33,284.99,60.12,68.21,39.5,NORMAL,B,20260525T005855
TRF-0009,Abha-City,232.45,275.79,59.9,64.11,42.2,NORMAL,C,25-05-2026 00:58
TRF-0010,Tabuk-Center,222.72,151.68,60.19,33.78,50.9,NORMAL,B,05/25/2026 00:58:55
TRF-0001,Riyadh-North,226.66,225.7,59.91,51.16,57.0,NORMAL,A,2026-05-25 00:58:55
TRF-0002,Riyadh-East,239.45,150.98,60.1,36.15,44.0,NORMAL,B,25-05-2026 00:58
TRF-0003,Jeddah-Main,231.02,448.05,59.95,103.51,39.2,NORMAL,C,25-05-2026 00:58
TRF-0004,Jeddah-Industrial,220.01,1170.27,59.96,256.91,122.1,OVERLOAD,A,25-05-2026 00:58
TRF-0005,Dammam-Central,220.15,485.39,,106.86,46.7,NORMAL,A,2026/05/25 00:58:55
TRF-0006,Dammam-Port,228.83,493.92,60.19,113.02,54.0,NORMAL,B,2026-05-25 00:58:55
TRF-0007,Mecca-Haram,236.39,387.14,59.91,91.52,54.5,NORMAL,B,05/25/2026 00:58:55
TRF-0008,Medina-Central,-230,213.56,60.14,50.95,32.6,NORMAL,C,2026/05/25 00:58:55
TRF-0009,Abha-City,234.92,210.89,60.01,49.54,64.5,NORMAL,B,25-05-2026 00:58
TRF-0010,Tabuk-Center,227.57,394.83,60.19,89.85,37.3,NORMAL,A,25-05-2026 00:58
TRF-0001,Riyadh-North,225.01,426.56,59.85,95.98,63.5,NORMAL,B,2026/05/25 00:58:55
TRF-0002,Riyadh-East,239.18,399.5,59.88,95.55,50.4,NORMAL,C,2026/05/25 00:58:55
TRF-0003,Jeddah-Main,236.94,289.51,59.95,68.6,39.1,NORMAL,B,05/25/2026 00:58:55
TRF-0004,Jeddah-Industrial,226.03,485.43,60.16,109.72,46.5,NORMAL,A,25-05-2026 00:58
TRF-0005,Dammam-Central,234.56,159.87,60.09,37.5,63.7,NORMAL,B,2026-05-25 00:58:55
TRF-0006,Dammam-Port,225.67,295.88,60.19,66.77,49.8,NORMAL,B,05/25/2026 00:58:55
TRF-0007,Mecca-Haram,226.09,357.44,60.03,80.81,38.7,NORMAL,A,2026/05/25 00:58:55
TRF-0008,Medina-Central,233.88,197.42,60.03,46.17,,NORMAL,A,20260525T005855
TRF-0009,Abha-City,236.23,438.59,59.93,103.61,36.2,NORMAL,A,2026-05-25 00:58:55
TRF-0010,Tabuk-Center,223.89,461.01,60.12,103.22,40.3,NORMAL,C,05/25/2026 00:58:55
TRF-0001,Riyadh-North,234.72,410.68,60.02,96.39,57.3,NORMAL,B,2026/05/25 00:58:55
TRF-0002,Riyadh-East,232.5,286.29,60.2,,56.0,NORMAL,C,2026-05-25 00:58:55
TRF-0003,Jeddah-Main,235.58,295.78,60.09,69.68,55.3,NORMAL,B,25-05-2026 00:58
TRF-0004,Jeddah-Industrial,227.85,184.05,59.97,41.94,38.1,NORMAL,B,2026/05/25 00:58:55
TRF-0005,Dammam-Central,229.85,337.57,59.94,77.59,59.2,NORMAL,B,05/25/2026 00:58:55
TRF-0006,Dammam-Port,238.68,112.43,59.84,26.83,,NORMAL,B,20260525T005855
TRF-0007,Mecca-Haram,239.91,243.45,60.04,58.41,57.1,NORMAL,B,05/25/2026 00:58:55
TRF-0008,Medina-Central,232.87,147.44,59.9,34.33,53.4,NORMAL,B,2026/05/25 00:58:55
TRF-0009,Abha-City,222.02,406.47,60.0,90.24,47.0,NORMAL,A,20260525T005855
TRF-0010,Tabuk-Center,236.17,226.0,59.84,53.37,57.5,NORMAL,A,20260525T005855
TRF-0010,Tabuk-Center,236.17,226.0,59.84,53.37,57.5,NORMAL,A,20260525T005855
TRF-0001,Riyadh-North,230.61,120.1,60.0,27.7,46.8,NORMAL,B,20260525T005856
TRF-0002,Riyadh-East,229.8,186.0,59.93,42.74,61.4,NORMAL,A,25-05-2026 00:58
TRF-0003,Jeddah-Main,228.69,332.99,60.2,76.15,32.6,NORMAL,B,20260525T005856
TRF-0004,Jeddah-Industrial,237.97,411.24,59.99,97.86,36.3,NORMAL,A,2026/05/25 00:58:56
TRF-0005,Dammam-Central,226.84,295.42,60.14,67.01,49.0,NORMAL,A,20260525T005856
TRF-0006,Dammam-Port,237.77,364.59,59.85,86.69,41.0,NORMAL,A,05/25/2026 00:58:56
TRF-0007,Mecca-Haram,226.46,460.75,60.12,104.34,46.3,NORMAL,B,2026-05-25 00:58:56
TRF-0008,Medina-Central,224.34,284.5,,63.82,34.0,NORMAL,C,25-05-2026 00:58
TRF-0009,Abha-City,234.0,286.66,59.89,67.08,58.4,NORMAL,A,05/25/2026 00:58:56
TRF-0010,Tabuk-Center,233.01,236.19,59.91,55.03,53.7,NORMAL,C,20260525T005856
TRF-0001,Riyadh-North,232.78,257.47,60.12,,43.9,NORMAL,B,20260525T005856
TRF-0002,Riyadh-East,221.39,487.06,60.2,107.83,40.5,NORMAL,C,2026/05/25 00:58:56
TRF-0003,Jeddah-Main,220.27,163.82,59.89,36.08,32.1,NORMAL,A,05/25/2026 00:58:56
TRF-0004,Jeddah-Industrial,239.82,333.27,60.11,79.92,32.2,NORMAL,B,2026-05-25 00:58:56
TRF-0005,Dammam-Central,221.52,108.73,59.85,24.09,38.4,NORMAL,B,05/25/2026 00:58:56
TRF-0006,Dammam-Port,228.11,296.65,60.01,67.67,52.1,NORMAL,B,2026/05/25 00:58:56
TRF-0007,Mecca-Haram,234.24,149.79,59.81,35.09,63.9,NORMAL,A,2026-05-25 00:58:56
TRF-0008,Medina-Central,220.53,119.84,59.88,26.43,55.7,NORMAL,B,2026-05-25 00:58:56
TRF-0009,Abha-City,223.8,256.81,59.91,57.47,62.2,NORMAL,C,25-05-2026 00:58
TRF-0010,Tabuk-Center,223.3,257.23,59.88,57.44,35.7,NORMAL,C,20260525T005856
TRF-0001,Riyadh-North,222.86,271.79,60.16,,56.3,NORMAL,C,25-05-2026 00:58
TRF-0002,Riyadh-East,226.42,404.44,60.02,91.57,51.1,NORMAL,C,2026/05/25 00:58:56
TRF-0003,Jeddah-Main,238.62,202.87,60.08,48.41,50.2,NORMAL,C,2026-05-25 00:58:56
TRF-0004,Jeddah-Industrial,232.41,301.07,60.02,69.97,250.0,OVERHEAT,C,2026-05-25 00:58:56
TRF-0005,Dammam-Central,234.18,421.14,59.91,98.62,37.1,NORMAL,A,2026/05/25 00:58:56
TRF-0006,Dammam-Port,236.67,136.89,59.9,32.4,45.8,NORMAL,C,25-05-2026 00:58
TRF-0007,Mecca-Haram,234.77,422.51,59.96,99.19,38.9,NORMAL,A,05/25/2026 00:58:56
TRF-0008,Medina-Central,228.49,313.56,60.17,71.65,62.4,NORMAL,A,2026/05/25 00:58:56
TRF-0009,Abha-City,229.25,303.21,60.1,69.51,32.6,NORMAL,C,2026-05-25 00:58:56
TRF-0010,Tabuk-Center,226.15,167.06,60.07,37.78,37.2,NORMAL,B,25-05-2026 00:58
TRF-0001,Riyadh-North,225.29,420.42,60.19,94.72,47.9,NORMAL,A,2026-05-25 00:58:56
TRF-0002,Riyadh-East,231.36,101.73,60.19,23.54,33.7,NORMAL,B,25-05-2026 00:58
TRF-0003,Jeddah-Main,225.08,463.15,59.91,104.25,63.7,NORMAL,C,20260525T005856
TRF-0004,Jeddah-Industrial,230.81,237.68,60.2,54.86,63.4,NORMAL,B,05/25/2026 00:58:56
TRF-0005,Dammam-Central,234.89,318.88,60.06,74.9,33.4,NORMAL,B,2026-05-25 00:58:56
TRF-0006,Dammam-Port,239.17,377.55,60.1,90.3,,NORMAL,B,2026-05-25 00:58:56
TRF-0007,Mecca-Haram,222.29,390.74,60.08,86.86,63.9,NORMAL,C,2026/05/25 00:58:56
TRF-0008,Medina-Central,230.24,416.79,60.17,95.96,40.6,NORMAL,B,20260525T005856
TRF-0009,Abha-City,238.67,156.91,60.06,37.45,38.9,NORMAL,B,2026/05/25 00:58:56
TRF-0010,Tabuk-Center,232.52,473.25,59.99,110.04,45.7,NORMAL,B,2026-05-25 00:58:56
TRF-0001,Riyadh-North,236.29,396.04,59.87,93.58,55.4,NORMAL,B,25-05-2026 00:58
TRF-0002,Riyadh-East,232.46,290.49,60.03,67.53,41.6,NORMAL,C,20260525T005856
TRF-0003,Jeddah-Main,230.11,453.78,59.91,104.42,30.5,NORMAL,C,20260525T005856
TRF-0004,Jeddah-Industrial,222.62,216.3,59.82,48.15,57.5,NORMAL,A,25-05-2026 00:58
TRF-0005,Dammam-Central,232.7,215.43,60.16,50.13,34.1,NORMAL,B,2026-05-25 00:58:56
TRF-0006,Dammam-Port,222.58,315.6,60.16,70.25,41.5,NORMAL,B,05/25/2026 00:58:56
TRF-0007,Mecca-Haram,235.9,205.86,59.83,48.56,38.3,NORMAL,C,05/25/2026 00:58:56
TRF-0008,Medina-Central,239.25,455.67,59.8,109.02,40.7,NORMAL,C,2026-05-25 00:58:56
TRF-0009,Abha-City,230.92,492.24,60.01,113.67,47.0,NORMAL,A,05/25/2026 00:58:56
TRF-0010,Tabuk-Center,220.44,292.51,59.92,64.48,43.0,NORMAL,A,2026-05-25 00:58:56
TRF-0001,Riyadh-North,233.49,276.32,59.9,64.52,47.2,NORMAL,A,2026/05/25 00:58:56
TRF-0002,Riyadh-East,238.1,452.1,60.18,,55.3,NORMAL,A,2026-05-25 00:58:56
TRF-0003,Jeddah-Main,232.91,352.65,60.08,82.14,31.6,NORMAL,C,05/25/2026 00:58:56
TRF-0004,Jeddah-Industrial,239.91,369.24,59.87,88.58,34.2,NORMAL,C,05/25/2026 00:58:56
TRF-0005,Dammam-Central,228.93,430.61,60.01,98.58,62.5,NORMAL,B,2026-05-25 00:58:56
TRF-0006,Dammam-Port,221.53,485.39,60.11,107.53,52.2,NORMAL,A,20260525T005856
TRF-0007,Mecca-Haram,232.73,265.18,60.04,61.72,59.9,NORMAL,C,2026/05/25 00:58:56
TRF-0008,Medina-Central,221.34,261.37,59.83,57.85,59.7,NORMAL,C,25-05-2026 00:58
TRF-0009,Abha-City,228.53,422.39,59.86,96.53,41.9,NORMAL,A,2026/05/25 00:58:56
TRF-0010,Tabuk-Center,239.01,350.04,59.94,83.66,60.8,NORMAL,B,25-05-2026 00:58
TRF-0010,Tabuk-Center,239.01,350.04,59.94,83.66,60.8,NORMAL,B,25-05-2026 00:58
TRF-0001,Riyadh-North,228.42,474.1,60.01,108.29,54.3,NORMAL,A,2026/05/25 00:58:56
TRF-0002,Riyadh-East,234.69,193.02,59.96,45.3,58.9,NORMAL,A,2026-05-25 00:58:56
TRF-0003,Jeddah-Main,223.88,370.39,60.04,82.92,42.0,NORMAL,A,05/25/2026 00:58:56
TRF-0004,Jeddah-Industrial,223.61,110.23,59.99,24.65,63.4,NORMAL,B,25-05-2026 00:58
TRF-0005,Dammam-Central,232.96,103.17,59.92,24.03,59.9,NORMAL,B,2026/05/25 00:58:56
TRF-0006,Dammam-Port,225.25,234.1,59.99,52.73,47.4,NORMAL,C,2026/05/25 00:58:56
TRF-0007,Mecca-Haram,222.35,386.29,60.08,85.89,43.9,NORMAL,B,20260525T005856
TRF-0008,Medina-Central,233.48,315.67,59.94,73.7,40.2,NORMAL,A,2026-05-25 00:58:56
TRF-0009,Abha-City,225.45,129.81,60.15,29.27,60.2,NORMAL,C,25-05-2026 00:58
TRF-0010,Tabuk-Center,222.31,340.15,60.12,75.62,48.2,NORMAL,C,25-05-2026 00:58
TRF-0001,Riyadh-North,229.44,242.14,59.93,55.56,55.1,NORMAL,C,05/25/2026 00:58:56
TRF-0002,Riyadh-East,226.97,406.08,60.12,92.17,40.7,NORMAL,C,2026/05/25 00:58:56
TRF-0003,Jeddah-Main,232.67,117.64,59.83,27.37,36.6,NORMAL,A,2026/05/25 00:58:56
TRF-0004,Jeddah-Industrial,221.51,331.92,59.95,73.52,51.5,NORMAL,A,25-05-2026 00:58
TRF-0005,Dammam-Central,229.71,148.05,59.97,34.01,46.5,NORMAL,C,25-05-2026 00:58
TRF-0006,Dammam-Port,235.08,312.26,59.91,73.41,30.3,NORMAL,B,2026-05-25 00:58:56
TRF-0007,Mecca-Haram,225.07,409.8,59.81,92.23,55.6,NORMAL,B,2026-05-25 00:58:56
TRF-0008,Medina-Central,221.42,135.32,59.9,29.96,58.1,NORMAL,A,2026-05-25 00:58:56
TRF-0009,Abha-City,231.65,388.07,52.89,89.9,33.4,FREQ_DRIFT,A,2026/05/25 00:58:56
TRF-0010,Tabuk-Center,232.9,473.67,60.19,,49.6,NORMAL,A,2026-05-25 00:58:56
TRF-0001,Riyadh-North,235.94,441.5,59.81,104.17,51.3,NORMAL,B,25-05-2026 00:58
TRF-0002,Riyadh-East,232.25,148.98,60.13,34.6,40.8,NORMAL,C,05/25/2026 00:58:56
TRF-0003,Jeddah-Main,235.94,179.91,59.81,42.45,34.5,NORMAL,C,25-05-2026 00:58
TRF-0004,Jeddah-Industrial,226.27,392.48,59.9,88.81,36.5,NORMAL,A,2026-05-25 00:58:56
TRF-0005,Dammam-Central,228.78,140.17,59.91,32.07,36.6,NORMAL,B,20260525T005856
TRF-0006,Dammam-Port,238.11,126.92,60.05,30.22,39.3,NORMAL,C,25-05-2026 00:58
TRF-0007,Mecca-Haram,234.8,442.08,60.05,103.8,35.3,NORMAL,C,25-05-2026 00:58
TRF-0008,Medina-Central,222.11,362.93,60.08,80.61,60.3,NORMAL,C,25-05-2026 00:58
TRF-0009,Abha-City,236.93,390.1,60.0,92.43,38.9,NORMAL,C,2026-05-25 00:58:56
TRF-0010,Tabuk-Center,233.4,493.74,59.94,115.24,42.1,NORMAL,B,05/25/2026 00:58:56
TRF-0001,Riyadh-North,220.53,385.2,60.03,84.95,53.6,NORMAL,B,2026-05-25 00:58:56
TRF-0002,Riyadh-East,-230,310.15,59.88,71.84,53.1,NORMAL,C,05/25/2026 00:58:56
TRF-0003,Jeddah-Main,226.91,187.55,59.96,42.56,250.0,OVERHEAT,B,25-05-2026 00:58
TRF-0004,Jeddah-Industrial,238.36,254.59,60.04,60.68,36.1,NORMAL,B,25-05-2026 00:58
TRF-0005,Dammam-Central,232.89,256.52,60.09,59.74,48.8,NORMAL,A,2026-05-25 00:58:56
TRF-0006,Dammam-Port,224.33,220.44,59.89,49.45,30.6,NORMAL,C,05/25/2026 00:58:56
TRF-0007,Mecca-Haram,229.72,485.5,59.86,111.53,38.9,NORMAL,B,2026-05-25 00:58:56
TRF-0008,Medina-Central,221.05,499.6,60.03,110.44,59.2,NORMAL,B,2026/05/25 00:58:56
TRF-0009,Abha-City,226.73,206.15,59.98,46.74,41.0,NORMAL,C,2026/05/25 00:58:56
TRF-0010,Tabuk-Center,232.53,332.68,60.16,77.36,30.7,NORMAL,A,2026/05/25 00:58:56
TRF-0001,Riyadh-North,228.51,433.05,60.1,98.96,64.5,NORMAL,C,2026-05-25 00:58:56
TRF-0002,Riyadh-East,221.51,410.31,60.12,90.89,30.9,NORMAL,B,05/25/2026 00:58:56
TRF-0003,Jeddah-Main,222.76,404.89,59.9,90.19,59.1,NORMAL,C,2026/05/25 00:58:56
TRF-0004,Jeddah-Industrial,232.89,133.35,60.03,31.06,36.0,NORMAL,A,2026/05/25 00:58:56
TRF-0005,Dammam-Central,234.48,271.92,59.81,63.76,62.6,NORMAL,B,20260525T005856
TRF-0006,Dammam-Port,222.76,476.86,59.85,106.23,41.1,NORMAL,A,2026-05-25 00:58:56
TRF-0007,Mecca-Haram,221.66,493.97,60.08,,35.9,NORMAL,A,20260525T005856
TRF-0008,Medina-Central,236.55,301.45,60.2,71.31,57.8,NORMAL,B,05/25/2026 00:58:56
TRF-0009,Abha-City,225.93,240.55,60.03,54.35,59.7,NORMAL,A,2026/05/25 00:58:56
TRF-0010,Tabuk-Center,233.45,371.09,59.86,86.63,46.1,NORMAL,A,25-05-2026 00:58
TRF-0001,Riyadh-North,231.69,428.75,60.15,99.34,54.8,NORMAL,A,05/25/2026 00:58:56
TRF-0002,Riyadh-East,230.43,232.51,60.11,53.58,57.4,NORMAL,B,25-05-2026 00:58
TRF-0003,Jeddah-Main,,360.43,59.92,83.1,42.0,NORMAL,B,05/25/2026 00:58:56
TRF-0004,Jeddah-Industrial,229.01,154.78,59.89,35.45,36.6,NORMAL,C,2026/05/25 00:58:56
TRF-0005,Dammam-Central,239.73,257.24,59.85,61.67,56.4,NORMAL,B,05/25/2026 00:58:56
TRF-0006,Dammam-Port,237.77,246.86,60.19,58.7,47.6,NORMAL,A,2026/05/25 00:58:56
TRF-0007,Mecca-Haram,233.75,399.12,59.96,93.29,39.5,NORMAL,C,05/25/2026 00:58:56
TRF-0008,Medina-Central,230.25,313.06,59.92,72.08,60.4,NORMAL,C,05/25/2026 00:58:56
TRF-0009,Abha-City,232.6,406.26,60.16,94.5,33.5,NORMAL,C,2026-05-25 00:58:56
TRF-0010,Tabuk-Center,239.41,433.07,60.11,103.68,33.7,NORMAL,A,2026-05-25 00:58:56
TRF-0001,Riyadh-North,234.45,0.0,59.83,0.0,32.8,OUTAGE,B,25-05-2026 00:58
TRF-0002,Riyadh-East,235.66,258.91,60.16,61.01,61.9,NORMAL,A,2026/05/25 00:58:56
TRF-0003,Jeddah-Main,237.57,374.5,59.94,88.97,51.3,NORMAL,C,2026/05/25 00:58:56
TRF-0004,Jeddah-Industrial,225.57,190.27,60.13,,40.6,NORMAL,C,25-05-2026 00:58
TRF-0005,Dammam-Central,234.55,283.92,60.01,66.59,54.8,NORMAL,A,2026-05-25 00:58:56
TRF-0006,Dammam-Port,228.18,213.51,59.87,48.72,41.6,NORMAL,B,2026-05-25 00:58:56
TRF-0007,Mecca-Haram,235.29,154.91,60.08,36.45,44.8,NORMAL,A,20260525T005856
TRF-0008,Medina-Central,229.52,383.29,60.16,87.97,64.5,NORMAL,A,2026-05-25 00:58:56
TRF-0008,Medina-Central,229.52,383.29,60.16,87.97,64.5,NORMAL,A,2026-05-25 00:58:56
TRF-0009,Abha-City,220.42,329.62,59.94,72.65,35.1,NORMAL,B,20260525T005856
TRF-0010,Tabuk-Center,222.55,245.76,59.91,54.69,46.5,NORMAL,C,25-05-2026 00:58
TRF-0001,Riyadh-North,234.84,403.86,60.11,94.84,51.9,NORMAL,A,25-05-2026 00:58
TRF-0002,Riyadh-East,223.8,135.57,60.06,30.34,34.4,NORMAL,B,2026-05-25 00:58:56
TRF-0003,Jeddah-Main,224.03,136.68,60.17,30.62,44.0,NORMAL,B,25-05-2026 00:58
TRF-0004,Jeddah-Industrial,233.12,261.85,59.81,61.04,35.5,NORMAL,C,25-05-2026 00:58
TRF-0005,Dammam-Central,226.86,236.11,65.26,53.56,46.3,FREQ_DRIFT,A,2026-05-25 00:58:56
TRF-0006,Dammam-Port,238.62,145.25,68.95,34.66,38.0,FREQ_DRIFT,B,25-05-2026 00:58
TRF-0007,Mecca-Haram,234.09,119.02,59.97,27.86,63.1,NORMAL,A,25-05-2026 00:58
TRF-0008,Medina-Central,234.86,404.23,59.98,94.94,35.3,NORMAL,C,05/25/2026 00:58:56
TRF-0009,Abha-City,239.2,204.52,60.03,48.92,57.5,NORMAL,C,25-05-2026 00:58
TRF-0010,Tabuk-Center,224.95,211.58,59.99,47.59,55.6,NORMAL,A,05/25/2026 00:58:56
TRF-0001,Riyadh-North,227.59,425.73,59.85,96.89,64.9,NORMAL,C,2026-05-25 00:58:56
TRF-0002,Riyadh-East,225.75,145.73,59.88,32.9,54.9,NORMAL,A,2026/05/25 00:58:56
TRF-0003,Jeddah-Main,224.6,298.62,60.14,67.07,55.7,NORMAL,A,2026/05/25 00:58:56
TRF-0004,Jeddah-Industrial,236.1,377.17,59.89,89.05,56.0,NORMAL,B,2026-05-25 00:58:56
SENSOR_ERROR_0xFFA2
TRF-0005,Dammam-Central,236.67,173.58,60.11,41.08,56.5,NORMAL,C,05/25/2026 00:58:56
TRF-0006,Dammam-Port,235.46,170.25,60.05,40.09,30.0,NORMAL,B,2026/05/25 00:58:56
TRF-0007,Mecca-Haram,220.52,176.24,59.94,38.86,43.2,NORMAL,A,25-05-2026 00:58
TRF-0008,Medina-Central,233.86,157.95,59.83,36.94,39.6,NORMAL,C,05/25/2026 00:58:56
TRF-0009,Abha-City,237.6,476.1,60.09,113.12,38.5,NORMAL,B,25-05-2026 00:58
TRF-0010,Tabuk-Center,225.13,335.44,59.83,75.52,64.2,NORMAL,C,05/25/2026 00:58:56
TRF-0001,Riyadh-North,227.78,,60.01,56.22,36.9,NORMAL,C,05/25/2026 00:58:56
TRF-0002,Riyadh-East,225.89,391.33,59.96,88.4,47.3,NORMAL,C,2026-05-25 00:58:56
TRF-0003,Jeddah-Main,229.13,436.68,47.68,100.06,52.0,FREQ_DRIFT,B,20260525T005856
TRF-0004,Jeddah-Industrial,223.46,400.26,59.91,89.44,30.4,NORMAL,A,20260525T005856
TRF-0005,Dammam-Central,236.75,498.08,60.0,117.92,51.0,NORMAL,A,20260525T005856
TRF-0006,Dammam-Port,224.52,166.78,59.82,37.45,54.3,NORMAL,C,2026-05-25 00:58:56
TRF-0007,Mecca-Haram,225.83,161.05,60.04,36.37,48.2,NORMAL,C,25-05-2026 00:58
TRF-0008,Medina-Central,227.42,158.9,59.93,36.14,51.3,NORMAL,C,2026-05-25 00:58:56
TRF-0009,Abha-City,227.7,465.28,60.11,105.94,52.5,NORMAL,C,25-05-2026 00:58
TRF-0010,Tabuk-Center,226.35,341.23,60.17,77.24,46.2,NORMAL,B,05/25/2026 00:58:56
TRF-0001,Riyadh-North,237.5,112.83,60.04,26.8,58.1,NORMAL,B,2026-05-25 00:58:56
TRF-0002,Riyadh-East,234.48,315.46,59.91,73.97,37.5,NORMAL,B,20260525T005856
TRF-0003,Jeddah-Main,221.37,445.05,60.06,98.52,61.2,NORMAL,C,2026-05-25 00:58:56
TRF-0004,Jeddah-Industrial,224.1,466.98,59.96,104.65,46.2,NORMAL,B,05/25/2026 00:58:56
TRF-0005,Dammam-Central,227.33,308.3,60.03,70.09,250.0,OVERHEAT,C,2026/05/25 00:58:56
TRF-0006,Dammam-Port,225.39,121.25,60.03,27.33,42.3,NORMAL,A,2026/05/25 00:58:56
TRF-0007,Mecca-Haram,236.58,170.63,59.98,40.37,38.9,NORMAL,B,2026-05-25 00:58:56
TRF-0008,Medina-Central,237.56,469.0,59.85,111.42,40.5,NORMAL,C,2026-05-25 00:58:56
TRF-0009,Abha-City,226.27,157.97,59.9,35.74,30.9,NORMAL,A,2026/05/25 00:58:56
TRF-0010,Tabuk-Center,232.19,281.94,60.16,65.46,47.7,NORMAL,B,20260525T005856
TRF-0001,Riyadh-North,239.62,250.43,60.19,60.01,30.0,NORMAL,B,2026/05/25 00:58:56
TRF-0002,Riyadh-East,231.27,349.33,60.07,80.79,36.7,NORMAL,C,20260525T005856
TRF-0003,Jeddah-Main,223.01,298.44,60.11,66.56,45.8,NORMAL,B,2026-05-25 00:58:56
TRF-0004,Jeddah-Industrial,234.07,131.48,60.06,30.78,34.7,NORMAL,A,25-05-2026 00:58
TRF-0005,Dammam-Central,239.58,267.05,59.98,63.98,46.8,NORMAL,B,2026/05/25 00:58:56
TRF-0006,Dammam-Port,221.48,339.19,60.19,75.12,50.2,NORMAL,B,2026/05/25 00:58:56
TRF-0007,Mecca-Haram,230.59,371.26,60.04,85.61,44.5,NORMAL,B,25-05-2026 00:58
TRF-0008,Medina-Central,229.6,487.96,60.07,112.04,55.5,NORMAL,A,2026/05/25 00:58:56
TRF-0009,Abha-City,229.12,253.13,59.95,58.0,51.5,NORMAL,B,20260525T005856
TRF-0010,Tabuk-Center,228.77,259.24,59.94,59.31,30.6,NORMAL,C,05/25/2026 00:58:56
TRF-0001,Riyadh-North,234.83,316.25,60.15,74.26,42.8,NORMAL,B,05/25/2026 00:58:56
TRF-0002,Riyadh-East,221.18,423.77,59.92,93.73,63.3,NORMAL,B,20260525T005856
TRF-0003,Jeddah-Main,221.15,128.03,60.09,28.31,62.5,NORMAL,B,25-05-2026 00:58
TRF-0004,Jeddah-Industrial,222.28,280.23,59.94,62.29,250.0,OVERHEAT,B,05/25/2026 00:58:56
TRF-0005,Dammam-Central,227.16,225.25,60.17,51.17,53.1,NORMAL,A,20260525T005856
TRF-0006,Dammam-Port,225.23,155.12,60.03,34.94,42.1,NORMAL,A,2026/05/25 00:58:56
TRF-0007,Mecca-Haram,225.41,443.82,59.97,100.04,45.0,NORMAL,A,2026-05-25 00:58:56
TRF-0008,Medina-Central,237.35,474.48,60.2,112.62,30.4,NORMAL,B,20260525T005856
TRF-0009,Abha-City,225.99,486.74,60.07,110.0,62.8,NORMAL,B,2026-05-25 00:58:56
TRF-0010,Tabuk-Center,234.81,393.47,59.88,92.39,64.3,NORMAL,B,2026/05/25 00:58:56
TRF-0001,Riyadh-North,232.9,1033.07,60.01,233.95,114.7,OVERLOAD,C,05/25/2026 00:58:56
TRF-0002,Riyadh-East,237.84,408.33,59.81,97.12,44.6,NORMAL,A,05/25/2026 00:58:56
TRF-0003,Jeddah-Main,220.74,274.23,60.16,60.53,40.7,NORMAL,A,05/25/2026 00:58:56
TRF-0004,Jeddah-Industrial,224.34,491.4,59.85,110.24,,NORMAL,A,25-05-2026 00:58
TRF-0005,Dammam-Central,220.55,0.0,60.07,0.0,37.5,OUTAGE,B,20260525T005856
TRF-0006,Dammam-Port,237.43,382.75,60.15,90.88,64.1,NORMAL,C,05/25/2026 00:58:56
TRF-0007,Mecca-Haram,232.16,0.0,60.0,0.0,51.8,OUTAGE,A,25-05-2026 00:58
TRF-0008,Medina-Central,229.07,141.91,60.01,32.51,38.9,NORMAL,C,2026/05/25 00:58:56
TRF-0009,Abha-City,233.71,199.49,60.19,46.62,33.3,NORMAL,A,25-05-2026 00:58
TRF-0010,Tabuk-Center,221.56,472.67,60.12,104.72,37.6,NORMAL,A,2026/05/25 00:58:56
TRF-0001,Riyadh-North,223.06,251.15,60.17,56.02,61.7,NORMAL,C,2026/05/25 00:58:57
TRF-0002,Riyadh-East,223.14,399.45,60.03,89.13,52.2,NORMAL,B,25-05-2026 00:58
TRF-0003,Jeddah-Main,231.95,299.64,60.06,69.5,38.3,NORMAL,B,05/25/2026 00:58:57
TRF-0004,Jeddah-Industrial,221.09,264.21,60.19,58.41,61.1,NORMAL,B,2026-05-25 00:58:57
TRF-0005,Dammam-Central,224.16,125.07,60.08,28.04,43.8,NORMAL,A,20260525T005857
TRF-0006,Dammam-Port,232.65,393.66,62.09,91.58,59.8,FREQ_DRIFT,A,2026-05-25 00:58:57
TRF-0007,Mecca-Haram,233.86,244.45,60.0,57.17,56.6,NORMAL,A,2026-05-25 00:58:57
TRF-0008,Medina-Central,238.79,0.0,60.09,0.0,43.0,OUTAGE,A,2026-05-25 00:58:57
TRF-0008,Medina-Central,238.79,0.0,60.09,0.0,43.0,OUTAGE,A,2026-05-25 00:58:57
TRF-0009,Abha-City,223.16,276.79,60.01,61.77,52.3,NORMAL,B,05/25/2026 00:58:57
TRF-0010,Tabuk-Center,228.24,347.88,59.93,79.4,31.1,NORMAL,B,25-05-2026 00:58
TRF-0001,Riyadh-North,230.53,197.03,59.99,45.42,35.2,NORMAL,C,2026-05-25 00:58:57
TRF-0002,Riyadh-East,223.91,433.33,59.81,97.03,64.3,NORMAL,A,25-05-2026 00:58
TRF-0003,Jeddah-Main,233.66,333.13,59.93,77.84,48.3,NORMAL,A,2026/05/25 00:58:57
TRF-0004,Jeddah-Industrial,,328.04,59.97,76.32,31.5,NORMAL,B,2026/05/25 00:58:57
TRF-0005,Dammam-Central,229.95,148.81,60.11,34.22,44.4,NORMAL,A,2026/05/25 00:58:57
TRF-0006,Dammam-Port,229.28,381.6,60.08,87.49,62.0,NORMAL,B,05/25/2026 00:58:57
TRF-0007,Mecca-Haram,224.23,103.32,59.82,23.17,49.6,NORMAL,A,20260525T005857
TRF-0008,Medina-Central,233.49,331.82,59.99,77.48,57.0,NORMAL,A,20260525T005857
TRF-0009,Abha-City,238.93,325.72,51.24,77.82,36.2,FREQ_DRIFT,A,05/25/2026 00:58:57
TRF-0010,Tabuk-Center,233.27,166.51,60.16,38.84,47.4,NORMAL,A,25-05-2026 00:58
SENSOR_ERROR_0xFFA2
TRF-0001,Riyadh-North,226.9,171.4,60.09,38.89,39.8,NORMAL,C,2026/05/25 00:58:57
TRF-0001,Riyadh-North,226.9,171.4,60.09,38.89,39.8,NORMAL,C,2026/05/25 00:58:57
TRF-0002,Riyadh-East,229.95,328.78,59.95,75.6,36.0,NORMAL,C,05/25/2026 00:58:57
TRF-0003,Jeddah-Main,227.6,449.02,60.08,102.2,36.7,NORMAL,B,2026-05-25 00:58:57
TRF-0004,Jeddah-Industrial,230.99,175.94,59.86,40.64,44.1,NORMAL,C,20260525T005857
TRF-0005,Dammam-Central,220.82,157.66,59.91,34.81,33.5,NORMAL,B,2026/05/25 00:58:57
TRF-0006,Dammam-Port,235.73,173.81,48.64,40.97,40.2,FREQ_DRIFT,C,2026/05/25 00:58:57
TRF-0007,Mecca-Haram,233.75,166.88,60.14,39.01,57.0,NORMAL,B,2026/05/25 00:58:57
TRF-0008,Medina-Central,234.43,478.62,59.93,112.2,63.1,NORMAL,A,05/25/2026 00:58:57
TRF-0008,Medina-Central,234.43,478.62,59.93,112.2,63.1,NORMAL,A,05/25/2026 00:58:57
TRF-0009,Abha-City,239.5,131.23,60.05,31.43,36.6,NORMAL,C,05/25/2026 00:58:57
TRF-0010,Tabuk-Center,231.37,183.88,60.1,42.54,38.9,NORMAL,B,25-05-2026 00:58
TRF-0001,Riyadh-North,225.17,371.21,60.0,83.59,50.0,NORMAL,C,05/25/2026 00:58:57
TRF-0002,Riyadh-East,235.85,363.17,59.85,85.65,42.9,NORMAL,A,2026/05/25 00:58:57
TRF-0003,Jeddah-Main,223.82,275.22,60.09,61.6,56.9,NORMAL,C,2026-05-25 00:58:57
TRF-0004,Jeddah-Industrial,,176.52,59.92,42.02,59.5,NORMAL,A,2026/05/25 00:58:57
TRF-0005,Dammam-Central,229.13,116.72,,26.74,55.1,NORMAL,B,2026/05/25 00:58:57
TRF-0006,Dammam-Port,222.0,185.27,59.91,41.13,64.1,NORMAL,A,25-05-2026 00:58
TRF-0007,Mecca-Haram,224.96,110.95,60.0,24.96,41.6,NORMAL,A,2026-05-25 00:58:57
TRF-0008,Medina-Central,220.36,364.5,60.03,80.32,56.6,NORMAL,A,05/25/2026 00:58:57
TRF-0009,Abha-City,227.11,450.28,60.03,102.26,37.2,NORMAL,B,2026/05/25 00:58:57
TRF-0010,Tabuk-Center,235.21,135.81,60.18,31.94,46.1,NORMAL,A,2026/05/25 00:58:57
TRF-0001,Riyadh-North,223.63,488.97,59.86,109.35,53.9,NORMAL,A,25-05-2026 00:58
TRF-0002,Riyadh-East,,386.23,60.12,91.5,46.3,NORMAL,A,20260525T005857
TRF-0003,Jeddah-Main,232.94,394.03,59.91,91.79,53.7,NORMAL,A,05/25/2026 00:58:57
TRF-0004,Jeddah-Industrial,227.14,167.61,59.98,38.07,42.0,NORMAL,B,2026-05-25 00:58:57
TRF-0005,Dammam-Central,235.68,441.17,59.91,103.97,36.7,NORMAL,A,25-05-2026 00:58
TRF-0006,Dammam-Port,220.96,320.67,59.88,70.86,38.9,NORMAL,C,2026-05-25 00:58:57
TRF-0007,Mecca-Haram,234.19,318.44,59.95,74.58,38.2,NORMAL,A,2026-05-25 00:58:57
TRF-0008,Medina-Central,234.52,369.08,60.12,86.56,41.3,NORMAL,A,25-05-2026 00:58
TRF-0009,Abha-City,230.11,295.68,59.99,68.04,46.0,NORMAL,C,20260525T005857
TRF-0010,Tabuk-Center,235.83,467.47,60.13,110.24,46.0,NORMAL,B,2026/05/25 00:58:57
TRF-0001,Riyadh-North,239.15,271.62,60.04,64.96,64.3,NORMAL,A,2026-05-25 00:58:57
TRF-0002,Riyadh-East,228.25,,60.02,112.38,34.2,NORMAL,A,2026/05/25 00:58:57
TRF-0003,Jeddah-Main,224.01,201.14,59.84,45.06,31.8,NORMAL,A,20260525T005857
TRF-0004,Jeddah-Industrial,234.61,166.5,59.97,39.06,45.0,NORMAL,B,2026/05/25 00:58:57
TRF-0005,Dammam-Central,235.77,167.33,59.99,39.45,33.2,NORMAL,A,05/25/2026 00:58:57
TRF-0006,Dammam-Port,228.15,235.28,59.95,53.68,62.4,NORMAL,B,2026/05/25 00:58:57
TRF-0007,Mecca-Haram,237.25,298.46,59.93,70.81,33.3,NORMAL,A,25-05-2026 00:58
TRF-0008,Medina-Central,238.63,0.0,59.92,0.0,38.8,OUTAGE,A,2026-05-25 00:58:57
TRF-0009,Abha-City,237.02,121.53,59.99,28.81,35.1,NORMAL,A,20260525T005857
TRF-0010,Tabuk-Center,221.32,270.04,60.18,59.77,50.9,NORMAL,C,05/25/2026 00:58:57
TRF-0001,Riyadh-North,230.85,0.0,59.86,0.0,52.5,OUTAGE,A,25-05-2026 00:58
TRF-0002,Riyadh-East,222.1,368.95,46.59,81.94,38.3,FREQ_DRIFT,B,05/25/2026 00:58:57
TRF-0003,Jeddah-Main,220.81,398.15,60.01,87.92,62.4,NORMAL,C,2026/05/25 00:58:57
TRF-0004,Jeddah-Industrial,224.56,238.58,59.85,53.58,51.9,NORMAL,C,2026-05-25 00:58:57
TRF-0005,Dammam-Central,232.1,135.05,59.8,31.35,46.0,NORMAL,B,05/25/2026 00:58:57
TRF-0006,Dammam-Port,234.12,245.91,59.89,57.57,30.3,NORMAL,A,2026-05-25 00:58:57
TRF-0007,Mecca-Haram,235.37,183.24,59.94,43.13,56.6,NORMAL,B,05/25/2026 00:58:57
TRF-0008,Medina-Central,232.37,212.74,59.94,49.43,50.2,NORMAL,A,2026/05/25 00:58:57
TRF-0009,Abha-City,233.43,312.69,59.93,72.99,51.4,NORMAL,C,05/25/2026 00:58:57
TRF-0010,Tabuk-Center,236.55,427.5,59.81,101.13,32.1,NORMAL,C,25-05-2026 00:58
TRF-0001,Riyadh-North,221.73,496.81,59.99,110.16,49.9,NORMAL,C,05/25/2026 00:58:57
TRF-0002,Riyadh-East,234.41,247.59,60.08,58.04,52.7,NORMAL,C,05/25/2026 00:58:57
TRF-0003,Jeddah-Main,230.53,412.13,59.93,95.01,47.9,NORMAL,B,2026/05/25 00:58:57
TRF-0004,Jeddah-Industrial,220.28,301.03,60.19,66.31,42.5,NORMAL,B,20260525T005857
TRF-0005,Dammam-Central,224.0,200.89,60.1,45.0,33.0,NORMAL,C,25-05-2026 00:58
TRF-0006,Dammam-Port,222.26,488.48,59.89,108.57,38.6,NORMAL,B,2026-05-25 00:58:57
TRF-0007,Mecca-Haram,224.31,122.76,60.09,27.54,54.2,NORMAL,B,20260525T005857
TRF-0008,Medina-Central,232.16,192.67,59.92,44.73,41.7,NORMAL,C,05/25/2026 00:58:57
TRF-0009,Abha-City,233.02,203.57,59.95,47.44,32.3,NORMAL,B,20260525T005857
TRF-0010,Tabuk-Center,226.66,458.21,60.05,103.86,35.1,NORMAL,C,20260525T005857
TRF-0001,Riyadh-North,221.47,425.34,60.11,94.2,34.7,NORMAL,A,2026/05/25 00:58:57
TRF-0002,Riyadh-East,235.06,202.02,59.83,47.49,39.8,NORMAL,A,05/25/2026 00:58:57
TRF-0003,Jeddah-Main,227.51,413.73,60.09,94.13,47.8,NORMAL,B,05/25/2026 00:58:57
TRF-0004,Jeddah-Industrial,231.34,438.52,60.06,101.45,44.2,NORMAL,B,25-05-2026 00:58
TRF-0005,Dammam-Central,228.05,214.39,59.85,48.89,33.5,NORMAL,A,25-05-2026 00:58
TRF-0006,Dammam-Port,,291.74,60.09,66.91,57.0,NORMAL,B,05/25/2026 00:58:57
TRF-0007,Mecca-Haram,229.73,380.96,60.17,87.52,46.2,NORMAL,A,25-05-2026 00:58
TRF-0008,Medina-Central,239.16,382.05,59.95,91.37,46.1,NORMAL,B,25-05-2026 00:58
TRF-0009,Abha-City,-230,171.05,59.91,40.54,52.6,NORMAL,C,05/25/2026 00:58:57
TRF-0010,Tabuk-Center,228.52,116.65,59.9,26.66,48.8,NORMAL,A,20260525T005857
TRF-0001,Riyadh-North,228.77,174.74,60.03,39.98,44.7,NORMAL,C,2026-05-25 00:58:57
TRF-0002,Riyadh-East,237.64,300.11,60.1,71.32,52.1,NORMAL,B,20260525T005857
TRF-0003,Jeddah-Main,223.35,104.74,59.8,23.39,32.1,NORMAL,B,2026-05-25 00:58:57
TRF-0004,Jeddah-Industrial,229.14,396.17,60.15,90.78,49.9,NORMAL,C,05/25/2026 00:58:57
TRF-0005,Dammam-Central,231.97,337.25,60.13,78.23,33.7,NORMAL,A,20260525T005857
TRF-0006,Dammam-Port,237.0,445.73,59.81,105.64,34.8,NORMAL,B,05/25/2026 00:58:57
TRF-0007,Mecca-Haram,238.25,472.75,63.58,112.63,59.6,FREQ_DRIFT,B,25-05-2026 00:58
TRF-0008,Medina-Central,230.86,425.2,60.09,98.16,63.7,NORMAL,B,20260525T005857
TRF-0009,Abha-City,221.99,293.13,59.84,65.07,59.2,NORMAL,B,2026/05/25 00:58:57
TRF-0010,Tabuk-Center,231.52,227.17,59.98,52.59,36.8,NORMAL,C,20260525T005857
TRF-0001,Riyadh-North,228.7,384.91,60.19,88.03,50.1,NORMAL,C,20260525T005857
TRF-0002,Riyadh-East,226.19,383.36,59.8,86.71,37.4,NORMAL,B,25-05-2026 00:58
TRF-0003,Jeddah-Main,236.13,368.81,59.99,87.09,59.7,NORMAL,C,2026/05/25 00:58:57
TRF-0004,Jeddah-Industrial,221.11,117.8,60.15,26.05,50.7,NORMAL,A,2026/05/25 00:58:57
TRF-0005,Dammam-Central,233.55,176.04,59.99,41.11,32.3,NORMAL,A,20260525T005857
TRF-0006,Dammam-Port,228.73,134.61,60.17,30.79,51.3,NORMAL,A,2026/05/25 00:58:57
TRF-0007,Mecca-Haram,221.8,147.03,59.81,32.61,33.2,NORMAL,B,20260525T005857
;;;;;
TRF-0008,Medina-Central,234.08,470.01,60.18,110.02,45.9,NORMAL,B,20260525T005857
TRF-0009,Abha-City,232.41,384.14,59.8,89.28,50.9,NORMAL,B,2026/05/25 00:58:57
TRF-0010,Tabuk-Center,236.69,317.33,60.09,75.11,57.0,NORMAL,C,2026-05-25 00:58:57
TRF-0001,Riyadh-North,235.94,292.7,60.03,69.06,64.1,NORMAL,C,20260525T005857
TRF-0002,Riyadh-East,235.69,460.77,60.14,108.6,45.4,NORMAL,A,2026-05-25 00:58:57
TRF-0003,Jeddah-Main,233.11,416.43,60.13,97.07,62.7,NORMAL,A,2026/05/25 00:58:57
TRF-0004,Jeddah-Industrial,227.27,189.88,60.07,43.15,54.1,NORMAL,B,2026/05/25 00:58:57
TRF-0005,Dammam-Central,222.66,420.59,59.92,93.65,34.7,NORMAL,B,25-05-2026 00:58
TRF-0006,Dammam-Port,237.97,276.57,60.17,65.82,47.5,NORMAL,C,25-05-2026 00:58
TRF-0007,Mecca-Haram,234.32,209.23,59.92,49.03,59.4,NORMAL,C,25-05-2026 00:58
TRF-0008,Medina-Central,225.07,115.49,59.99,25.99,41.2,NORMAL,A,2026-05-25 00:58:57
TRF-0008,Medina-Central,225.07,115.49,59.99,25.99,41.2,NORMAL,A,2026-05-25 00:58:57
TRF-0009,Abha-City,239.97,320.26,59.88,76.85,38.7,NORMAL,A,2026-05-25 00:58:57
TRF-0010,Tabuk-Center,232.51,,60.16,97.31,51.9,NORMAL,C,20260525T005857
TRF-0001,Riyadh-North,225.55,483.08,60.01,108.96,40.1,NORMAL,A,25-05-2026 00:58
TRF-0002,Riyadh-East,227.27,114.36,59.99,25.99,52.3,NORMAL,A,20260525T005857
TRF-0003,Jeddah-Main,223.72,140.51,60.17,31.43,30.2,NORMAL,A,2026/05/25 00:58:57
TRF-0004,Jeddah-Industrial,221.58,353.52,60.17,78.33,42.2,NORMAL,A,2026-05-25 00:58:57
TRF-0005,Dammam-Central,224.44,380.36,59.86,85.37,63.9,NORMAL,C,2026-05-25 00:58:57
TRF-0006,Dammam-Port,225.8,140.86,59.94,31.81,36.7,NORMAL,A,2026/05/25 00:58:57
TRF-0007,Mecca-Haram,226.58,0.0,59.94,0.0,55.2,OUTAGE,B,20260525T005857
TRF-0008,Medina-Central,237.84,239.3,59.89,56.92,41.0,NORMAL,B,25-05-2026 00:58
TRF-0009,Abha-City,235.25,449.19,59.81,105.67,40.7,NORMAL,C,2026/05/25 00:58:57
TRF-0009,Abha-City,235.25,449.19,59.81,105.67,40.7,NORMAL,C,2026/05/25 00:58:57
TRF-0010,Tabuk-Center,239.38,333.75,59.81,79.89,44.8,NORMAL,A,2026/05/25 00:58:57
TRF-0001,Riyadh-North,221.65,429.43,59.98,95.18,51.4,NORMAL,C,20260525T005857
TRF-0002,Riyadh-East,233.28,438.13,59.99,102.21,40.3,NORMAL,C,20260525T005857
TRF-0003,Jeddah-Main,233.75,153.42,60.01,35.86,36.2,NORMAL,A,20260525T005857
TRF-0004,Jeddah-Industrial,230.93,414.94,60.06,95.82,31.8,NORMAL,C,25-05-2026 00:58
TRF-0005,Dammam-Central,230.67,181.14,59.85,41.78,37.7,NORMAL,A,25-05-2026 00:58
TRF-0006,Dammam-Port,229.59,154.08,60.05,,48.9,NORMAL,C,2026-05-25 00:58:57
TRF-0007,Mecca-Haram,233.55,358.77,59.94,83.79,61.2,NORMAL,C,2026-05-25 00:58:57
TRF-0008,Medina-Central,222.1,291.45,60.15,64.73,39.5,NORMAL,A,2026-05-25 00:58:57
TRF-0009,Abha-City,221.33,203.82,59.89,45.11,34.9,NORMAL,C,25-05-2026 00:58
TRF-0010,Tabuk-Center,226.48,430.13,60.16,97.42,34.3,NORMAL,B,25-05-2026 00:58
TRF-0001,Riyadh-North,231.01,409.18,59.92,94.52,30.1,NORMAL,A,2026/05/25 00:58:57
TRF-0002,Riyadh-East,231.28,118.3,60.02,27.36,,NORMAL,A,2026-05-25 00:58:57
TRF-0003,Jeddah-Main,238.89,102.06,60.09,24.38,63.7,NORMAL,A,2026-05-25 00:58:57
TRF-0004,Jeddah-Industrial,236.61,110.51,60.02,26.15,58.4,NORMAL,A,20260525T005857
TRF-0005,Dammam-Central,239.43,301.05,59.99,72.08,62.0,NORMAL,B,05/25/2026 00:58:57
TRF-0006,Dammam-Port,229.94,421.34,59.82,96.88,59.7,NORMAL,A,05/25/2026 00:58:57
TRF-0007,Mecca-Haram,238.69,120.13,60.19,28.67,36.6,NORMAL,C,2026-05-25 00:58:57
TRF-0008,Medina-Central,234.93,499.71,59.81,117.4,47.8,NORMAL,A,2026-05-25 00:58:57
TRF-0009,Abha-City,223.63,162.18,60.07,36.27,52.4,NORMAL,A,2026-05-25 00:58:57
TRF-0010,Tabuk-Center,227.7,288.25,59.91,65.63,37.5,NORMAL,C,05/25/2026 00:58:57
TRF-0001,Riyadh-North,227.35,195.39,60.08,44.42,56.1,NORMAL,C,20260525T005857
TRF-0002,Riyadh-East,229.47,325.16,59.95,74.61,49.4,NORMAL,C,2026/05/25 00:58:57
TRF-0003,Jeddah-Main,227.14,312.93,59.83,71.08,55.5,NORMAL,B,20260525T005857
TRF-0004,Jeddah-Industrial,220.12,212.65,60.07,46.81,60.1,NORMAL,C,20260525T005857
TRF-0005,Dammam-Central,231.21,284.62,60.19,65.81,46.4,NORMAL,A,2026-05-25 00:58:57
TRF-0006,Dammam-Port,230.94,433.65,60.11,100.15,43.1,NORMAL,B,20260525T005857
TRF-0007,Mecca-Haram,224.92,371.65,59.9,83.59,64.7,NORMAL,C,25-05-2026 00:58
TRF-0008,Medina-Central,234.86,389.21,59.86,91.41,32.2,NORMAL,A,2026-05-25 00:58:57
TRF-0009,Abha-City,224.22,184.49,60.14,41.37,51.1,NORMAL,C,05/25/2026 00:58:57
TRF-0010,Tabuk-Center,227.19,359.24,60.16,81.62,36.0,NORMAL,A,20260525T005857
TRF-0001,Riyadh-North,231.03,190.97,60.07,44.12,56.0,NORMAL,A,05/25/2026 00:58:57
TRF-0002,Riyadh-East,225.07,363.29,60.19,81.77,50.2,NORMAL,B,05/25/2026 00:58:57
TRF-0003,Jeddah-Main,225.03,424.97,60.15,95.63,47.3,NORMAL,C,25-05-2026 00:58
TRF-0004,Jeddah-Industrial,226.03,142.43,59.93,32.19,52.9,NORMAL,B,20260525T005857
TRF-0005,Dammam-Central,238.87,213.21,60.19,50.93,51.3,NORMAL,B,2026/05/25 00:58:57
TRF-0006,Dammam-Port,224.62,279.88,59.85,62.87,51.3,NORMAL,B,05/25/2026 00:58:57
TRF-0007,Mecca-Haram,229.67,101.3,60.0,23.27,43.3,NORMAL,B,2026-05-25 00:58:57
TRF-0008,Medina-Central,237.33,390.5,60.02,92.68,42.4,NORMAL,B,25-05-2026 00:58
TRF-0009,Abha-City,238.77,337.18,60.11,80.51,50.1,NORMAL,A,2026-05-25 00:58:57
TRF-0010,Tabuk-Center,222.4,118.35,59.85,26.32,34.2,NORMAL,B,05/25/2026 00:58:57
TRF-0001,Riyadh-North,229.17,317.79,60.01,72.83,42.6,NORMAL,C,2026/05/25 00:58:57
TRF-0002,Riyadh-East,238.53,329.39,59.85,78.57,51.6,NORMAL,C,2026-05-25 00:58:57
TRF-0003,Jeddah-Main,224.84,315.73,60.0,70.99,43.6,NORMAL,B,2026-05-25 00:58:57
TRF-0004,Jeddah-Industrial,225.3,426.48,60.13,96.09,49.5,NORMAL,C,05/25/2026 00:58:57
TRF-0005,Dammam-Central,227.66,395.62,59.83,90.07,45.5,NORMAL,B,05/25/2026 00:58:57
TRF-0006,Dammam-Port,232.78,323.2,59.94,75.23,56.5,NORMAL,C,20260525T005857
TRF-0007,Mecca-Haram,227.29,450.64,60.16,102.43,46.5,NORMAL,B,05/25/2026 00:58:57
TRF-0008,Medina-Central,220.03,279.39,60.04,61.47,61.0,NORMAL,B,25-05-2026 00:58
TRF-0009,Abha-City,237.11,274.37,60.19,,31.7,NORMAL,A,20260525T005857
TRF-0010,Tabuk-Center,230.77,402.19,59.93,92.81,41.6,NORMAL,A,25-05-2026 00:58
TRF-0001,Riyadh-North,223.75,0.0,60.08,0.0,49.8,OUTAGE,B,25-05-2026 00:58
TRF-0002,Riyadh-East,229.48,150.14,60.08,34.45,43.7,NORMAL,B,05/25/2026 00:58:57
TRF-0003,Jeddah-Main,224.02,395.77,59.96,88.66,31.4,NORMAL,A,2026/05/25 00:58:57
TRF-0004,Jeddah-Industrial,227.67,330.94,60.03,75.35,34.9,NORMAL,C,2026-05-25 00:58:57
TRF-0005,Dammam-Central,230.36,358.89,60.06,82.67,38.1,NORMAL,B,20260525T005857
TRF-0006,Dammam-Port,236.25,158.61,60.13,37.47,49.9,NORMAL,A,05/25/2026 00:58:57
;;;;;
TRF-0007,Mecca-Haram,238.08,488.79,59.89,116.37,34.8,NORMAL,C,25-05-2026 00:58
TRF-0008,Medina-Central,237.83,458.36,59.8,109.01,250.0,OVERHEAT,A,2026-05-25 00:58:57
TRF-0009,Abha-City,221.92,,60.16,29.95,42.7,NORMAL,B,25-05-2026 00:58
TRF-0010,Tabuk-Center,226.27,305.28,,69.08,34.6,NORMAL,B,2026/05/25 00:58:57
TRF-0001,Riyadh-North,231.81,295.0,60.12,68.38,41.7,NORMAL,B,2026-05-25 00:58:57
TRF-0002,Riyadh-East,235.85,348.56,59.87,82.21,32.0,NORMAL,A,20260525T005857
TRF-0003,Jeddah-Main,236.87,331.68,60.13,78.57,59.5,NORMAL,B,2026-05-25 00:58:57
TRF-0004,Jeddah-Industrial,223.41,485.33,59.92,108.43,41.5,NORMAL,A,25-05-2026 00:58
TRF-0005,Dammam-Central,228.99,483.2,60.13,110.65,31.5,NORMAL,B,2026-05-25 00:58:57
TRF-0006,Dammam-Port,230.63,391.7,60.13,90.34,63.6,NORMAL,A,25-05-2026 00:58
TRF-0007,Mecca-Haram,230.11,383.2,59.97,88.18,45.8,NORMAL,A,25-05-2026 00:58
TRF-0008,Medina-Central,227.47,872.5,60.1,276.63,125.6,OVERLOAD,A,25-05-2026 00:58
TRF-0009,Abha-City,223.14,102.23,60.08,22.81,46.2,NORMAL,C,25-05-2026 00:58
TRF-0010,Tabuk-Center,229.41,412.03,60.19,94.52,33.8,NORMAL,B,2026-05-25 00:58:57
TRF-0001,Riyadh-North,229.98,345.08,59.98,79.36,34.8,NORMAL,A,05/25/2026 00:58:58
TRF-0002,Riyadh-East,221.34,417.44,59.92,92.4,32.3,NORMAL,C,05/25/2026 00:58:58
TRF-0003,Jeddah-Main,228.39,157.16,60.2,35.89,54.3,NORMAL,A,2026/05/25 00:58:58
TRF-0004,Jeddah-Industrial,226.25,237.95,60.1,53.84,32.1,NORMAL,A,2026/05/25 00:58:58
TRF-0005,Dammam-Central,234.21,321.04,59.94,75.19,35.1,NORMAL,B,25-05-2026 00:58
TRF-0006,Dammam-Port,227.65,0.0,60.01,0.0,36.9,OUTAGE,B,2026-05-25 00:58:58
TRF-0007,Mecca-Haram,231.65,459.48,59.94,106.44,38.1,NORMAL,B,25-05-2026 00:58
TRF-0008,Medina-Central,239.73,102.5,60.19,24.57,33.6,NORMAL,B,20260525T005858
TRF-0009,Abha-City,229.69,350.93,59.84,80.61,58.8,NORMAL,B,05/25/2026 00:58:58
TRF-0010,Tabuk-Center,237.89,465.2,60.2,110.67,47.1,NORMAL,A,20260525T005858
TRF-0001,Riyadh-North,236.22,246.61,60.16,58.25,63.3,NORMAL,C,2026/05/25 00:58:58
TRF-0002,Riyadh-East,224.03,213.19,59.96,47.76,48.7,NORMAL,A,2026-05-25 00:58:58
TRF-0003,Jeddah-Main,234.64,139.95,60.1,32.84,32.5,NORMAL,A,2026-05-25 00:58:58
TRF-0004,Jeddah-Industrial,229.14,389.7,60.08,89.3,51.7,NORMAL,C,05/25/2026 00:58:58
TRF-0005,Dammam-Central,230.84,168.3,62.27,38.85,55.8,FREQ_DRIFT,B,25-05-2026 00:58
TRF-0006,Dammam-Port,231.07,309.0,69.59,71.4,45.1,FREQ_DRIFT,C,2026-05-25 00:58:58
TRF-0007,Mecca-Haram,236.57,189.89,60.18,44.92,52.4,NORMAL,C,25-05-2026 00:58
TRF-0008,Medina-Central,232.83,161.91,59.92,37.7,37.4,NORMAL,B,2026-05-25 00:58:58
TRF-0009,Abha-City,224.61,113.85,59.87,25.57,56.8,NORMAL,C,25-05-2026 00:58
TRF-0010,Tabuk-Center,227.13,244.4,59.95,55.51,64.1,NORMAL,B,25-05-2026 00:58
TRF-0001,Riyadh-North,227.39,105.96,60.11,24.09,57.8,NORMAL,B,2026-05-25 00:58:58
TRF-0002,Riyadh-East,225.57,211.48,60.1,47.7,52.0,NORMAL,B,2026/05/25 00:58:58
TRF-0003,Jeddah-Main,228.23,491.69,60.15,112.22,31.8,NORMAL,A,05/25/2026 00:58:58
TRF-0004,Jeddah-Industrial,230.45,228.92,59.93,52.75,39.8,NORMAL,C,05/25/2026 00:58:58
TRF-0005,Dammam-Central,229.83,326.51,59.88,75.04,36.3,NORMAL,A,20260525T005858
TRF-0006,Dammam-Port,230.98,0.0,59.83,0.0,43.9,OUTAGE,C,2026/05/25 00:58:58
TRF-0007,Mecca-Haram,237.98,156.27,60.2,37.19,41.7,NORMAL,C,25-05-2026 00:58
TRF-0008,Medina-Central,235.91,257.03,60.19,60.64,52.3,NORMAL,C,2026/05/25 00:58:58
TRF-0009,Abha-City,226.02,180.69,60.06,40.84,50.8,NORMAL,C,20260525T005858
TRF-0010,Tabuk-Center,235.75,346.85,59.9,81.77,31.3,NORMAL,A,25-05-2026 00:58
TRF-0001,Riyadh-North,226.85,456.22,59.84,103.49,53.8,NORMAL,B,2026/05/25 00:58:58
TRF-0002,Riyadh-East,235.93,319.38,60.14,75.35,35.8,NORMAL,C,2026-05-25 00:58:58
TRF-0003,Jeddah-Main,220.27,318.9,60.02,70.24,60.6,NORMAL,B,20260525T005858
TRF-0004,Jeddah-Industrial,230.78,175.75,59.96,40.56,33.1,NORMAL,A,25-05-2026 00:58
TRF-0005,Dammam-Central,239.09,147.65,60.01,35.3,31.8,NORMAL,A,20260525T005858
TRF-0006,Dammam-Port,224.95,117.82,59.91,26.5,62.1,NORMAL,C,2026-05-25 00:58:58
TRF-0007,Mecca-Haram,238.53,440.72,59.87,105.12,62.3,NORMAL,C,25-05-2026 00:58
TRF-0008,Medina-Central,224.06,101.44,59.98,22.73,60.1,NORMAL,A,2026-05-25 00:58:58
TRF-0009,Abha-City,228.79,349.14,60.07,79.88,50.6,NORMAL,C,2026-05-25 00:58:58
TRF-0010,Tabuk-Center,223.23,351.52,59.9,78.47,35.6,NORMAL,B,25-05-2026 00:58
TRF-0001,Riyadh-North,234.53,368.78,59.88,86.49,62.2,NORMAL,C,2026-05-25 00:58:58
TRF-0002,Riyadh-East,231.98,386.83,59.81,89.74,58.0,NORMAL,B,2026-05-25 00:58:58
TRF-0003,Jeddah-Main,225.31,381.27,60.16,85.9,35.6,NORMAL,B,05/25/2026 00:58:58
TRF-0004,Jeddah-Industrial,235.91,260.84,59.9,,60.4,NORMAL,B,25-05-2026 00:58
TRF-0005,Dammam-Central,236.43,441.9,59.91,104.48,43.1,NORMAL,A,20260525T005858
TRF-0006,Dammam-Port,232.92,388.85,60.11,90.57,64.3,NORMAL,C,25-05-2026 00:58
TRF-0007,Mecca-Haram,220.2,347.77,60.16,76.58,45.2,NORMAL,B,20260525T005858
TRF-0008,Medina-Central,238.48,375.86,59.8,89.64,58.3,NORMAL,C,25-05-2026 00:58
TRF-0009,Abha-City,235.74,314.11,59.8,74.05,59.5,NORMAL,A,05/25/2026 00:58:58
TRF-0010,Tabuk-Center,220.35,233.86,60.13,51.53,56.1,NORMAL,B,2026-05-25 00:58:58
TRF-0001,Riyadh-North,220.8,174.5,59.87,38.53,48.8,NORMAL,B,25-05-2026 00:58
TRF-0002,Riyadh-East,220.81,405.62,59.95,89.56,58.1,NORMAL,A,20260525T005858
TRF-0003,Jeddah-Main,222.77,371.49,60.01,82.76,32.1,NORMAL,C,2026-05-25 00:58:58
TRF-0004,Jeddah-Industrial,220.37,300.42,59.84,66.2,60.6,NORMAL,A,25-05-2026 00:58
TRF-0005,Dammam-Central,226.61,384.59,60.18,87.15,48.8,NORMAL,C,05/25/2026 00:58:58
TRF-0006,Dammam-Port,236.58,291.73,60.18,69.02,52.7,NORMAL,C,05/25/2026 00:58:58
TRF-0007,Mecca-Haram,229.89,159.48,60.19,36.66,56.5,NORMAL,C,2026-05-25 00:58:58
TRF-0008,Medina-Central,239.62,442.91,68.03,106.13,40.1,FREQ_DRIFT,A,05/25/2026 00:58:58
TRF-0009,Abha-City,230.07,172.2,50.38,39.62,57.5,FREQ_DRIFT,B,2026/05/25 00:58:58
TRF-0010,Tabuk-Center,,331.31,59.9,74.04,47.5,NORMAL,B,2026/05/25 00:58:58
TRF-0001,Riyadh-North,227.71,496.75,59.9,113.11,43.2,NORMAL,B,20260525T005858
TRF-0002,Riyadh-East,222.94,172.8,59.98,38.52,51.3,NORMAL,A,05/25/2026 00:58:58
TRF-0003,Jeddah-Main,235.39,268.75,60.2,63.26,52.8,NORMAL,A,20260525T005858
TRF-0004,Jeddah-Industrial,239.69,355.72,59.83,85.26,62.3,NORMAL,A,05/25/2026 00:58:58
TRF-0005,Dammam-Central,234.96,133.33,60.1,31.33,44.8,NORMAL,C,2026/05/25 00:58:58
TRF-0006,Dammam-Port,232.66,438.73,60.17,102.07,48.0,NORMAL,C,05/25/2026 00:58:58
TRF-0007,Mecca-Haram,237.96,129.67,60.05,30.86,34.4,NORMAL,C,05/25/2026 00:58:58
TRF-0008,Medina-Central,236.07,174.58,47.63,41.21,51.3,FREQ_DRIFT,C,2026/05/25 00:58:58
TRF-0009,Abha-City,220.04,467.51,60.08,102.87,30.8,NORMAL,B,05/25/2026 00:58:58
TRF-0010,Tabuk-Center,233.88,234.82,59.8,54.92,63.6,NORMAL,A,2026/05/25 00:58:58
TRF-0001,Riyadh-North,223.12,175.71,59.92,39.2,37.5,NORMAL,B,05/25/2026 00:58:58
TRF-0002,Riyadh-East,230.67,186.94,59.85,43.12,45.0,NORMAL,C,20260525T005858
TRF-0003,Jeddah-Main,239.62,112.77,59.92,27.02,40.3,NORMAL,B,2026/05/25 00:58:58
TRF-0004,Jeddah-Industrial,238.8,447.62,59.82,106.89,58.0,NORMAL,A,2026-05-25 00:58:58
TRF-0005,Dammam-Central,237.48,392.33,60.05,93.17,56.0,NORMAL,A,05/25/2026 00:58:58
TRF-0006,Dammam-Port,223.59,373.61,59.96,83.54,31.8,NORMAL,B,2026/05/25 00:58:58
TRF-0007,Mecca-Haram,232.66,311.31,60.08,72.43,63.4,NORMAL,C,20260525T005858
TRF-0008,Medina-Central,221.77,466.5,60.0,103.46,48.2,NORMAL,A,20260525T005858
TRF-0009,Abha-City,232.51,116.5,60.1,27.09,61.1,NORMAL,A,05/25/2026 00:58:58
TRF-0010,Tabuk-Center,222.42,271.73,59.94,60.44,47.8,NORMAL,A,05/25/2026 00:58:58
TRF-0001,Riyadh-North,237.13,198.78,59.97,47.14,39.1,NORMAL,A,05/25/2026 00:58:58
TRF-0002,Riyadh-East,225.22,251.31,59.95,56.6,59.5,NORMAL,B,25-05-2026 00:58
TRF-0003,Jeddah-Main,220.88,121.46,60.0,26.83,43.6,NORMAL,A,05/25/2026 00:58:58
TRF-0004,Jeddah-Industrial,225.42,160.37,60.14,36.15,42.2,NORMAL,A,20260525T005858
TRF-0005,Dammam-Central,230.31,104.32,59.87,24.03,44.8,NORMAL,B,2026/05/25 00:58:58
TRF-0006,Dammam-Port,226.85,220.19,60.02,49.95,52.8,NORMAL,C,20260525T005858
TRF-0007,Mecca-Haram,225.18,344.52,60.14,77.58,39.3,NORMAL,A,20260525T005858
TRF-0008,Medina-Central,228.29,470.64,59.95,107.44,33.6,NORMAL,C,25-05-2026 00:58
TRF-0009,Abha-City,222.48,399.08,60.17,88.79,31.2,NORMAL,B,25-05-2026 00:58
TRF-0010,Tabuk-Center,226.64,156.21,60.07,35.4,31.5,NORMAL,C,20260525T005858
TRF-0001,Riyadh-North,236.38,438.4,59.81,103.63,48.7,NORMAL,A,20260525T005858
TRF-0002,Riyadh-East,225.64,373.19,59.82,84.21,53.6,NORMAL,C,2026-05-25 00:58:58
TRF-0003,Jeddah-Main,227.5,132.29,60.03,30.1,52.1,NORMAL,B,2026-05-25 00:58:58
TRF-0003,Jeddah-Main,227.5,132.29,60.03,30.1,52.1,NORMAL,B,2026-05-25 00:58:58
TRF-0004,Jeddah-Industrial,222.41,325.5,59.84,72.39,33.5,NORMAL,C,20260525T005858
TRF-0005,Dammam-Central,226.47,460.78,59.93,104.35,31.3,NORMAL,A,2026/05/25 00:58:58
TRF-0006,Dammam-Port,225.78,227.95,60.18,51.47,37.5,NORMAL,A,2026/05/25 00:58:58
TRF-0007,Mecca-Haram,,420.74,59.82,100.38,37.2,NORMAL,A,2026-05-25 00:58:58
TRF-0008,Medina-Central,237.94,304.46,60.1,72.44,57.4,NORMAL,B,25-05-2026 00:58
TRF-0009,Abha-City,231.98,221.56,60.18,51.4,58.1,NORMAL,C,20260525T005858
TRF-0010,Tabuk-Center,237.57,176.89,59.92,42.02,64.7,NORMAL,B,20260525T005858
TRF-0001,Riyadh-North,238.67,262.76,60.07,62.71,34.3,NORMAL,B,25-05-2026 00:58
TRF-0002,Riyadh-East,237.08,105.3,60.06,24.96,33.9,NORMAL,C,05/25/2026 00:58:58
TRF-0003,Jeddah-Main,236.34,253.33,59.89,59.87,48.0,NORMAL,A,25-05-2026 00:58
TRF-0004,Jeddah-Industrial,222.52,323.41,60.08,71.97,48.6,NORMAL,A,2026-05-25 00:58:58
TRF-0005,Dammam-Central,223.48,462.99,59.96,103.47,58.7,NORMAL,A,05/25/2026 00:58:58
TRF-0006,Dammam-Port,223.27,327.95,60.18,73.22,50.3,NORMAL,A,2026/05/25 00:58:58
TRF-0007,Mecca-Haram,228.25,181.96,60.05,41.53,46.0,NORMAL,B,2026/05/25 00:58:58
TRF-0008,Medina-Central,223.2,280.17,67.64,62.53,49.5,FREQ_DRIFT,B,2026/05/25 00:58:58
TRF-0009,Abha-City,220.89,107.95,60.16,23.85,49.5,NORMAL,A,05/25/2026 00:58:58
TRF-0010,Tabuk-Center,238.63,239.16,60.09,57.07,58.7,NORMAL,C,2026-05-25 00:58:58
TRF-0001,Riyadh-North,223.52,190.22,60.02,42.52,39.5,NORMAL,C,2026/05/25 00:58:58
TRF-0002,Riyadh-East,233.18,427.33,59.83,99.64,40.1,NORMAL,C,25-05-2026 00:58
TRF-0003,Jeddah-Main,222.9,327.91,59.97,73.09,34.1,NORMAL,B,20260525T005858
TRF-0004,Jeddah-Industrial,224.03,239.87,60.04,53.74,38.8,NORMAL,A,2026/05/25 00:58:58
TRF-0005,Dammam-Central,230.52,271.85,59.83,62.67,44.8,NORMAL,A,20260525T005858
TRF-0006,Dammam-Port,220.46,221.73,59.82,48.88,60.1,NORMAL,B,20260525T005858
TRF-0007,Mecca-Haram,227.09,159.8,60.03,36.29,47.0,NORMAL,C,20260525T005858
TRF-0008,Medina-Central,233.09,193.13,59.81,45.02,36.9,NORMAL,A,25-05-2026 00:58
TRF-0009,Abha-City,228.75,348.12,59.87,79.63,59.4,NORMAL,A,2026-05-25 00:58:58
TRF-0010,Tabuk-Center,233.63,490.98,60.14,114.71,30.4,NORMAL,A,2026/05/25 00:58:58
TRF-0001,Riyadh-North,231.78,273.47,60.04,63.38,36.6,NORMAL,A,25-05-2026 00:58
TRF-0002,Riyadh-East,228.29,,60.12,24.19,31.3,NORMAL,B,2026-05-25 00:58:58
TRF-0003,Jeddah-Main,236.49,155.46,60.14,36.76,47.3,NORMAL,C,2026/05/25 00:58:58
TRF-0004,Jeddah-Industrial,234.7,404.73,60.17,94.99,49.6,NORMAL,A,2026/05/25 00:58:58
TRF-0005,Dammam-Central,226.82,337.77,59.91,76.61,61.3,NORMAL,A,2026-05-25 00:58:58
TRF-0006,Dammam-Port,235.09,364.37,59.89,85.66,54.7,NORMAL,B,05/25/2026 00:58:58
TRF-0007,Mecca-Haram,237.7,311.61,60.08,74.07,62.5,NORMAL,A,05/25/2026 00:58:58
TRF-0008,Medina-Central,220.44,208.89,60.17,46.05,53.3,NORMAL,B,25-05-2026 00:58
TRF-0009,Abha-City,235.91,321.84,60.19,75.93,54.5,NORMAL,A,25-05-2026 00:58
TRF-0010,Tabuk-Center,223.76,280.92,60.06,62.86,45.2,NORMAL,A,25-05-2026 00:58
TRF-0001,Riyadh-North,220.05,134.52,59.94,29.6,42.2,NORMAL,B,05/25/2026 00:58:58
TRF-0002,Riyadh-East,239.01,971.97,60.16,283.74,99.5,OVERLOAD,C,2026-05-25 00:58:58
TRF-0003,Jeddah-Main,222.82,398.31,60.16,,52.9,NORMAL,B,25-05-2026 00:58
TRF-0004,Jeddah-Industrial,239.79,348.58,60.0,83.59,41.7,NORMAL,C,2026/05/25 00:58:58
TRF-0005,Dammam-Central,228.39,345.39,60.04,78.88,61.1,NORMAL,C,20260525T005858
TRF-0006,Dammam-Port,235.41,251.03,60.12,59.09,30.9,NORMAL,B,25-05-2026 00:58
TRF-0007,Mecca-Haram,222.08,467.83,59.88,103.9,50.5,NORMAL,A,2026-05-25 00:58:58
TRF-0008,Medina-Central,235.53,351.79,59.89,82.86,33.1,NORMAL,C,20260525T005858
TRF-0009,Abha-City,220.24,309.83,60.1,68.24,58.1,NORMAL,A,05/25/2026 00:58:58
TRF-0010,Tabuk-Center,234.43,159.57,60.03,37.41,37.2,NORMAL,A,2026/05/25 00:58:58
TRF-0001,Riyadh-North,239.41,257.38,60.1,61.62,56.7,NORMAL,B,2026-05-25 00:58:58
TRF-0002,Riyadh-East,225.23,451.37,59.84,101.66,40.7,NORMAL,B,2026/05/25 00:58:58
TRF-0003,Jeddah-Main,228.3,219.5,59.91,50.11,47.8,NORMAL,B,25-05-2026 00:58
TRF-0004,Jeddah-Industrial,234.08,254.26,59.88,59.52,50.9,NORMAL,C,05/25/2026 00:58:58
TRF-0005,Dammam-Central,230.68,264.97,59.85,61.12,45.6,NORMAL,C,05/25/2026 00:58:58
TRF-0006,Dammam-Port,228.31,352.92,59.98,80.58,49.6,NORMAL,A,20260525T005858
TRF-0007,Mecca-Haram,227.88,183.75,59.99,41.87,41.2,NORMAL,B,2026-05-25 00:58:58
TRF-0008,Medina-Central,231.5,240.77,59.96,55.74,44.9,NORMAL,B,05/25/2026 00:58:58
TRF-0009,Abha-City,238.51,172.18,60.18,41.07,57.3,NORMAL,B,2026-05-25 00:58:58
TRF-0010,Tabuk-Center,238.02,241.23,60.15,57.42,32.9,NORMAL,A,2026-05-25 00:58:58
TRF-0001,Riyadh-North,221.42,159.76,59.92,35.37,32.9,NORMAL,A,05/25/2026 00:58:58
TRF-0002,Riyadh-East,222.76,432.13,59.91,96.26,60.9,NORMAL,B,2026/05/25 00:58:58
TRF-0003,Jeddah-Main,233.53,289.4,59.88,67.58,33.2,NORMAL,B,2026-05-25 00:58:58
TRF-0004,Jeddah-Industrial,231.65,368.75,60.09,85.42,58.2,NORMAL,A,2026-05-25 00:58:58
TRF-0005,Dammam-Central,230.38,429.42,60.17,98.93,62.7,NORMAL,C,25-05-2026 00:58
TRF-0006,Dammam-Port,221.12,263.56,46.01,58.28,38.2,FREQ_DRIFT,B,20260525T005858
TRF-0007,Mecca-Haram,231.19,233.25,59.83,53.93,58.9,NORMAL,B,05/25/2026 00:58:58
TRF-0008,Medina-Central,231.97,363.28,59.97,84.27,65.0,NORMAL,B,05/25/2026 00:58:58
TRF-0009,Abha-City,232.04,421.09,59.93,97.71,53.9,NORMAL,B,05/25/2026 00:58:58
TRF-0010,Tabuk-Center,229.29,413.5,60.1,94.81,53.8,NORMAL,C,05/25/2026 00:58:58
TRF-0001,Riyadh-North,238.05,170.47,59.87,40.58,44.7,NORMAL,A,20260525T005858
TRF-0002,Riyadh-East,225.98,257.84,60.13,58.27,56.2,NORMAL,B,2026/05/25 00:58:58
TRF-0003,Jeddah-Main,235.95,389.04,59.89,91.79,61.0,NORMAL,A,25-05-2026 00:58
TRF-0004,Jeddah-Industrial,223.91,287.92,59.81,64.47,39.8,NORMAL,B,05/25/2026 00:58:58
TRF-0005,Dammam-Central,222.45,190.98,59.95,42.48,31.7,NORMAL,B,25-05-2026 00:58
TRF-0006,Dammam-Port,226.66,434.44,60.06,98.47,50.6,NORMAL,A,2026-05-25 00:58:58
TRF-0007,Mecca-Haram,222.66,480.64,59.81,107.02,50.0,NORMAL,B,05/25/2026 00:58:58
TRF-0008,Medina-Central,233.07,108.49,60.06,25.29,48.3,NORMAL,B,20260525T005858
TRF-0009,Abha-City,230.18,323.74,60.16,74.52,59.6,NORMAL,B,25-05-2026 00:58
TRF-0010,Tabuk-Center,,107.44,60.12,24.1,30.2,NORMAL,A,05/25/2026 00:58:58
TRF-0001,Riyadh-North,223.22,262.83,60.2,58.67,57.9,NORMAL,A,25-05-2026 00:58
TRF-0001,Riyadh-North,223.22,262.83,60.2,58.67,57.9,NORMAL,A,25-05-2026 00:58
TRF-0002,Riyadh-East,223.85,145.52,59.93,32.57,59.5,NORMAL,C,2026/05/25 00:58:58
TRF-0003,Jeddah-Main,230.95,327.41,60.09,75.62,56.1,NORMAL,C,05/25/2026 00:58:58
TRF-0004,Jeddah-Industrial,235.99,130.25,59.95,30.74,35.6,NORMAL,A,2026-05-25 00:58:58
TRF-0005,Dammam-Central,225.77,220.01,60.18,49.67,63.8,NORMAL,C,2026/05/25 00:58:58
TRF-0006,Dammam-Port,227.4,446.15,59.9,101.45,45.8,NORMAL,C,25-05-2026 00:58
TRF-0007,Mecca-Haram,232.83,157.86,59.85,36.75,35.2,NORMAL,A,20260525T005858
TRF-0008,Medina-Central,220.35,149.94,60.08,33.04,37.0,NORMAL,A,25-05-2026 00:58
TRF-0009,Abha-City,239.21,487.22,59.87,116.55,46.7,NORMAL,A,2026-05-25 00:58:58
TRF-0010,Tabuk-Center,226.99,445.79,60.15,101.19,37.1,NORMAL,B,25-05-2026 00:58
TRF-0001,Riyadh-North,235.55,126.74,60.13,29.85,50.5,NORMAL,C,2026/05/25 00:58:58
TRF-0002,Riyadh-East,234.41,296.76,60.01,69.56,44.5,NORMAL,B,20260525T005858
TRF-0003,Jeddah-Main,229.01,330.99,59.86,75.8,60.3,NORMAL,C,2026/05/25 00:58:58
TRF-0004,Jeddah-Industrial,229.91,456.39,59.97,104.93,48.4,NORMAL,A,20260525T005858
TRF-0005,Dammam-Central,228.09,473.95,60.09,108.1,42.2,NORMAL,C,05/25/2026 00:58:58
TRF-0006,Dammam-Port,223.24,306.5,60.07,68.42,59.4,NORMAL,B,2026/05/25 00:58:58
TRF-0007,Mecca-Haram,236.86,175.87,59.99,41.66,34.7,NORMAL,B,25-05-2026 00:58
TRF-0008,Medina-Central,236.87,305.69,59.98,72.41,57.0,NORMAL,C,2026-05-25 00:58:58
TRF-0009,Abha-City,232.17,226.43,59.92,52.57,54.5,NORMAL,B,25-05-2026 00:58
TRF-0010,Tabuk-Center,228.89,425.36,59.82,97.36,31.5,NORMAL,A,2026-05-25 00:58:58
TRF-0001,Riyadh-North,237.03,146.49,60.09,34.72,58.7,NORMAL,C,05/25/2026 00:58:58
TRF-0002,Riyadh-East,220.48,238.82,59.81,,42.9,NORMAL,A,25-05-2026 00:58
TRF-0003,Jeddah-Main,227.06,202.06,60.11,45.88,37.0,NORMAL,A,2026/05/25 00:58:58
TRF-0004,Jeddah-Industrial,223.0,112.64,59.85,25.12,60.6,NORMAL,A,20260525T005858
TRF-0005,Dammam-Central,238.8,233.69,60.17,55.81,31.1,NORMAL,C,05/25/2026 00:58:58
TRF-0006,Dammam-Port,229.7,337.12,59.84,77.44,63.2,NORMAL,B,25-05-2026 00:58
TRF-0007,Mecca-Haram,235.21,231.55,60.03,54.46,33.7,NORMAL,A,20260525T005858
TRF-0008,Medina-Central,224.46,292.48,59.85,65.65,47.4,NORMAL,B,05/25/2026 00:58:58

TRF-0008,Medina-Central,224.46,292.48,59.85,65.65,47.4,NORMAL,B,05/25/2026 00:58:58
TRF-0009,Abha-City,220.43,367.73,,81.06,59.1,NORMAL,B,20260525T005858
TRF-0010,Tabuk-Center,233.69,128.95,60.04,30.13,30.1,NORMAL,B,2026-05-25 00:58:58
TRF-0001,Riyadh-North,222.72,303.56,59.87,67.61,50.3,NORMAL,C,2026-05-25 00:58:59
TRF-0002,Riyadh-East,228.15,330.64,59.92,75.44,61.2,NORMAL,A,2026-05-25 00:58:59
TRF-0003,Jeddah-Main,239.02,125.75,54.75,30.06,63.3,FREQ_DRIFT,A,2026/05/25 00:58:59
TRF-0004,Jeddah-Industrial,221.2,351.57,59.96,77.77,43.7,NORMAL,C,20260525T005859
TRF-0005,Dammam-Central,235.15,257.68,60.13,60.59,57.6,NORMAL,C,25-05-2026 00:58
TRF-0006,Dammam-Port,222.84,132.69,59.98,29.57,43.5,NORMAL,A,2026-05-25 00:58:59
TRF-0007,Mecca-Haram,230.23,113.41,59.9,26.11,36.0,NORMAL,B,2026/05/25 00:58:59
TRF-0008,Medina-Central,225.29,295.98,60.05,66.68,40.2,NORMAL,B,20260525T005859
TRF-0009,Abha-City,220.86,102.61,59.93,22.66,45.4,NORMAL,C,05/25/2026 00:58:59
TRF-0010,Tabuk-Center,230.93,182.31,59.88,42.1,63.3,NORMAL,C,25-05-2026 00:58
TRF-0001,Riyadh-North,239.32,227.12,59.83,54.35,42.3,NORMAL,B,2026-05-25 00:58:59
TRF-0002,Riyadh-East,229.31,240.68,60.09,55.19,31.5,NORMAL,B,20260525T005859
TRF-0003,Jeddah-Main,226.59,398.22,60.0,90.23,52.1,NORMAL,B,25-05-2026 00:58
TRF-0004,Jeddah-Industrial,231.42,309.92,60.0,71.72,45.4,NORMAL,C,2026/05/25 00:58:59
TRF-0005,Dammam-Central,234.48,117.95,60.1,27.66,43.7,NORMAL,C,2026-05-25 00:58:59
TRF-0006,Dammam-Port,239.01,122.5,59.97,29.28,32.5,NORMAL,C,2026-05-25 00:58:59
TRF-0007,Mecca-Haram,235.55,251.52,59.88,59.25,63.3,NORMAL,A,05/25/2026 00:58:59
TRF-0008,Medina-Central,,468.31,60.16,104.03,62.7,NORMAL,C,20260525T005859
TRF-0009,Abha-City,,172.9,60.17,39.35,43.7,NORMAL,A,2026-05-25 00:58:59
TRF-0010,Tabuk-Center,223.68,202.63,60.07,45.32,41.4,NORMAL,B,25-05-2026 00:58
TRF-0001,Riyadh-North,227.45,365.4,59.9,83.11,49.6,NORMAL,B,05/25/2026 00:58:59
TRF-0002,Riyadh-East,227.78,112.32,59.86,25.58,64.4,NORMAL,C,2026-05-25 00:58:59
TRF-0003,Jeddah-Main,235.32,136.15,60.06,32.04,38.0,NORMAL,C,25-05-2026 00:58
TRF-0004,Jeddah-Industrial,238.93,395.45,60.05,94.48,34.2,NORMAL,B,2026/05/25 00:58:59
TRF-0005,Dammam-Central,225.66,419.43,60.07,94.65,47.7,NORMAL,C,20260525T005859
TRF-0006,Dammam-Port,234.35,391.39,59.82,91.72,57.2,NORMAL,C,2026-05-25 00:58:59
TRF-0007,Mecca-Haram,225.19,407.18,60.06,91.69,49.3,NORMAL,C,20260525T005859
TRF-0008,Medina-Central,237.79,135.2,60.04,32.15,36.9,NORMAL,C,25-05-2026 00:58
TRF-0009,Abha-City,239.22,389.18,60.0,93.1,39.0,NORMAL,C,20260525T005859
TRF-0010,Tabuk-Center,222.91,255.89,60.09,57.04,52.9,NORMAL,C,05/25/2026 00:58:59
TRF-0001,Riyadh-North,235.94,403.0,60.18,95.08,49.7,NORMAL,B,20260525T005859
TRF-0002,Riyadh-East,223.84,172.31,59.81,38.57,55.0,NORMAL,A,20260525T005859
TRF-0003,Jeddah-Main,223.05,134.32,59.83,29.96,48.0,NORMAL,A,2026-05-25 00:58:59
TRF-0004,Jeddah-Industrial,237.38,251.67,60.09,59.74,59.4,NORMAL,A,05/25/2026 00:58:59

TRF-0005,Dammam-Central,228.83,496.82,60.13,113.69,41.8,NORMAL,B,05/25/2026 00:58:59
TRF-0006,Dammam-Port,231.24,130.84,60.18,30.26,44.3,NORMAL,B,05/25/2026 00:58:59
TRF-0007,Mecca-Haram,239.7,461.23,59.9,110.56,61.3,NORMAL,A,2026-05-25 00:58:59
TRF-0008,Medina-Central,221.37,260.4,60.1,57.64,48.2,NORMAL,A,05/25/2026 00:58:59
TRF-0009,Abha-City,223.5,471.9,59.8,105.47,48.5,NORMAL,B,25-05-2026 00:58
TRF-0010,Tabuk-Center,233.48,282.13,60.02,65.87,43.4,NORMAL,C,25-05-2026 00:58
TRF-0001,Riyadh-North,220.44,335.88,60.1,74.04,46.4,NORMAL,C,20260525T005859
TRF-0002,Riyadh-East,232.79,168.15,59.84,39.14,60.1,NORMAL,A,2026-05-25 00:58:59
TRF-0003,Jeddah-Main,235.57,206.28,59.95,48.59,41.3,NORMAL,B,05/25/2026 00:58:59
TRF-0004,Jeddah-Industrial,233.11,119.54,60.11,27.87,30.1,NORMAL,B,2026/05/25 00:58:59
TRF-0005,Dammam-Central,230.96,322.87,60.17,74.57,42.8,NORMAL,B,20260525T005859
TRF-0006,Dammam-Port,222.18,246.92,59.82,54.86,64.8,NORMAL,A,05/25/2026 00:58:59
TRF-0007,Mecca-Haram,233.4,386.48,60.03,90.2,50.8,NORMAL,C,2026/05/25 00:58:59
TRF-0007,Mecca-Haram,233.4,386.48,60.03,90.2,50.8,NORMAL,C,2026/05/25 00:58:59
TRF-0008,Medina-Central,233.98,143.77,60.16,33.64,37.6,NORMAL,C,05/25/2026 00:58:59
TRF-0009,Abha-City,238.32,139.68,59.98,33.29,63.0,NORMAL,C,2026/05/25 00:58:59
TRF-0010,Tabuk-Center,232.6,224.72,59.96,52.27,50.3,NORMAL,C,05/25/2026 00:58:59
TRF-0001,Riyadh-North,224.01,420.86,60.17,94.28,40.4,NORMAL,B,25-05-2026 00:58
TRF-0002,Riyadh-East,227.95,458.13,59.9,104.43,48.9,NORMAL,B,25-05-2026 00:58
TRF-0003,Jeddah-Main,239.64,,59.86,55.33,50.7,NORMAL,A,05/25/2026 00:58:59
TRF-0004,Jeddah-Industrial,236.22,231.04,60.16,54.58,37.7,NORMAL,A,2026/05/25 00:58:59
TRF-0005,Dammam-Central,239.38,278.48,59.97,66.66,63.0,NORMAL,A,2026/05/25 00:58:59
TRF-0006,Dammam-Port,221.53,457.76,60.14,101.41,61.4,NORMAL,A,05/25/2026 00:58:59
TRF-0007,Mecca-Haram,238.85,391.67,59.9,93.55,31.3,NORMAL,C,2026-05-25 00:58:59
TRF-0008,Medina-Central,232.3,203.07,60.17,47.17,250.0,OVERHEAT,C,2026/05/25 00:58:59
TRF-0009,Abha-City,233.54,278.86,59.9,65.12,38.3,NORMAL,C,25-05-2026 00:58
TRF-0010,Tabuk-Center,226.84,124.84,60.12,28.32,32.9,NORMAL,A,2026-05-25 00:58:59
TRF-0001,Riyadh-North,233.17,324.63,59.86,75.69,250.0,OVERHEAT,B,05/25/2026 00:58:59
TRF-0002,Riyadh-East,231.68,1130.7,59.82,222.58,91.2,OVERLOAD,B,05/25/2026 00:58:59
TRF-0003,Jeddah-Main,237.94,342.79,59.82,81.56,50.3,NORMAL,C,2026-05-25 00:58:59
TRF-0004,Jeddah-Industrial,239.45,192.7,60.01,46.14,40.4,NORMAL,A,2026/05/25 00:58:59
TRF-0005,Dammam-Central,232.58,378.56,59.88,,55.6,NORMAL,B,2026/05/25 00:58:59
TRF-0006,Dammam-Port,228.79,189.98,59.9,43.47,35.2,NORMAL,A,2026/05/25 00:58:59
TRF-0007,Mecca-Haram,223.84,490.48,59.85,109.79,53.0,NORMAL,C,25-05-2026 00:58
TRF-0008,Medina-Central,220.48,249.63,59.87,55.04,38.3,NORMAL,C,25-05-2026 00:58
TRF-0009,Abha-City,225.84,310.5,60.01,70.12,250.0,OVERHEAT,B,05/25/2026 00:58:59
TRF-0010,Tabuk-Center,236.58,499.2,60.2,118.1,33.4,NORMAL,B,2026/05/25 00:58:59
TRF-0001,Riyadh-North,236.75,137.03,59.92,32.44,49.9,NORMAL,C,2026/05/25 00:58:59
TRF-0002,Riyadh-East,236.62,224.35,59.93,53.09,64.4,NORMAL,B,25-05-2026 00:58
TRF-0003,Jeddah-Main,224.81,335.96,60.12,75.53,40.4,NORMAL,A,2026-05-25 00:58:59
TRF-0004,Jeddah-Industrial,230.45,228.98,59.95,52.77,63.8,NORMAL,B,25-05-2026 00:58
TRF-0005,Dammam-Central,220.84,187.12,59.88,41.32,36.4,NORMAL,A,05/25/2026 00:58:59
TRF-0006,Dammam-Port,229.71,437.72,59.96,100.55,47.4,NORMAL,B,20260525T005859
TRF-0007,Mecca-Haram,239.89,332.16,59.88,79.68,47.8,NORMAL,B,2026/05/25 00:58:59
TRF-0008,Medina-Central,233.82,316.92,59.9,74.1,62.9,NORMAL,A,2026/05/25 00:58:59
TRF-0009,Abha-City,232.39,401.48,60.15,93.3,41.7,NORMAL,C,05/25/2026 00:58:59
TRF-0010,Tabuk-Center,226.16,226.28,59.87,51.18,50.3,NORMAL,A,2026-05-25 00:58:59
TRF-0001,Riyadh-North,,142.71,60.06,32.52,47.8,NORMAL,C,20260525T005859
TRF-0002,Riyadh-East,231.24,298.3,59.95,68.98,47.0,NORMAL,B,2026-05-25 00:58:59
TRF-0003,Jeddah-Main,239.02,200.01,59.84,47.81,42.8,NORMAL,A,20260525T005859
TRF-0004,Jeddah-Industrial,237.61,358.7,59.97,85.23,250.0,OVERHEAT,C,2026/05/25 00:58:59
TRF-0005,Dammam-Central,229.84,248.75,60.02,57.17,34.0,NORMAL,C,2026/05/25 00:58:59
TRF-0006,Dammam-Port,225.35,436.0,60.11,98.25,39.7,NORMAL,A,05/25/2026 00:58:59
TRF-0006,Dammam-Port,225.35,436.0,60.11,98.25,39.7,NORMAL,A,05/25/2026 00:58:59
TRF-0007,Mecca-Haram,236.47,364.84,60.0,86.27,40.9,NORMAL,C,05/25/2026 00:58:59
TRF-0008,Medina-Central,227.48,302.35,59.81,68.78,37.5,NORMAL,B,2026/05/25 00:58:59
TRF-0009,Abha-City,236.53,377.71,60.12,89.34,60.2,NORMAL,A,2026/05/25 00:58:59
TRF-0010,Tabuk-Center,232.96,296.15,60.06,68.99,44.7,NORMAL,A,20260525T005859
TRF-0001,Riyadh-North,227.35,305.77,60.14,69.52,46.2,NORMAL,C,2026/05/25 00:58:59
TRF-0002,Riyadh-East,230.56,195.0,59.94,44.96,54.8,NORMAL,B,20260525T005859
TRF-0003,Jeddah-Main,233.18,196.61,59.84,45.85,59.3,NORMAL,C,05/25/2026 00:58:59
TRF-0004,Jeddah-Industrial,238.57,251.34,59.87,59.96,34.2,NORMAL,B,2026/05/25 00:58:59
TRF-0005,Dammam-Central,223.17,1173.8,59.9,203.03,114.8,OVERLOAD,A,2026/05/25 00:58:59
TRF-0006,Dammam-Port,224.34,340.72,60.0,76.44,63.0,NORMAL,A,05/25/2026 00:58:59
TRF-0007,Mecca-Haram,234.85,290.0,59.82,68.11,54.8,NORMAL,B,25-05-2026 00:58
TRF-0008,Medina-Central,236.4,312.16,59.84,73.79,61.3,NORMAL,B,05/25/2026 00:58:59
TRF-0009,Abha-City,224.95,459.27,59.96,103.31,35.8,NORMAL,C,05/25/2026 00:58:59
TRF-0010,Tabuk-Center,239.31,205.01,59.85,49.06,42.0,NORMAL,C,2026/05/25 00:58:59
TRF-0001,Riyadh-North,230.57,467.79,59.95,107.86,64.7,NORMAL,C,25-05-2026 00:58
TRF-0002,Riyadh-East,238.77,156.24,60.05,37.31,50.6,NORMAL,A,25-05-2026 00:58
TRF-0003,Jeddah-Main,239.4,119.52,51.27,28.61,42.2,FREQ_DRIFT,C,2026-05-25 00:58:59
TRF-0004,Jeddah-Industrial,239.81,206.23,45.51,49.46,49.3,FREQ_DRIFT,B,05/25/2026 00:58:59
TRF-0005,Dammam-Central,225.96,262.55,60.13,59.33,62.4,NORMAL,B,05/25/2026 00:58:59
TRF-0006,Dammam-Port,224.47,181.96,60.02,40.84,37.3,NORMAL,B,2026-05-25 00:58:59
TRF-0007,Mecca-Haram,234.43,104.83,60.06,24.58,33.7,NORMAL,B,2026-05-25 00:58:59
TRF-0008,Medina-Central,222.52,469.01,60.17,104.36,63.2,NORMAL,B,2026/05/25 00:58:59
TRF-0009,Abha-City,222.02,462.17,59.87,102.61,44.9,NORMAL,A,2026-05-25 00:58:59
TRF-0010,Tabuk-Center,224.4,166.0,60.19,37.25,43.0,NORMAL,B,20260525T005859
TRF-0001,Riyadh-North,229.92,334.01,59.85,76.8,64.8,NORMAL,B,05/25/2026 00:58:59
TRF-0002,Riyadh-East,220.63,126.61,60.05,27.93,64.3,NORMAL,A,2026-05-25 00:58:59
TRF-0003,Jeddah-Main,227.46,339.56,60.02,77.24,37.0,NORMAL,A,2026/05/25 00:58:59
TRF-0004,Jeddah-Industrial,233.21,251.39,59.8,58.63,61.5,NORMAL,A,2026/05/25 00:58:59
TRF-0005,Dammam-Central,220.97,236.13,60.05,52.18,34.5,NORMAL,B,20260525T005859
TRF-0006,Dammam-Port,226.47,153.99,60.13,34.87,64.6,NORMAL,C,2026/05/25 00:58:59
TRF-0007,Mecca-Haram,221.58,111.47,59.94,24.7,32.2,NORMAL,B,20260525T005859
TRF-0008,Medina-Central,-230,268.66,59.99,61.91,36.2,NORMAL,C,2026/05/25 00:58:59
TRF-0009,Abha-City,,109.13,60.13,25.91,41.4,NORMAL,B,20260525T005859
TRF-0009,Abha-City,,109.13,60.13,25.91,41.4,NORMAL,B,20260525T005859
TRF-0010,Tabuk-Center,222.57,374.82,59.98,83.42,51.5,NORMAL,A,05/25/2026 00:58:59
TRF-0001,Riyadh-North,238.5,329.4,59.89,78.56,62.9,NORMAL,A,05/25/2026 00:58:59
TRF-0002,Riyadh-East,224.86,289.51,60.07,65.1,37.6,NORMAL,C,05/25/2026 00:58:59
TRF-0003,Jeddah-Main,228.03,247.79,60.01,56.5,55.8,NORMAL,B,2026/05/25 00:58:59
TRF-0004,Jeddah-Industrial,230.37,269.47,59.91,62.08,38.7,NORMAL,A,20260525T005859
TRF-0005,Dammam-Central,234.43,328.81,60.15,77.08,58.0,NORMAL,B,25-05-2026 00:58
TRF-0006,Dammam-Port,221.48,195.14,60.15,43.22,37.4,NORMAL,C,25-05-2026 00:58
TRF-0007,Mecca-Haram,232.7,243.28,59.9,56.61,34.8,NORMAL,C,25-05-2026 00:58
TRF-0008,Medina-Central,223.91,478.04,60.02,107.04,32.9,NORMAL,B,2026-05-25 00:58:59
TRF-0009,Abha-City,230.08,245.84,59.85,56.56,59.3,NORMAL,C,20260525T005859
TRF-0010,Tabuk-Center,232.55,1153.43,60.17,217.88,100.5,OVERLOAD,B,05/25/2026 00:58:59
TRF-0001,Riyadh-North,239.92,205.75,60.07,49.36,30.0,NORMAL,B,05/25/2026 00:58:59
TRF-0002,Riyadh-East,233.96,445.94,60.16,104.33,30.0,NORMAL,A,2026/05/25 00:58:59
TRF-0003,Jeddah-Main,236.68,246.59,60.06,58.36,50.4,NORMAL,C,20260525T005859
TRF-0004,Jeddah-Industrial,235.37,419.67,60.0,98.78,36.2,NORMAL,A,25-05-2026 00:58
TRF-0005,Dammam-Central,238.18,300.61,59.99,71.6,60.3,NORMAL,A,2026/05/25 00:58:59
TRF-0006,Dammam-Port,238.07,469.04,59.84,111.66,60.6,NORMAL,C,05/25/2026 00:58:59
TRF-0007,Mecca-Haram,227.04,199.76,60.04,45.35,42.4,NORMAL,B,2026/05/25 00:58:59
TRF-0008,Medina-Central,233.82,252.35,59.87,59.0,52.1,NORMAL,C,2026/05/25 00:58:59
TRF-0009,Abha-City,230.23,221.22,60.09,50.93,36.6,NORMAL,A,05/25/2026 00:58:59
TRF-0010,Tabuk-Center,239.54,326.23,60.18,78.15,48.2,NORMAL,C,25-05-2026 00:58
TRF-0001,Riyadh-North,239.44,164.44,59.83,39.37,60.4,NORMAL,A,2026/05/25 00:58:59
TRF-0002,Riyadh-East,239.45,298.03,60.15,71.36,35.7,NORMAL,B,25-05-2026 00:58
TRF-0003,Jeddah-Main,233.91,428.28,60.04,100.18,39.5,NORMAL,B,05/25/2026 00:58:59
TRF-0004,Jeddah-Industrial,229.53,158.44,60.1,36.37,64.7,NORMAL,A,2026-05-25 00:58:59
TRF-0005,Dammam-Central,237.01,375.03,59.97,88.89,46.2,NORMAL,A,2026/05/25 00:58:59
TRF-0006,Dammam-Port,228.18,373.3,60.13,85.18,63.1,NORMAL,A,2026-05-25 00:58:59
TRF-0007,Mecca-Haram,239.37,364.31,59.9,87.2,47.1,NORMAL,A,25-05-2026 00:58
TRF-0008,Medina-Central,233.24,177.74,59.86,41.46,30.4,NORMAL,A,20260525T005859
TRF-0009,Abha-City,239.29,220.66,59.95,52.8,42.7,NORMAL,A,2026-05-25 00:58:59
TRF-0010,Tabuk-Center,237.7,198.36,59.95,47.15,48.0,NORMAL,C,25-05-2026 00:58
TRF-0001,Riyadh-North,229.84,309.66,60.13,71.17,42.7,NORMAL,A,20260525T005859
TRF-0002,Riyadh-East,220.27,236.88,59.98,52.18,63.0,NORMAL,A,25-05-2026 00:58
TRF-0003,Jeddah-Main,223.77,0.0,59.94,0.0,59.4,OUTAGE,A,2026-05-25 00:58:59
TRF-0004,Jeddah-Industrial,231.41,436.77,60.06,101.07,63.3,NORMAL,A,2026-05-25 00:58:59
TRF-0005,Dammam-Central,231.44,0.0,60.09,0.0,45.2,OUTAGE,C,05/25/2026 00:58:59
TRF-0006,Dammam-Port,232.78,357.56,59.86,83.23,36.3,NORMAL,C,25-05-2026 00:58
TRF-0007,Mecca-Haram,-230,382.84,59.95,88.58,41.2,NORMAL,C,05/25/2026 00:58:59
TRF-0008,Medina-Central,222.17,412.12,59.95,91.56,250.0,OVERHEAT,A,2026-05-25 00:58:59
TRF-0009,Abha-City,226.82,261.65,59.99,59.35,32.4,NORMAL,C,2026-05-25 00:58:59
TRF-0010,Tabuk-Center,-230,167.54,59.84,38.71,43.3,NORMAL,C,2026-05-25 00:58:59
TRF-0001,Riyadh-North,237.39,454.6,60.15,107.92,41.1,NORMAL,B,25-05-2026 00:58
TRF-0002,Riyadh-East,232.71,0.0,60.1,0.0,46.7,OUTAGE,C,05/25/2026 00:58:59
TRF-0003,Jeddah-Main,223.67,476.13,59.9,106.5,56.8,NORMAL,A,05/25/2026 00:58:59
TRF-0004,Jeddah-Industrial,236.91,130.92,60.02,31.02,57.3,NORMAL,C,2026/05/25 00:58:59
TRF-0005,Dammam-Central,232.98,448.66,59.83,104.53,42.8,NORMAL,B,25-05-2026 00:58
TRF-0006,Dammam-Port,224.1,298.59,60.13,66.91,61.1,NORMAL,C,20260525T005859
TRF-0007,Mecca-Haram,226.47,385.29,60.1,87.26,58.7,NORMAL,C,05/25/2026 00:58:59
TRF-0008,Medina-Central,239.36,435.35,59.91,104.21,52.9,NORMAL,B,2026-05-25 00:58:59
TRF-0009,Abha-City,226.3,332.23,59.97,75.18,37.1,NORMAL,A,20260525T005859
TRF-0010,Tabuk-Center,222.23,170.85,59.88,37.97,40.6,NORMAL,B,2026/05/25 00:58:59
TRF-0001,Riyadh-North,225.69,362.04,59.82,81.71,54.1,NORMAL,C,05/25/2026 00:58:59
TRF-0002,Riyadh-East,234.41,242.66,60.12,56.88,30.6,NORMAL,C,20260525T005859
TRF-0003,Jeddah-Main,225.31,152.52,59.96,34.36,50.7,NORMAL,A,20260525T005859
TRF-0004,Jeddah-Industrial,223.52,455.36,60.05,101.78,32.2,NORMAL,C,2026/05/25 00:58:59
TRF-0005,Dammam-Central,234.0,391.84,59.85,91.69,38.2,NORMAL,B,05/25/2026 00:58:59
TRF-0006,Dammam-Port,237.29,263.48,60.03,62.52,42.3,NORMAL,B,05/25/2026 00:58:59
TRF-0007,Mecca-Haram,228.39,175.2,65.89,40.01,56.8,FREQ_DRIFT,B,2026/05/25 00:58:59
TRF-0008,Medina-Central,225.02,263.27,60.15,59.24,43.9,NORMAL,B,2026/05/25 00:58:59
TRF-0009,Abha-City,239.81,453.63,59.93,108.79,44.4,NORMAL,A,20260525T005859
TRF-0010,Tabuk-Center,225.97,295.9,59.84,66.86,39.2,NORMAL,B,2026/05/25 00:58:59
TRF-0001,Riyadh-North,233.15,179.07,59.83,41.75,47.5,NORMAL,B,05/25/2026 00:58:59
TRF-0002,Riyadh-East,233.33,340.87,60.04,79.54,30.2,NORMAL,A,20260525T005859
TRF-0003,Jeddah-Main,230.08,402.33,60.01,92.57,54.3,NORMAL,A,2026/05/25 00:58:59
TRF-0004,Jeddah-Industrial,232.35,368.89,59.92,85.71,,NORMAL,B,20260525T005859
TRF-0005,Dammam-Central,230.14,430.11,59.88,98.99,34.7,NORMAL,B,2026-05-25 00:58:59
TRF-0006,Dammam-Port,236.64,120.16,59.99,28.43,39.1,NORMAL,C,2026/05/25 00:58:59
TRF-0007,Mecca-Haram,229.09,408.43,59.87,93.57,36.6,NORMAL,B,25-05-2026 00:58
TRF-0008,Medina-Central,227.09,192.63,59.84,43.74,56.0,NORMAL,C,05/25/2026 00:58:59
TRF-0009,Abha-City,239.18,167.76,60.14,40.12,35.5,NORMAL,C,20260525T005859
TRF-0010,Tabuk-Center,230.11,376.12,60.18,86.55,51.0,NORMAL,B,20260525T005859
TRF-0001,Riyadh-North,230.17,198.0,60.04,45.57,43.8,NORMAL,C,2026-05-25 00:59:00
TRF-0002,Riyadh-East,221.17,245.16,59.87,54.22,51.7,NORMAL,A,2026/05/25 00:59:00
TRF-0003,Jeddah-Main,232.15,436.69,60.13,101.38,36.5,NORMAL,B,2026/05/25 00:59:00
TRF-0004,Jeddah-Industrial,239.86,198.91,60.01,47.71,,NORMAL,A,2026/05/25 00:59:00
TRF-0005,Dammam-Central,232.35,175.94,60.02,40.88,31.5,NORMAL,C,05/25/2026 00:59:00
TRF-0006,Dammam-Port,239.66,147.16,59.92,35.27,38.7,NORMAL,C,25-05-2026 00:59
TRF-0007,Mecca-Haram,223.4,354.85,59.94,79.27,36.3,NORMAL,A,20260525T005900
TRF-0008,Medina-Central,234.44,146.6,60.1,34.37,46.7,NORMAL,C,2026/05/25 00:59:00
TRF-0009,Abha-City,229.84,216.72,59.92,49.81,64.5,NORMAL,B,20260525T005900
TRF-0010,Tabuk-Center,237.68,157.59,60.0,37.46,32.1,NORMAL,C,20260525T005900
TRF-0001,Riyadh-North,233.99,208.93,59.82,48.89,36.7,NORMAL,B,25-05-2026 00:59
TRF-0002,Riyadh-East,235.08,342.64,60.12,80.55,63.3,NORMAL,C,05/25/2026 00:59:00
TRF-0003,Jeddah-Main,230.69,204.3,60.19,47.13,32.7,NORMAL,B,05/25/2026 00:59:00
TRF-0004,Jeddah-Industrial,222.62,493.47,59.93,109.86,51.2,NORMAL,C,05/25/2026 00:59:00
TRF-0005,Dammam-Central,230.29,431.12,60.09,99.28,45.8,NORMAL,A,2026-05-25 00:59:00
TRF-0006,Dammam-Port,220.36,162.02,60.06,35.7,62.0,NORMAL,B,25-05-2026 00:59
TRF-0007,Mecca-Haram,224.87,294.03,60.03,66.12,56.3,NORMAL,A,2026/05/25 00:59:00
TRF-0008,Medina-Central,230.26,156.54,59.81,36.04,250.0,OVERHEAT,C,25-05-2026 00:59
TRF-0009,Abha-City,234.64,374.74,60.18,87.93,45.8,NORMAL,A,05/25/2026 00:59:00
TRF-0010,Tabuk-Center,221.84,177.26,60.07,39.32,42.2,NORMAL,A,25-05-2026 00:59
TRF-0001,Riyadh-North,226.13,469.85,60.1,106.25,58.6,NORMAL,A,2026-05-25 00:59:00
TRF-0002,Riyadh-East,239.12,226.48,60.12,54.16,52.7,NORMAL,B,25-05-2026 00:59
TRF-0003,Jeddah-Main,233.4,336.17,60.12,78.46,36.5,NORMAL,C,2026/05/25 00:59:00
TRF-0004,Jeddah-Industrial,227.81,371.32,60.16,84.59,51.6,NORMAL,A,2026-05-25 00:59:00
TRF-0005,Dammam-Central,236.57,199.67,60.08,47.24,47.5,NORMAL,C,25-05-2026 00:59
TRF-0006,Dammam-Port,239.36,185.36,59.86,44.37,46.2,NORMAL,A,2026/05/25 00:59:00
TRF-0007,Mecca-Haram,226.16,370.49,59.88,,40.0,NORMAL,C,25-05-2026 00:59
TRF-0008,Medina-Central,234.56,453.33,60.17,106.33,31.7,NORMAL,C,2026/05/25 00:59:00
TRF-0009,Abha-City,236.97,294.15,59.96,69.7,41.8,NORMAL,C,2026-05-25 00:59:00
TRF-0010,Tabuk-Center,231.21,286.63,59.94,66.27,64.5,NORMAL,A,2026-05-25 00:59:00
TRF-0001,Riyadh-North,227.7,302.59,59.94,68.9,65.0,NORMAL,A,2026/05/25 00:59:00
TRF-0002,Riyadh-East,234.14,148.7,60.07,34.82,45.7,NORMAL,C,25-05-2026 00:59
TRF-0003,Jeddah-Main,232.66,448.97,60.13,104.46,46.8,NORMAL,C,05/25/2026 00:59:00
TRF-0004,Jeddah-Industrial,228.63,369.93,60.1,84.58,36.3,NORMAL,B,2026/05/25 00:59:00
TRF-0005,Dammam-Central,232.88,421.02,59.84,98.05,47.9,NORMAL,B,2026-05-25 00:59:00
TRF-0006,Dammam-Port,234.93,206.86,60.15,48.6,46.8,NORMAL,A,2026/05/25 00:59:00
TRF-0007,Mecca-Haram,226.9,357.74,60.08,81.17,60.7,NORMAL,C,2026/05/25 00:59:00
TRF-0008,Medina-Central,229.33,288.25,59.92,66.1,64.4,NORMAL,A,20260525T005900
TRF-0009,Abha-City,229.6,434.07,59.95,99.66,31.4,NORMAL,A,05/25/2026 00:59:00
TRF-0010,Tabuk-Center,220.62,269.72,59.92,59.51,50.9,NORMAL,B,20260525T005900
TRF-0001,Riyadh-North,220.23,183.64,60.18,40.44,49.9,NORMAL,A,25-05-2026 00:59
TRF-0002,Riyadh-East,235.63,464.85,59.88,109.53,50.0,NORMAL,A,2026-05-25 00:59:00
TRF-0003,Jeddah-Main,233.55,241.87,60.01,56.49,42.9,NORMAL,A,2026-05-25 00:59:00
TRF-0004,Jeddah-Industrial,234.5,394.83,60.07,92.59,31.1,NORMAL,C,05/25/2026 00:59:00
TRF-0005,Dammam-Central,227.43,306.02,59.91,69.6,46.1,NORMAL,C,2026-05-25 00:59:00
TRF-0006,Dammam-Port,236.63,388.51,60.07,91.93,45.9,NORMAL,B,05/25/2026 00:59:00
TRF-0007,Mecca-Haram,226.6,156.93,59.84,35.56,57.2,NORMAL,A,20260525T005900
TRF-0008,Medina-Central,223.89,419.97,59.94,94.03,48.8,NORMAL,C,2026/05/25 00:59:00
TRF-0009,Abha-City,237.45,0.0,60.02,0.0,58.0,OUTAGE,B,2026-05-25 00:59:00
TRF-0010,Tabuk-Center,227.77,0.0,60.02,0.0,33.6,OUTAGE,C,2026/05/25 00:59:00
TRF-0001,Riyadh-North,231.57,241.48,59.94,55.92,48.9,NORMAL,A,2026/05/25 00:59:00
TRF-0002,Riyadh-East,230.22,387.11,60.04,89.12,54.4,NORMAL,B,2026/05/25 00:59:00
TRF-0003,Jeddah-Main,223.44,384.37,60.06,85.88,57.1,NORMAL,C,05/25/2026 00:59:00
TRF-0004,Jeddah-Industrial,232.07,365.48,60.14,84.82,39.6,NORMAL,C,20260525T005900
TRF-0005,Dammam-Central,235.62,211.31,59.91,49.79,61.7,NORMAL,C,05/25/2026 00:59:00
TRF-0006,Dammam-Port,224.84,472.24,60.11,106.18,39.1,NORMAL,C,2026/05/25 00:59:00
TRF-0007,Mecca-Haram,232.92,464.06,59.9,108.09,33.4,NORMAL,C,2026/05/25 00:59:00
TRF-0008,Medina-Central,238.81,424.89,60.11,101.47,43.6,NORMAL,B,2026/05/25 00:59:00
TRF-0009,Abha-City,229.9,492.18,60.13,113.15,56.2,NORMAL,A,25-05-2026 00:59
TRF-0010,Tabuk-Center,220.33,225.86,59.82,49.76,50.2,NORMAL,A,2026-05-25 00:59:00
TRF-0001,Riyadh-North,222.55,265.17,60.1,59.01,49.3,NORMAL,C,2026-05-25 00:59:00
TRF-0002,Riyadh-East,225.77,441.59,60.03,99.7,56.3,NORMAL,C,20260525T005900
TRF-0003,Jeddah-Main,225.98,338.3,59.85,76.45,49.5,NORMAL,A,2026/05/25 00:59:00
TRF-0004,Jeddah-Industrial,225.17,296.9,60.09,66.85,50.6,NORMAL,C,2026-05-25 00:59:00
TRF-0005,Dammam-Central,230.85,248.56,59.8,57.38,32.7,NORMAL,C,05/25/2026 00:59:00
TRF-0006,Dammam-Port,233.3,288.06,59.82,67.2,250.0,OVERHEAT,B,20260525T005900
TRF-0007,Mecca-Haram,,180.77,59.87,42.57,34.1,NORMAL,C,2026/05/25 00:59:00
TRF-0008,Medina-Central,227.43,193.78,59.84,44.07,35.1,NORMAL,A,05/25/2026 00:59:00
TRF-0009,Abha-City,224.96,478.11,59.93,107.56,45.7,NORMAL,B,25-05-2026 00:59
TRF-0010,Tabuk-Center,222.29,283.1,60.19,62.93,48.1,NORMAL,A,05/25/2026 00:59:00
TRF-0001,Riyadh-North,230.55,292.9,59.82,67.53,49.3,NORMAL,A,20260525T005900
TRF-0002,Riyadh-East,229.68,271.14,59.91,62.28,54.9,NORMAL,B,20260525T005900
TRF-0003,Jeddah-Main,236.23,498.29,59.99,117.71,250.0,OVERHEAT,B,20260525T005900
TRF-0004,Jeddah-Industrial,231.63,288.32,59.86,66.78,39.1,NORMAL,A,2026-05-25 00:59:00
TRF-0005,Dammam-Central,234.96,400.89,60.1,94.19,59.2,NORMAL,C,2026/05/25 00:59:00
TRF-0006,Dammam-Port,230.89,120.92,59.91,27.92,49.0,NORMAL,A,05/25/2026 00:59:00
TRF-0007,Mecca-Haram,226.73,344.33,59.8,78.07,59.0,NORMAL,C,05/25/2026 00:59:00
TRF-0008,Medina-Central,228.84,268.84,59.82,,60.9,NORMAL,B,2026-05-25 00:59:00
TRF-0009,Abha-City,227.08,366.44,60.16,83.21,56.9,NORMAL,B,2026-05-25 00:59:00
TRF-0010,Tabuk-Center,236.67,450.69,60.04,106.66,62.9,NORMAL,B,05/25/2026 00:59:00
TRF-0001,Riyadh-North,230.29,145.32,60.01,33.47,62.8,NORMAL,C,2026/05/25 00:59:00
TRF-0002,Riyadh-East,228.21,116.33,59.85,26.55,37.1,NORMAL,B,25-05-2026 00:59
TRF-0003,Jeddah-Main,236.02,341.28,60.12,80.55,37.6,NORMAL,A,05/25/2026 00:59:00
TRF-0004,Jeddah-Industrial,229.27,181.78,60.04,41.68,59.0,NORMAL,C,05/25/2026 00:59:00
TRF-0005,Dammam-Central,233.26,157.85,59.97,36.82,60.3,NORMAL,B,20260525T005900
TRF-0006,Dammam-Port,229.7,484.72,60.0,111.34,62.4,NORMAL,B,20260525T005900
TRF-0007,Mecca-Haram,227.87,121.51,59.81,27.69,54.5,NORMAL,C,05/25/2026 00:59:00
TRF-0008,Medina-Central,239.86,476.76,60.02,114.36,42.2,NORMAL,A,20260525T005900
TRF-0009,Abha-City,228.79,412.21,59.81,94.31,61.3,NORMAL,C,05/25/2026 00:59:00
TRF-0010,Tabuk-Center,234.0,300.23,59.97,70.25,46.1,NORMAL,B,2026-05-25 00:59:00
TRF-0001,Riyadh-North,232.79,339.99,60.15,79.15,57.6,NORMAL,A,25-05-2026 00:59
TRF-0002,Riyadh-East,239.35,296.66,59.96,71.01,63.8,NORMAL,C,2026/05/25 00:59:00
TRF-0003,Jeddah-Main,228.52,344.28,59.83,78.67,54.9,NORMAL,C,20260525T005900
TRF-0004,Jeddah-Industrial,,199.02,60.04,46.41,32.4,NORMAL,C,2026-05-25 00:59:00
TRF-0005,Dammam-Central,227.48,251.48,60.09,57.21,44.4,NORMAL,B,2026/05/25 00:59:00
TRF-0006,Dammam-Port,221.62,380.92,60.15,84.42,33.7,NORMAL,C,05/25/2026 00:59:00
TRF-0007,Mecca-Haram,228.68,105.07,59.86,24.03,50.9,NORMAL,C,25-05-2026 00:59
TRF-0008,Medina-Central,-230,181.7,59.83,40.24,55.4,NORMAL,A,2026-05-25 00:59:00
TRF-0009,Abha-City,228.84,451.81,59.85,103.39,36.4,NORMAL,C,25-05-2026 00:59
TRF-0010,Tabuk-Center,237.46,487.6,59.9,115.79,52.9,NORMAL,C,2026-05-25 00:59:00
TRF-0001,Riyadh-North,231.66,155.54,60.11,36.03,33.4,NORMAL,B,05/25/2026 00:59:00
TRF-0002,Riyadh-East,239.8,269.93,60.18,64.73,51.5,NORMAL,B,05/25/2026 00:59:00
TRF-0003,Jeddah-Main,236.76,313.64,59.81,74.26,51.4,NORMAL,C,05/25/2026 00:59:00
TRF-0004,Jeddah-Industrial,233.75,228.29,60.07,53.36,48.2,NORMAL,B,25-05-2026 00:59
TRF-0005,Dammam-Central,235.27,490.33,60.16,115.36,59.6,NORMAL,C,2026/05/25 00:59:00
TRF-0006,Dammam-Port,237.71,321.92,59.97,76.52,50.7,NORMAL,B,2026/05/25 00:59:00
TRF-0007,Mecca-Haram,225.78,299.21,60.18,67.56,37.8,NORMAL,C,2026-05-25 00:59:00
TRF-0008,Medina-Central,228.7,461.68,60.06,105.59,58.3,NORMAL,C,20260525T005900
TRF-0009,Abha-City,222.41,109.79,59.99,24.42,57.7,NORMAL,B,20260525T005900
TRF-0010,Tabuk-Center,225.46,246.53,59.98,55.58,35.1,NORMAL,A,2026/05/25 00:59:00
TRF-0001,Riyadh-North,237.54,380.45,59.88,90.37,36.5,NORMAL,A,05/25/2026 00:59:00
TRF-0002,Riyadh-East,227.01,286.93,59.91,65.14,61.0,NORMAL,C,05/25/2026 00:59:00
TRF-0003,Jeddah-Main,234.86,333.48,59.92,78.32,41.7,NORMAL,A,05/25/2026 00:59:00
TRF-0003,Jeddah-Main,234.86,333.48,59.92,78.32,41.7,NORMAL,A,05/25/2026 00:59:00
TRF-0004,Jeddah-Industrial,227.09,344.34,59.94,78.2,57.2,NORMAL,B,25-05-2026 00:59
TRF-0005,Dammam-Central,226.44,364.51,59.84,82.54,41.5,NORMAL,B,2026-05-25 00:59:00
TRF-0006,Dammam-Port,237.17,148.03,60.16,35.11,31.4,NORMAL,C,20260525T005900
TRF-0007,Mecca-Haram,234.37,240.8,60.1,56.44,37.0,NORMAL,C,2026/05/25 00:59:00
TRF-0008,Medina-Central,221.91,479.72,60.01,106.45,35.3,NORMAL,A,20260525T005900
TRF-0009,Abha-City,230.1,302.22,60.05,69.54,35.2,NORMAL,C,2026/05/25 00:59:00
TRF-0010,Tabuk-Center,231.77,,59.86,68.32,52.2,NORMAL,C,25-05-2026 00:59
TRF-0001,Riyadh-North,220.54,476.58,60.07,105.1,50.0,NORMAL,B,25-05-2026 00:59
TRF-0002,Riyadh-East,231.55,435.77,60.09,100.9,46.3,NORMAL,A,20260525T005900
TRF-0003,Jeddah-Main,232.79,395.83,59.97,92.15,64.8,NORMAL,C,25-05-2026 00:59
TRF-0004,Jeddah-Industrial,224.39,324.67,59.92,72.85,37.0,NORMAL,A,20260525T005900
TRF-0005,Dammam-Central,236.05,127.34,59.83,30.06,57.8,NORMAL,B,25-05-2026 00:59
TRF-0006,Dammam-Port,220.54,492.95,59.89,108.72,55.6,NORMAL,C,25-05-2026 00:59
TRF-0007,Mecca-Haram,224.02,184.57,60.17,41.35,58.0,NORMAL,B,2026/05/25 00:59:00
TRF-0008,Medina-Central,229.68,274.85,59.89,63.13,51.7,NORMAL,A,2026-05-25 00:59:00
TRF-0009,Abha-City,231.21,484.69,59.92,112.07,33.0,NORMAL,B,05/25/2026 00:59:00
TRF-0010,Tabuk-Center,232.11,213.77,60.14,49.62,35.4,NORMAL,B,20260525T005900
TRF-0001,Riyadh-North,220.66,136.67,59.93,30.16,33.1,NORMAL,C,25-05-2026 00:59
TRF-0002,Riyadh-East,230.59,232.68,60.15,53.65,46.2,NORMAL,A,20260525T005900
TRF-0003,Jeddah-Main,233.12,336.85,60.14,78.53,34.6,NORMAL,B,2026-05-25 00:59:00
TRF-0004,Jeddah-Industrial,230.58,445.62,60.18,102.75,31.3,NORMAL,A,05/25/2026 00:59:00
TRF-0005,Dammam-Central,220.49,126.63,60.19,27.92,38.1,NORMAL,A,20260525T005900
TRF-0006,Dammam-Port,-230,341.87,60.06,76.39,35.9,NORMAL,B,25-05-2026 00:59
TRF-0007,Mecca-Haram,229.9,342.93,60.02,78.84,58.8,NORMAL,A,2026/05/25 00:59:00
TRF-0008,Medina-Central,231.79,199.06,59.83,46.14,44.9,NORMAL,A,25-05-2026 00:59
TRF-0009,Abha-City,227.03,242.88,59.97,55.14,63.6,NORMAL,A,25-05-2026 00:59
TRF-0010,Tabuk-Center,228.53,314.75,60.1,71.93,32.6,NORMAL,B,05/25/2026 00:59:00
TRF-0001,Riyadh-North,228.63,497.38,60.19,113.72,56.0,NORMAL,B,2026-05-25 00:59:00
TRF-0002,Riyadh-East,221.61,201.05,59.94,44.55,36.2,NORMAL,B,2026/05/25 00:59:00
TRF-0003,Jeddah-Main,224.69,438.35,59.94,98.49,57.2,NORMAL,B,05/25/2026 00:59:00
TRF-0004,Jeddah-Industrial,233.76,217.2,59.81,50.77,39.8,NORMAL,C,2026-05-25 00:59:00
TRF-0005,Dammam-Central,228.49,422.31,59.8,96.49,58.1,NORMAL,C,2026-05-25 00:59:00
TRF-0006,Dammam-Port,221.03,175.81,59.99,38.86,55.1,NORMAL,A,2026-05-25 00:59:00
TRF-0007,Mecca-Haram,234.39,,60.07,58.57,49.3,NORMAL,C,05/25/2026 00:59:00
TRF-0008,Medina-Central,236.78,142.94,59.95,33.85,34.5,NORMAL,C,25-05-2026 00:59
TRF-0009,Abha-City,224.29,396.75,60.09,88.99,49.8,NORMAL,B,05/25/2026 00:59:00
TRF-0010,Tabuk-Center,239.64,285.06,59.94,68.31,46.3,NORMAL,A,2026/05/25 00:59:00
TRF-0001,Riyadh-North,220.15,448.47,59.91,98.73,35.8,NORMAL,A,2026/05/25 00:59:00
TRF-0002,Riyadh-East,231.31,243.03,59.84,56.22,49.8,NORMAL,C,2026-05-25 00:59:00
TRF-0003,Jeddah-Main,230.71,426.28,59.85,98.35,54.8,NORMAL,C,20260525T005900
TRF-0004,Jeddah-Industrial,228.76,248.2,59.81,56.78,,NORMAL,B,25-05-2026 00:59
TRF-0005,Dammam-Central,232.27,278.14,59.92,64.6,50.4,NORMAL,B,05/25/2026 00:59:00
TRF-0006,Dammam-Port,224.36,153.63,59.86,34.47,59.3,NORMAL,C,2026-05-25 00:59:00
TRF-0007,Mecca-Haram,235.98,273.86,59.83,64.63,50.2,NORMAL,C,2026-05-25 00:59:00
TRF-0008,Medina-Central,229.01,276.4,59.98,,50.4,NORMAL,A,20260525T005900
TRF-0009,Abha-City,237.57,444.03,60.15,105.49,59.1,NORMAL,A,25-05-2026 00:59
TRF-0010,Tabuk-Center,228.9,242.29,59.93,55.46,63.2,NORMAL,C,20260525T005900
TRF-0001,Riyadh-North,239.63,443.56,60.12,106.29,33.1,NORMAL,B,2026-05-25 00:59:00
TRF-0002,Riyadh-East,228.51,167.67,60.17,38.31,49.6,NORMAL,C,20260525T005900
TRF-0003,Jeddah-Main,229.66,486.17,60.1,111.65,42.0,NORMAL,B,2026-05-25 00:59:00
TRF-0004,Jeddah-Industrial,220.57,365.01,59.8,80.51,39.7,NORMAL,B,05/25/2026 00:59:00
TRF-0005,Dammam-Central,225.25,147.95,60.06,33.33,56.9,NORMAL,C,20260525T005900
TRF-0006,Dammam-Port,229.63,342.21,60.18,78.58,56.9,NORMAL,A,2026-05-25 00:59:00
TRF-0007,Mecca-Haram,223.84,222.6,59.94,49.83,60.0,NORMAL,B,2026/05/25 00:59:00
TRF-0008,Medina-Central,236.97,242.57,59.86,57.48,43.6,NORMAL,A,05/25/2026 00:59:00
TRF-0009,Abha-City,226.92,137.18,60.07,31.13,42.9,NORMAL,C,2026/05/25 00:59:00
TRF-0010,Tabuk-Center,227.49,418.43,59.84,95.19,60.8,NORMAL,C,2026-05-25 00:59:00
TRF-0001,Riyadh-North,233.48,231.54,60.16,54.06,250.0,OVERHEAT,A,20260525T005900
TRF-0002,Riyadh-East,226.96,154.28,60.17,,47.5,NORMAL,C,25-05-2026 00:59
TRF-0003,Jeddah-Main,229.84,1009.16,59.97,242.36,107.5,OVERLOAD,A,25-05-2026 00:59
TRF-0004,Jeddah-Industrial,234.77,165.47,59.99,38.85,42.0,NORMAL,C,2026-05-25 00:59:00
TRF-0005,Dammam-Central,228.61,168.39,60.19,38.5,46.0,NORMAL,C,20260525T005900
TRF-0005,Dammam-Central,228.61,168.39,60.19,38.5,46.0,NORMAL,C,20260525T005900
TRF-0006,Dammam-Port,236.09,365.81,59.84,,37.4,NORMAL,B,05/25/2026 00:59:00
TRF-0007,Mecca-Haram,229.71,150.21,60.1,34.5,38.9,NORMAL,A,25-05-2026 00:59
TRF-0008,Medina-Central,234.21,104.38,60.08,24.45,49.8,NORMAL,A,25-05-2026 00:59
TRF-0009,Abha-City,225.23,190.74,60.19,42.96,56.5,NORMAL,A,2026-05-25 00:59:00
TRF-0010,Tabuk-Center,224.2,126.58,60.07,28.38,42.6,NORMAL,A,25-05-2026 00:59
TRF-0001,Riyadh-North,236.71,332.5,59.83,78.71,56.2,NORMAL,A,2026/05/25 00:59:00
TRF-0002,Riyadh-East,239.61,167.15,60.05,40.05,50.6,NORMAL,B,25-05-2026 00:59
TRF-0003,Jeddah-Main,221.82,169.65,59.9,37.63,42.1,NORMAL,A,2026/05/25 00:59:00
TRF-0004,Jeddah-Industrial,229.21,258.64,60.09,59.28,36.3,NORMAL,C,05/25/2026 00:59:00
TRF-0005,Dammam-Central,227.82,433.51,60.18,98.76,52.1,NORMAL,A,25-05-2026 00:59
TRF-0006,Dammam-Port,233.34,344.15,59.97,80.3,45.2,NORMAL,B,2026/05/25 00:59:00
TRF-0007,Mecca-Haram,235.58,207.5,59.88,48.88,53.8,NORMAL,A,25-05-2026 00:59
TRF-0008,Medina-Central,234.78,226.21,59.98,53.11,52.4,NORMAL,C,2026/05/25 00:59:00
TRF-0009,Abha-City,238.44,177.21,52.91,42.25,42.5,FREQ_DRIFT,B,2026/05/25 00:59:00
TRF-0010,Tabuk-Center,236.77,314.67,59.83,74.5,41.2,NORMAL,A,2026/05/25 00:59:00
TRF-0001,Riyadh-North,232.45,301.21,59.81,70.02,45.6,NORMAL,C,20260525T005900
TRF-0002,Riyadh-East,221.37,303.31,60.0,67.14,52.3,NORMAL,A,25-05-2026 00:59
TRF-0003,Jeddah-Main,235.41,163.09,60.16,38.39,54.1,NORMAL,A,2026-05-25 00:59:00
TRF-0003,Jeddah-Main,235.41,163.09,60.16,38.39,54.1,NORMAL,A,2026-05-25 00:59:00
TRF-0004,Jeddah-Industrial,223.08,483.02,60.15,107.75,63.5,NORMAL,A,05/25/2026 00:59:00
TRF-0005,Dammam-Central,-230,394.58,60.12,92.8,44.8,NORMAL,C,25-05-2026 00:59
TRF-0006,Dammam-Port,230.18,428.15,59.93,98.55,48.6,NORMAL,B,05/25/2026 00:59:00
TRF-0007,Mecca-Haram,239.92,452.53,59.88,108.57,62.8,NORMAL,A,2026/05/25 00:59:00
TRF-0008,Medina-Central,235.29,374.67,60.01,88.16,55.1,NORMAL,C,20260525T005900
TRF-0009,Abha-City,224.1,394.78,60.13,88.47,58.9,NORMAL,C,20260525T005900
TRF-0010,Tabuk-Center,231.87,254.27,49.32,58.96,50.5,FREQ_DRIFT,A,05/25/2026 00:59:00
TRF-0001,Riyadh-North,221.35,389.11,59.83,86.13,50.9,NORMAL,C,20260525T005901
TRF-0002,Riyadh-East,234.61,446.39,59.94,104.73,34.0,NORMAL,C,2026/05/25 00:59:01
TRF-0003,Jeddah-Main,-230,433.57,60.1,97.79,46.4,NORMAL,C,05/25/2026 00:59:01
TRF-0004,Jeddah-Industrial,236.69,320.65,59.97,75.89,35.5,NORMAL,B,25-05-2026 00:59
TRF-0005,Dammam-Central,233.31,462.19,59.91,107.83,32.7,NORMAL,B,2026/05/25 00:59:01
TRF-0006,Dammam-Port,235.34,124.86,60.18,29.38,42.7,NORMAL,C,20260525T005901
TRF-0007,Mecca-Haram,238.95,178.81,59.85,42.73,57.3,NORMAL,A,05/25/2026 00:59:01
TRF-0008,Medina-Central,234.26,137.41,59.98,32.19,60.9,NORMAL,B,05/25/2026 00:59:01
TRF-0009,Abha-City,220.29,125.46,60.04,27.64,61.0,NORMAL,C,20260525T005901
TRF-0010,Tabuk-Center,227.53,221.22,69.01,50.33,55.4,FREQ_DRIFT,B,20260525T005901
TRF-0001,Riyadh-North,222.81,198.45,60.18,44.22,56.5,NORMAL,A,25-05-2026 00:59
TRF-0002,Riyadh-East,239.14,474.66,60.16,113.51,59.8,NORMAL,C,05/25/2026 00:59:01
TRF-0003,Jeddah-Main,224.71,467.0,63.52,104.94,39.1,FREQ_DRIFT,B,25-05-2026 00:59
TRF-0004,Jeddah-Industrial,234.99,222.86,59.85,52.37,61.3,NORMAL,A,05/25/2026 00:59:01
TRF-0005,Dammam-Central,221.1,379.48,60.08,83.9,46.9,NORMAL,B,2026/05/25 00:59:01
TRF-0006,Dammam-Port,232.46,438.55,60.08,101.95,52.9,NORMAL,C,20260525T005901
TRF-0007,Mecca-Haram,229.85,146.51,60.09,33.68,30.3,NORMAL,A,20260525T005901
TRF-0008,Medina-Central,238.86,185.08,59.89,44.21,54.9,NORMAL,A,2026/05/25 00:59:01
TRF-0009,Abha-City,237.5,240.93,59.86,57.22,51.5,NORMAL,B,2026/05/25 00:59:01
TRF-0010,Tabuk-Center,236.35,192.3,60.11,45.45,49.1,NORMAL,C,25-05-2026 00:59
TRF-0001,Riyadh-North,237.13,493.19,60.03,116.95,46.6,NORMAL,B,2026/05/25 00:59:01
TRF-0002,Riyadh-East,229.89,335.11,59.97,77.04,49.4,NORMAL,A,2026-05-25 00:59:01
TRF-0003,Jeddah-Main,234.58,347.49,60.15,81.51,60.7,NORMAL,A,2026/05/25 00:59:01
TRF-0004,Jeddah-Industrial,223.56,335.37,60.08,74.98,37.7,NORMAL,A,05/25/2026 00:59:01
TRF-0005,Dammam-Central,235.94,371.46,59.98,87.64,52.3,NORMAL,C,2026-05-25 00:59:01
TRF-0006,Dammam-Port,222.22,214.64,60.16,47.7,49.8,NORMAL,C,05/25/2026 00:59:01
TRF-0007,Mecca-Haram,234.24,430.3,60.03,100.79,57.7,NORMAL,B,2026-05-25 00:59:01
TRF-0008,Medina-Central,238.54,346.85,60.01,82.74,32.4,NORMAL,B,2026-05-25 00:59:01
TRF-0009,Abha-City,239.62,397.49,60.1,95.25,47.8,NORMAL,B,2026/05/25 00:59:01
TRF-0010,Tabuk-Center,233.28,313.67,60.06,73.17,42.0,NORMAL,C,2026-05-25 00:59:01
TRF-0001,Riyadh-North,230.61,412.23,60.04,95.06,39.2,NORMAL,C,2026/05/25 00:59:01
TRF-0002,Riyadh-East,231.54,297.25,60.02,68.83,38.0,NORMAL,B,2026/05/25 00:59:01
TRF-0003,Jeddah-Main,231.96,424.01,60.11,98.35,30.1,NORMAL,A,2026-05-25 00:59:01
TRF-0004,Jeddah-Industrial,221.99,1059.67,60.03,216.85,99.4,OVERLOAD,C,25-05-2026 00:59
TRF-0005,Dammam-Central,220.7,274.31,60.02,60.54,38.0,NORMAL,B,05/25/2026 00:59:01
TRF-0006,Dammam-Port,227.85,100.84,60.12,22.98,59.9,NORMAL,C,2026/05/25 00:59:01
TRF-0007,Mecca-Haram,235.61,375.57,60.13,88.49,64.2,NORMAL,B,2026-05-25 00:59:01
TRF-0008,Medina-Central,220.48,281.38,59.99,62.04,50.4,NORMAL,C,2026/05/25 00:59:01
TRF-0009,Abha-City,233.96,230.0,59.82,53.81,42.1,NORMAL,A,20260525T005901
TRF-0010,Tabuk-Center,234.03,419.57,59.99,98.19,44.2,NORMAL,C,2026-05-25 00:59:01
TRF-0001,Riyadh-North,229.57,487.98,60.13,112.03,56.5,NORMAL,A,05/25/2026 00:59:01
TRF-0002,Riyadh-East,227.22,165.0,60.19,37.49,47.1,NORMAL,C,25-05-2026 00:59
TRF-0003,Jeddah-Main,224.12,451.36,59.82,101.16,39.1,NORMAL,C,25-05-2026 00:59
TRF-0004,Jeddah-Industrial,238.52,114.77,60.03,27.37,52.8,NORMAL,A,2026-05-25 00:59:01
TRF-0005,Dammam-Central,225.85,333.09,60.16,75.23,58.6,NORMAL,A,05/25/2026 00:59:01
TRF-0006,Dammam-Port,235.56,210.08,59.91,49.49,39.1,NORMAL,B,20260525T005901
TRF-0007,Mecca-Haram,236.61,382.55,59.88,90.52,63.3,NORMAL,C,2026/05/25 00:59:01
TRF-0008,Medina-Central,223.33,411.87,60.04,91.98,42.4,NORMAL,A,2026/05/25 00:59:01
TRF-0009,Abha-City,226.95,435.58,59.98,98.85,49.6,NORMAL,A,2026-05-25 00:59:01
TRF-0010,Tabuk-Center,223.46,470.31,60.16,105.1,49.7,NORMAL,B,25-05-2026 00:59
TRF-0001,Riyadh-North,220.14,439.63,60.09,96.78,46.0,NORMAL,C,2026/05/25 00:59:01
TRF-0002,Riyadh-East,235.1,303.68,60.01,71.4,53.3,NORMAL,A,25-05-2026 00:59
TRF-0003,Jeddah-Main,224.18,0.0,60.18,0.0,60.5,OUTAGE,A,25-05-2026 00:59
TRF-0004,Jeddah-Industrial,238.5,369.57,59.87,88.14,38.2,NORMAL,A,05/25/2026 00:59:01
TRF-0005,Dammam-Central,238.63,406.05,59.87,96.9,30.1,NORMAL,A,05/25/2026 00:59:01
TRF-0006,Dammam-Port,226.16,408.24,59.89,92.33,49.4,NORMAL,B,05/25/2026 00:59:01
TRF-0007,Mecca-Haram,229.42,332.01,60.06,76.17,63.8,NORMAL,B,2026/05/25 00:59:01
TRF-0008,Medina-Central,237.8,259.69,60.13,61.75,53.8,NORMAL,C,25-05-2026 00:59
TRF-0009,Abha-City,226.78,276.45,60.1,62.69,33.0,NORMAL,B,2026-05-25 00:59:01
TRF-0010,Tabuk-Center,238.02,395.94,60.05,94.24,31.0,NORMAL,A,25-05-2026 00:59
TRF-0001,Riyadh-North,232.18,170.16,59.95,39.51,50.0,NORMAL,C,2026/05/25 00:59:01
TRF-0002,Riyadh-East,238.45,207.81,60.03,49.55,49.4,NORMAL,A,05/25/2026 00:59:01
TRF-0003,Jeddah-Main,238.18,182.59,60.16,43.49,31.9,NORMAL,B,25-05-2026 00:59
TRF-0004,Jeddah-Industrial,222.32,461.73,59.98,102.65,47.6,NORMAL,B,2026-05-25 00:59:01
TRF-0005,Dammam-Central,229.06,358.31,60.0,82.07,45.4,NORMAL,B,20260525T005901
TRF-0006,Dammam-Port,236.55,216.88,60.01,51.3,46.8,NORMAL,A,2026-05-25 00:59:01
TRF-0007,Mecca-Haram,237.58,164.07,,38.98,35.5,NORMAL,B,20260525T005901
TRF-0008,Medina-Central,221.25,396.78,60.19,87.79,62.3,NORMAL,A,2026/05/25 00:59:01
TRF-0009,Abha-City,224.19,0.0,59.81,0.0,46.2,OUTAGE,A,20260525T005901
TRF-0010,Tabuk-Center,236.48,467.0,59.97,110.44,50.0,NORMAL,A,2026-05-25 00:59:01
TRF-0001,Riyadh-North,230.02,258.12,60.15,59.37,42.0,NORMAL,B,2026-05-25 00:59:01
TRF-0002,Riyadh-East,231.84,259.73,59.82,60.22,33.4,NORMAL,C,20260525T005901
TRF-0003,Jeddah-Main,-230,340.62,59.96,77.12,51.8,NORMAL,B,2026/05/25 00:59:01
TRF-0004,Jeddah-Industrial,220.51,155.5,59.84,34.29,44.3,NORMAL,B,2026/05/25 00:59:01
TRF-0005,Dammam-Central,223.1,300.02,59.83,66.93,64.0,NORMAL,A,20260525T005901
TRF-0006,Dammam-Port,238.97,460.31,60.01,110.0,30.4,NORMAL,C,2026-05-25 00:59:01
TRF-0007,Mecca-Haram,234.96,467.51,60.11,109.85,50.2,NORMAL,C,2026/05/25 00:59:01
TRF-0008,Medina-Central,228.83,171.76,59.99,39.3,34.6,NORMAL,A,05/25/2026 00:59:01
TRF-0009,Abha-City,230.65,134.56,45.48,31.04,45.8,FREQ_DRIFT,B,25-05-2026 00:59
TRF-0010,Tabuk-Center,229.67,332.88,60.15,76.45,37.6,NORMAL,A,25-05-2026 00:59
TRF-0001,Riyadh-North,224.25,365.03,59.97,81.86,57.0,NORMAL,C,05/25/2026 00:59:01
TRF-0002,Riyadh-East,236.49,233.38,59.89,55.19,61.9,NORMAL,C,2026/05/25 00:59:01
TRF-0003,Jeddah-Main,222.44,346.05,59.96,76.98,60.7,NORMAL,C,05/25/2026 00:59:01
TRF-0004,Jeddah-Industrial,234.04,383.83,60.17,89.83,49.0,NORMAL,A,25-05-2026 00:59
TRF-0005,Dammam-Central,223.72,138.61,60.16,31.01,57.0,NORMAL,A,2026-05-25 00:59:01
TRF-0006,Dammam-Port,238.92,493.6,59.94,117.93,44.8,NORMAL,C,2026-05-25 00:59:01
TRF-0007,Mecca-Haram,230.75,221.27,60.07,51.06,54.3,NORMAL,C,2026-05-25 00:59:01
TRF-0008,Medina-Central,228.5,412.74,59.97,94.31,56.1,NORMAL,A,2026/05/25 00:59:01
TRF-0009,Abha-City,232.72,492.73,59.99,114.67,34.6,NORMAL,A,2026-05-25 00:59:01
TRF-0010,Tabuk-Center,231.85,281.89,59.98,65.36,47.9,NORMAL,C,2026-05-25 00:59:01
TRF-0001,Riyadh-North,232.74,273.97,59.87,63.76,39.9,NORMAL,C,20260525T005901
TRF-0002,Riyadh-East,239.66,376.37,60.0,90.2,39.6,NORMAL,A,2026/05/25 00:59:01
TRF-0003,Jeddah-Main,236.91,223.86,59.92,53.03,60.1,NORMAL,A,05/25/2026 00:59:01
TRF-0004,Jeddah-Industrial,226.52,462.26,60.06,104.71,59.6,NORMAL,C,05/25/2026 00:59:01
TRF-0005,Dammam-Central,227.97,171.91,60.01,39.19,41.1,NORMAL,C,2026/05/25 00:59:01
TRF-0006,Dammam-Port,233.78,409.88,59.81,95.82,53.0,NORMAL,C,2026-05-25 00:59:01
TRF-0007,Mecca-Haram,221.88,221.31,60.18,49.1,34.9,NORMAL,A,2026-05-25 00:59:01
TRF-0008,Medina-Central,220.95,101.05,60.05,22.33,43.2,NORMAL,A,05/25/2026 00:59:01
TRF-0009,Abha-City,232.06,448.85,59.98,104.16,63.6,NORMAL,C,2026/05/25 00:59:01
TRF-0009,Abha-City,232.06,448.85,59.98,104.16,63.6,NORMAL,C,2026/05/25 00:59:01
TRF-0010,Tabuk-Center,226.9,498.18,59.82,113.04,63.4,NORMAL,B,05/25/2026 00:59:01
TRF-0001,Riyadh-North,239.53,348.32,59.91,83.43,40.1,NORMAL,A,2026-05-25 00:59:01
TRF-0002,Riyadh-East,222.92,267.65,60.15,59.66,56.3,NORMAL,B,2026/05/25 00:59:01
TRF-0003,Jeddah-Main,237.44,321.16,60.0,76.26,52.2,NORMAL,B,20260525T005901
TRF-0004,Jeddah-Industrial,222.96,187.38,59.81,41.78,56.3,NORMAL,C,20260525T005901
TRF-0005,Dammam-Central,238.62,252.34,60.09,60.21,,NORMAL,A,2026-05-25 00:59:01
TRF-0006,Dammam-Port,224.2,104.82,60.1,23.5,43.9,NORMAL,C,25-05-2026 00:59
TRF-0007,Mecca-Haram,231.96,333.14,59.91,77.28,31.8,NORMAL,C,2026-05-25 00:59:01
TRF-0008,Medina-Central,224.14,394.83,60.17,88.5,46.5,NORMAL,A,2026/05/25 00:59:01
TRF-0009,Abha-City,233.81,295.72,60.09,69.14,43.2,NORMAL,C,2026/05/25 00:59:01
TRF-0010,Tabuk-Center,235.16,188.14,60.08,44.24,45.5,NORMAL,A,2026-05-25 00:59:01
TRF-0001,Riyadh-North,220.79,478.59,59.85,105.67,63.1,NORMAL,C,25-05-2026 00:59
TRF-0002,Riyadh-East,-230,326.83,59.86,73.74,36.4,NORMAL,C,2026-05-25 00:59:01
TRF-0003,Jeddah-Main,228.4,488.19,59.97,111.5,32.5,NORMAL,C,2026/05/25 00:59:01
TRF-0004,Jeddah-Industrial,237.15,378.56,60.05,89.78,54.8,NORMAL,C,20260525T005901
TRF-0005,Dammam-Central,228.63,463.23,59.96,105.91,59.9,NORMAL,C,25-05-2026 00:59
TRF-0006,Dammam-Port,222.55,369.46,60.07,82.22,45.1,NORMAL,B,20260525T005901
TRF-0007,Mecca-Haram,230.64,146.77,59.92,33.85,35.4,NORMAL,B,2026-05-25 00:59:01
TRF-0008,Medina-Central,228.69,294.82,60.02,67.42,56.5,NORMAL,A,2026-05-25 00:59:01
TRF-0009,Abha-City,,403.69,60.16,96.61,36.0,NORMAL,A,20260525T005901
CORRUPTED_DATA_###!!!@@@@
TRF-0010,Tabuk-Center,222.85,457.14,59.93,101.87,250.0,OVERHEAT,A,05/25/2026 00:59:01
TRF-0001,Riyadh-North,234.28,114.59,60.17,26.85,40.2,NORMAL,C,20260525T005901
TRF-0002,Riyadh-East,237.22,205.76,60.12,,55.5,NORMAL,C,25-05-2026 00:59
TRF-0003,Jeddah-Main,232.77,346.23,59.86,80.59,37.2,NORMAL,C,2026-05-25 00:59:01
TRF-0004,Jeddah-Industrial,233.45,450.47,59.88,105.16,43.3,NORMAL,C,05/25/2026 00:59:01
TRF-0005,Dammam-Central,234.66,473.84,59.95,111.19,30.3,NORMAL,A,20260525T005901
TRF-0006,Dammam-Port,,177.73,59.98,39.86,45.6,NORMAL,A,2026-05-25 00:59:01
TRF-0007,Mecca-Haram,239.17,319.95,59.89,76.52,60.3,NORMAL,A,20260525T005901
TRF-0008,Medina-Central,225.21,414.05,59.92,93.25,57.4,NORMAL,B,2026/05/25 00:59:01
TRF-0009,Abha-City,220.39,277.43,59.9,61.14,51.1,NORMAL,B,25-05-2026 00:59
TRF-0010,Tabuk-Center,225.05,313.65,60.18,70.59,37.8,NORMAL,C,05/25/2026 00:59:01
TRF-0001,Riyadh-North,236.31,303.95,60.16,71.83,34.6,NORMAL,A,2026/05/25 00:59:01
TRF-0002,Riyadh-East,220.14,128.57,60.08,28.3,59.3,NORMAL,C,2026/05/25 00:59:01
TRF-0003,Jeddah-Main,220.52,140.07,59.87,30.89,48.3,NORMAL,A,05/25/2026 00:59:01
TRF-0004,Jeddah-Industrial,237.18,454.49,59.95,107.8,63.2,NORMAL,B,2026-05-25 00:59:01
TRF-0005,Dammam-Central,239.26,111.81,59.93,26.75,35.4,NORMAL,A,20260525T005901
TRF-0006,Dammam-Port,,455.51,60.05,101.44,34.1,NORMAL,B,2026/05/25 00:59:01
TRF-0007,Mecca-Haram,226.75,383.26,60.08,86.9,63.1,NORMAL,B,2026-05-25 00:59:01
TRF-0008,Medina-Central,-230,306.37,59.85,70.25,35.4,NORMAL,C,25-05-2026 00:59
TRF-0009,Abha-City,220.27,128.05,59.85,28.21,54.3,NORMAL,C,25-05-2026 00:59
TRF-0010,Tabuk-Center,236.56,418.23,60.13,98.94,54.8,NORMAL,A,2026/05/25 00:59:01
TRF-0001,Riyadh-North,236.17,264.9,60.14,62.56,42.8,NORMAL,C,25-05-2026 00:59
TRF-0002,Riyadh-East,230.34,233.45,60.16,53.77,34.0,NORMAL,C,25-05-2026 00:59
TRF-0003,Jeddah-Main,230.86,121.55,59.83,28.06,32.2,NORMAL,B,25-05-2026 00:59
TRF-0004,Jeddah-Industrial,223.86,232.89,59.83,52.13,38.3,NORMAL,A,20260525T005901
TRF-0005,Dammam-Central,231.11,488.54,59.99,112.91,35.3,NORMAL,A,05/25/2026 00:59:01
TRF-0006,Dammam-Port,226.46,345.62,59.98,78.27,55.6,NORMAL,C,05/25/2026 00:59:01
TRF-0007,Mecca-Haram,220.41,343.08,59.95,75.62,30.6,NORMAL,A,05/25/2026 00:59:01
TRF-0008,Medina-Central,221.75,251.08,60.01,55.68,61.7,NORMAL,B,05/25/2026 00:59:01
TRF-0009,Abha-City,235.39,438.01,59.82,103.1,32.8,NORMAL,B,25-05-2026 00:59
TRF-0010,Tabuk-Center,222.79,393.77,59.87,87.73,55.1,NORMAL,B,20260525T005901
TRF-0001,Riyadh-North,230.25,163.48,60.2,37.64,31.9,NORMAL,C,25-05-2026 00:59
TRF-0002,Riyadh-East,233.5,170.86,60.16,39.9,30.8,NORMAL,C,05/25/2026 00:59:01
TRF-0003,Jeddah-Main,236.86,143.32,60.02,33.95,54.3,NORMAL,C,2026-05-25 00:59:01
TRF-0004,Jeddah-Industrial,234.43,285.75,59.85,66.99,52.8,NORMAL,A,25-05-2026 00:59
TRF-0005,Dammam-Central,236.99,307.07,60.05,72.77,45.7,NORMAL,A,20260525T005901
TRF-0006,Dammam-Port,232.82,101.8,59.91,23.7,62.0,NORMAL,B,20260525T005901
TRF-0007,Mecca-Haram,227.38,223.19,60.05,50.75,50.6,NORMAL,A,05/25/2026 00:59:01
TRF-0008,Medina-Central,-230,321.6,60.18,73.38,51.5,NORMAL,A,2026-05-25 00:59:01
TRF-0009,Abha-City,239.74,235.7,60.02,56.51,56.6,NORMAL,A,2026-05-25 00:59:01
TRF-0010,Tabuk-Center,221.05,231.37,59.93,51.14,60.4,NORMAL,B,20260525T005901
TRF-0001,Riyadh-North,223.35,499.92,60.02,111.66,62.5,NORMAL,C,2026-05-25 00:59:01
TRF-0002,Riyadh-East,226.56,198.15,59.82,44.89,48.2,NORMAL,C,25-05-2026 00:59
TRF-0003,Jeddah-Main,220.29,493.15,60.13,108.64,61.2,NORMAL,A,05/25/2026 00:59:01
TRF-0004,Jeddah-Industrial,232.72,464.14,60.18,108.01,37.5,NORMAL,C,05/25/2026 00:59:01
TRF-0005,Dammam-Central,228.83,212.77,59.97,48.69,45.9,NORMAL,C,20260525T005901
TRF-0006,Dammam-Port,227.4,395.17,59.89,89.86,62.5,NORMAL,B,25-05-2026 00:59
TRF-0007,Mecca-Haram,235.32,255.42,60.16,60.11,64.4,NORMAL,B,25-05-2026 00:59
TRF-0008,Medina-Central,238.3,238.04,60.07,56.72,56.5,NORMAL,B,2026-05-25 00:59:01
TRF-0009,Abha-City,232.63,417.96,60.0,97.23,32.0,NORMAL,B,2026/05/25 00:59:01
TRF-0010,Tabuk-Center,223.02,154.71,60.0,34.5,59.9,NORMAL,B,20260525T005901
TRF-0001,Riyadh-North,236.1,199.83,59.83,47.18,56.0,NORMAL,A,25-05-2026 00:59
TRF-0002,Riyadh-East,226.59,325.72,59.95,73.8,40.7,NORMAL,B,2026/05/25 00:59:01
TRF-0003,Jeddah-Main,224.78,400.41,60.07,90.0,54.1,NORMAL,C,20260525T005901
TRF-0004,Jeddah-Industrial,222.11,124.34,59.87,27.62,57.4,NORMAL,A,2026/05/25 00:59:01
TRF-0005,Dammam-Central,235.89,414.54,59.87,97.79,43.5,NORMAL,C,25-05-2026 00:59
TRF-0006,Dammam-Port,238.96,150.42,59.8,35.94,42.3,NORMAL,C,05/25/2026 00:59:01
TRF-0007,Mecca-Haram,229.01,304.15,60.16,69.65,40.5,NORMAL,C,25-05-2026 00:59
TRF-0008,Medina-Central,234.15,371.25,59.81,86.93,,NORMAL,C,2026-05-25 00:59:01
TRF-0009,Abha-City,225.09,159.36,59.97,35.87,36.0,NORMAL,C,25-05-2026 00:59
TRF-0010,Tabuk-Center,233.19,170.13,59.8,39.67,62.1,NORMAL,B,25-05-2026 00:59
TRF-0001,Riyadh-North,228.03,279.49,60.04,63.73,33.5,NORMAL,C,05/25/2026 00:59:01
TRF-0002,Riyadh-East,222.01,453.98,60.18,100.79,64.4,NORMAL,B,20260525T005901
TRF-0003,Jeddah-Main,222.34,255.6,60.0,56.83,30.3,NORMAL,C,25-05-2026 00:59
TRF-0004,Jeddah-Industrial,237.74,278.67,60.07,66.25,250.0,OVERHEAT,A,2026/05/25 00:59:01
TRF-0005,Dammam-Central,236.82,373.51,60.17,88.45,36.9,NORMAL,C,25-05-2026 00:59
TRF-0006,Dammam-Port,234.67,238.68,59.94,56.01,46.0,NORMAL,A,20260525T005901
TRF-0007,Mecca-Haram,225.89,393.58,59.83,88.91,57.1,NORMAL,C,20260525T005901
TRF-0008,Medina-Central,227.24,257.73,60.1,58.57,56.1,NORMAL,B,2026-05-25 00:59:01
TRF-0009,Abha-City,239.19,416.71,59.9,99.67,50.9,NORMAL,A,05/25/2026 00:59:01
TRF-0010,Tabuk-Center,-230,118.6,60.16,27.1,35.3,NORMAL,C,05/25/2026 00:59:01
TRF-0001,Riyadh-North,225.58,435.86,60.12,98.32,36.3,NORMAL,B,2026/05/25 00:59:01
TRF-0002,Riyadh-East,220.43,441.33,60.02,97.28,47.0,NORMAL,A,2026/05/25 00:59:01
TRF-0003,Jeddah-Main,237.58,344.83,60.05,81.92,61.9,NORMAL,C,25-05-2026 00:59
TRF-0004,Jeddah-Industrial,235.01,463.55,59.83,108.94,55.3,NORMAL,C,20260525T005901
TRF-0005,Dammam-Central,229.82,293.58,60.04,67.47,43.3,NORMAL,B,20260525T005901
TRF-0006,Dammam-Port,225.94,145.75,60.08,32.93,43.1,NORMAL,C,05/25/2026 00:59:01
TRF-0007,Mecca-Haram,234.75,159.69,59.81,37.49,53.5,NORMAL,B,2026-05-25 00:59:01
TRF-0008,Medina-Central,228.97,360.95,59.93,82.65,56.6,NORMAL,B,2026-05-25 00:59:01
TRF-0009,Abha-City,227.66,453.87,60.0,103.33,37.1,NORMAL,C,25-05-2026 00:59
TRF-0010,Tabuk-Center,220.65,315.8,59.83,69.68,31.7,NORMAL,C,25-05-2026 00:59
TRF-0001,Riyadh-North,222.05,162.35,60.15,36.05,40.9,NORMAL,A,05/25/2026 00:59:02
TRF-0002,Riyadh-East,232.83,378.77,60.04,88.19,47.6,NORMAL,A,2026-05-25 00:59:02
SENSOR_ERROR_0xFFA2
TRF-0003,Jeddah-Main,221.63,0.0,60.11,0.0,55.0,OUTAGE,C,05/25/2026 00:59:02
TRF-0004,Jeddah-Industrial,221.47,156.76,59.81,34.72,63.2,NORMAL,B,2026-05-25 00:59:02
TRF-0005,Dammam-Central,238.08,454.41,60.01,108.19,40.6,NORMAL,C,25-05-2026 00:59
TRF-0006,Dammam-Port,220.94,348.78,59.95,77.06,64.2,NORMAL,C,25-05-2026 00:59
TRF-0007,Mecca-Haram,230.02,176.07,60.03,40.5,56.1,NORMAL,B,25-05-2026 00:59
TRF-0008,Medina-Central,222.84,181.28,59.93,40.4,53.0,NORMAL,B,20260525T005902
TRF-0009,Abha-City,230.08,215.17,60.12,49.51,46.3,NORMAL,A,2026-05-25 00:59:02
TRF-0010,Tabuk-Center,223.61,432.78,59.98,96.77,,NORMAL,A,2026-05-25 00:59:02
TRF-0001,Riyadh-North,239.57,199.5,59.93,47.79,41.6,NORMAL,C,2026-05-25 00:59:02
TRF-0002,Riyadh-East,230.24,324.75,59.89,74.77,49.6,NORMAL,C,2026-05-25 00:59:02
TRF-0003,Jeddah-Main,238.49,308.36,59.93,73.54,59.1,NORMAL,A,2026/05/25 00:59:02
TRF-0004,Jeddah-Industrial,231.3,208.0,60.15,48.11,250.0,OVERHEAT,B,2026/05/25 00:59:02
TRF-0005,Dammam-Central,226.19,292.27,59.82,66.11,59.1,NORMAL,A,2026/05/25 00:59:02
TRF-0006,Dammam-Port,223.98,121.6,59.9,27.24,41.9,NORMAL,B,05/25/2026 00:59:02
TRF-0007,Mecca-Haram,233.81,170.2,59.96,39.79,56.1,NORMAL,C,05/25/2026 00:59:02
TRF-0008,Medina-Central,222.45,275.22,60.15,61.22,50.3,NORMAL,A,20260525T005902
TRF-0009,Abha-City,236.97,277.61,60.02,65.79,31.8,NORMAL,C,25-05-2026 00:59
TRF-0010,Tabuk-Center,235.63,270.98,59.92,63.85,52.1,NORMAL,B,05/25/2026 00:59:02
TRF-0001,Riyadh-North,223.28,295.48,60.02,65.97,57.9,NORMAL,B,2026-05-25 00:59:02
TRF-0002,Riyadh-East,227.63,404.41,60.06,92.06,62.7,NORMAL,A,25-05-2026 00:59
TRF-0003,Jeddah-Main,238.51,235.95,49.21,56.28,46.8,FREQ_DRIFT,B,05/25/2026 00:59:02
TRF-0004,Jeddah-Industrial,232.52,415.69,60.04,96.66,51.5,NORMAL,B,25-05-2026 00:59
TRF-0005,Dammam-Central,222.38,494.07,59.91,109.87,48.2,NORMAL,C,2026-05-25 00:59:02
TRF-0006,Dammam-Port,233.78,441.38,60.17,103.19,35.0,NORMAL,B,25-05-2026 00:59
TRF-0007,Mecca-Haram,226.76,388.41,59.81,88.08,63.0,NORMAL,B,2026/05/25 00:59:02
TRF-0008,Medina-Central,237.38,252.14,60.07,59.85,50.6,NORMAL,B,2026/05/25 00:59:02
TRF-0009,Abha-City,237.62,452.63,,107.55,60.9,NORMAL,C,05/25/2026 00:59:02
TRF-0010,Tabuk-Center,228.19,196.59,60.12,44.86,61.2,NORMAL,A,25-05-2026 00:59
TRF-0001,Riyadh-North,223.65,389.53,60.08,87.12,31.9,NORMAL,C,2026-05-25 00:59:02
TRF-0001,Riyadh-North,223.65,389.53,60.08,87.12,31.9,NORMAL,C,2026-05-25 00:59:02
TRF-0002,Riyadh-East,230.94,237.59,60.13,54.87,31.8,NORMAL,A,05/25/2026 00:59:02
TRF-0002,Riyadh-East,230.94,237.59,60.13,54.87,31.8,NORMAL,A,05/25/2026 00:59:02
TRF-0003,Jeddah-Main,233.36,480.66,59.97,112.17,49.4,NORMAL,B,2026-05-25 00:59:02
TRF-0004,Jeddah-Industrial,231.32,242.44,60.06,56.08,36.2,NORMAL,B,2026/05/25 00:59:02
TRF-0005,Dammam-Central,237.08,185.19,60.09,43.9,250.0,OVERHEAT,A,20260525T005902
TRF-0006,Dammam-Port,238.38,252.56,59.95,60.21,35.6,NORMAL,C,25-05-2026 00:59
TRF-0007,Mecca-Haram,237.02,250.16,59.83,59.29,31.7,NORMAL,A,20260525T005902
TRF-0008,Medina-Central,-230,302.12,59.82,68.51,39.2,NORMAL,B,20260525T005902
TRF-0009,Abha-City,237.79,168.76,59.99,40.13,250.0,OVERHEAT,C,25-05-2026 00:59
TRF-0010,Tabuk-Center,230.25,437.57,60.12,100.75,40.5,NORMAL,A,25-05-2026 00:59
TRF-0001,Riyadh-North,222.07,279.16,60.03,61.99,56.1,NORMAL,C,2026/05/25 00:59:02
TRF-0002,Riyadh-East,230.5,0.0,60.18,0.0,53.0,OUTAGE,A,2026/05/25 00:59:02
TRF-0003,Jeddah-Main,220.09,267.04,60.01,58.77,34.0,NORMAL,C,25-05-2026 00:59
TRF-0004,Jeddah-Industrial,238.12,128.47,59.93,30.59,50.2,NORMAL,C,2026-05-25 00:59:02
TRF-0005,Dammam-Central,234.39,367.77,60.01,86.2,43.8,NORMAL,B,2026-05-25 00:59:02
TRF-0006,Dammam-Port,228.78,195.63,59.86,44.76,57.1,NORMAL,C,2026/05/25 00:59:02
TRF-0007,Mecca-Haram,223.02,200.34,60.09,44.68,43.5,NORMAL,C,20260525T005902
TRF-0008,Medina-Central,238.11,275.66,59.95,65.64,34.7,NORMAL,C,20260525T005902
TRF-0009,Abha-City,237.6,417.13,59.9,99.11,45.2,NORMAL,B,2026-05-25 00:59:02
TRF-0010,Tabuk-Center,239.36,470.44,60.04,112.6,61.2,NORMAL,B,05/25/2026 00:59:02
TRF-0001,Riyadh-North,236.52,110.76,59.87,26.2,34.2,NORMAL,C,25-05-2026 00:59
TRF-0002,Riyadh-East,220.44,212.44,59.86,46.83,53.8,NORMAL,C,2026/05/25 00:59:02
TRF-0003,Jeddah-Main,222.78,298.4,59.94,66.48,43.3,NORMAL,C,20260525T005902
TRF-0004,Jeddah-Industrial,232.28,494.85,60.13,114.94,250.0,OVERHEAT,C,20260525T005902
TRF-0005,Dammam-Central,231.76,466.66,60.15,108.15,60.1,NORMAL,B,2026-05-25 00:59:02
TRF-0006,Dammam-Port,237.49,289.65,59.91,68.79,37.5,NORMAL,B,25-05-2026 00:59
TRF-0007,Mecca-Haram,233.17,486.57,60.16,113.45,56.0,NORMAL,C,05/25/2026 00:59:02
TRF-0008,Medina-Central,226.86,468.1,59.91,106.19,250.0,OVERHEAT,B,25-05-2026 00:59
TRF-0009,Abha-City,228.59,485.98,59.99,111.09,51.8,NORMAL,B,20260525T005902
TRF-0010,Tabuk-Center,224.32,487.4,59.96,109.33,63.4,NORMAL,C,05/25/2026 00:59:02
TRF-0001,Riyadh-North,233.15,232.01,59.87,54.09,44.5,NORMAL,B,05/25/2026 00:59:02
TRF-0002,Riyadh-East,231.81,350.67,59.83,81.29,55.5,NORMAL,B,05/25/2026 00:59:02
TRF-0003,Jeddah-Main,229.81,202.15,60.13,46.46,51.7,NORMAL,A,2026/05/25 00:59:02
TRF-0003,Jeddah-Main,229.81,202.15,60.13,46.46,51.7,NORMAL,A,2026/05/25 00:59:02
TRF-0004,Jeddah-Industrial,228.69,144.32,60.14,33.0,42.9,NORMAL,A,05/25/2026 00:59:02
TRF-0005,Dammam-Central,227.29,225.2,59.94,51.19,49.5,NORMAL,C,2026/05/25 00:59:02
TRF-0006,Dammam-Port,224.06,0.0,60.08,0.0,37.4,OUTAGE,A,2026/05/25 00:59:02
TRF-0007,Mecca-Haram,230.03,142.0,59.81,32.66,49.0,NORMAL,B,2026/05/25 00:59:02
TRF-0008,Medina-Central,230.0,167.42,59.85,38.51,38.7,NORMAL,B,2026/05/25 00:59:02

TRF-0009,Abha-City,238.25,921.04,60.15,219.21,129.7,OVERLOAD,A,20260525T005902
TRF-0010,Tabuk-Center,235.33,140.1,60.12,32.97,57.8,NORMAL,C,2026/05/25 00:59:02
TRF-0001,Riyadh-North,235.53,357.93,60.08,84.3,64.7,NORMAL,A,20260525T005902
TRF-0002,Riyadh-East,236.37,261.71,60.08,61.86,64.8,NORMAL,B,20260525T005902
TRF-0003,Jeddah-Main,225.69,199.76,59.91,45.08,41.8,NORMAL,C,2026/05/25 00:59:02
TRF-0004,Jeddah-Industrial,230.25,450.36,59.97,103.7,41.6,NORMAL,C,20260525T005902
TRF-0005,Dammam-Central,224.87,168.24,59.89,37.83,46.9,NORMAL,B,2026-05-25 00:59:02
TRF-0006,Dammam-Port,231.25,186.76,60.14,43.19,46.4,NORMAL,C,05/25/2026 00:59:02
TRF-0007,Mecca-Haram,229.14,233.44,60.12,53.49,54.3,NORMAL,C,25-05-2026 00:59
TRF-0008,Medina-Central,236.78,483.13,59.82,114.4,61.6,NORMAL,B,2026-05-25 00:59:02
TRF-0009,Abha-City,222.82,158.84,60.15,35.39,59.7,NORMAL,B,25-05-2026 00:59
TRF-0010,Tabuk-Center,223.63,313.06,60.12,70.01,40.9,NORMAL,C,20260525T005902
TRF-0001,Riyadh-North,238.06,304.27,59.89,72.43,50.3,NORMAL,C,20260525T005902
TRF-0002,Riyadh-East,239.68,210.88,60.17,50.54,51.3,NORMAL,C,2026-05-25 00:59:02
TRF-0003,Jeddah-Main,233.29,360.21,60.14,84.03,37.2,NORMAL,B,2026/05/25 00:59:02
TRF-0004,Jeddah-Industrial,239.56,310.89,60.1,74.48,44.0,NORMAL,A,2026-05-25 00:59:02
TRF-0005,Dammam-Central,225.81,325.01,59.98,73.39,36.7,NORMAL,C,20260525T005902
TRF-0006,Dammam-Port,232.52,244.07,60.03,56.75,55.0,NORMAL,A,2026-05-25 00:59:02
TRF-0007,Mecca-Haram,236.14,327.6,60.15,77.36,30.4,NORMAL,A,20260525T005902
TRF-0008,Medina-Central,237.46,147.28,60.15,34.97,60.2,NORMAL,C,20260525T005902
TRF-0009,Abha-City,231.29,350.44,60.2,81.05,38.0,NORMAL,A,2026/05/25 00:59:02
TRF-0010,Tabuk-Center,222.56,215.65,60.17,48.0,31.4,NORMAL,B,05/25/2026 00:59:02
TRF-0001,Riyadh-North,220.43,116.66,60.11,25.72,36.3,NORMAL,C,2026/05/25 00:59:02
TRF-0002,Riyadh-East,221.33,205.07,60.04,45.39,61.4,NORMAL,A,25-05-2026 00:59
TRF-0003,Jeddah-Main,222.52,129.47,60.04,28.81,31.7,NORMAL,C,05/25/2026 00:59:02
TRF-0004,Jeddah-Industrial,224.42,1084.58,59.89,265.3,123.6,OVERLOAD,B,05/25/2026 00:59:02
TRF-0005,Dammam-Central,223.04,289.5,59.87,64.57,30.7,NORMAL,C,25-05-2026 00:59
TRF-0006,Dammam-Port,239.42,285.32,60.12,68.31,62.1,NORMAL,A,25-05-2026 00:59
TRF-0007,Mecca-Haram,231.54,104.0,60.19,24.08,46.6,NORMAL,A,25-05-2026 00:59
TRF-0008,Medina-Central,230.09,161.14,59.83,37.08,59.2,NORMAL,A,2026/05/25 00:59:02
TRF-0009,Abha-City,223.94,487.47,60.18,109.16,53.4,NORMAL,C,2026/05/25 00:59:02
TRF-0010,Tabuk-Center,220.58,127.61,60.08,28.15,50.2,NORMAL,C,20260525T005902
TRF-0001,Riyadh-North,,197.52,60.12,45.47,48.0,NORMAL,B,20260525T005902
TRF-0002,Riyadh-East,229.56,136.77,59.87,31.4,30.8,NORMAL,C,2026-05-25 00:59:02
TRF-0003,Jeddah-Main,236.75,279.55,60.1,66.18,50.7,NORMAL,C,25-05-2026 00:59
TRF-0004,Jeddah-Industrial,233.06,121.54,60.02,28.33,58.5,NORMAL,C,2026/05/25 00:59:02
TRF-0005,Dammam-Central,233.53,187.35,59.97,43.75,36.5,NORMAL,C,2026/05/25 00:59:02
TRF-0006,Dammam-Port,231.34,453.74,59.94,104.97,57.7,NORMAL,B,25-05-2026 00:59
TRF-0007,Mecca-Haram,222.82,152.84,60.17,34.06,35.0,NORMAL,B,25-05-2026 00:59
TRF-0008,Medina-Central,225.02,171.55,59.86,38.6,47.0,NORMAL,A,25-05-2026 00:59
TRF-0009,Abha-City,234.84,,59.87,71.18,45.4,NORMAL,C,2026/05/25 00:59:02
TRF-0010,Tabuk-Center,222.88,220.52,59.85,49.15,55.9,NORMAL,A,2026/05/25 00:59:02
TRF-0001,Riyadh-North,231.83,346.4,59.99,80.31,62.6,NORMAL,B,2026/05/25 00:59:02
TRF-0002,Riyadh-East,220.31,218.27,59.87,48.09,44.3,NORMAL,C,2026/05/25 00:59:02
TRF-0003,Jeddah-Main,237.6,211.93,59.93,50.35,53.3,NORMAL,A,05/25/2026 00:59:02
TRF-0004,Jeddah-Industrial,225.62,1042.22,60.01,255.66,126.3,OVERLOAD,B,05/25/2026 00:59:02
TRF-0005,Dammam-Central,227.47,498.1,59.87,113.3,64.0,NORMAL,B,25-05-2026 00:59
TRF-0006,Dammam-Port,224.62,237.78,59.92,53.41,30.0,NORMAL,A,2026-05-25 00:59:02
TRF-0007,Mecca-Haram,226.92,279.84,59.84,63.5,53.5,NORMAL,A,20260525T005902
TRF-0008,Medina-Central,226.18,0.0,60.07,0.0,39.9,OUTAGE,C,25-05-2026 00:59
TRF-0009,Abha-City,227.74,248.91,59.91,56.69,53.4,NORMAL,A,05/25/2026 00:59:02
TRF-0010,Tabuk-Center,221.6,385.36,59.97,85.4,30.5,NORMAL,B,05/25/2026 00:59:02
TRF-0001,Riyadh-North,238.77,,59.92,96.99,63.9,NORMAL,C,2026/05/25 00:59:02
TRF-0002,Riyadh-East,235.11,124.41,59.9,29.25,38.3,NORMAL,B,20260525T005902
TRF-0003,Jeddah-Main,221.6,292.05,59.93,64.72,44.5,NORMAL,C,2026-05-25 00:59:02
TRF-0004,Jeddah-Industrial,229.57,164.79,59.97,37.83,47.1,NORMAL,A,2026/05/25 00:59:02
TRF-0005,Dammam-Central,226.86,310.2,59.97,70.37,53.9,NORMAL,C,2026-05-25 00:59:02
TRF-0006,Dammam-Port,232.44,165.28,59.91,38.42,39.3,NORMAL,A,2026-05-25 00:59:02
TRF-0007,Mecca-Haram,222.27,263.4,59.96,58.55,63.5,NORMAL,A,2026/05/25 00:59:02
TRF-0008,Medina-Central,227.45,489.36,59.81,111.3,62.8,NORMAL,C,2026/05/25 00:59:02
TRF-0009,Abha-City,227.66,377.88,60.1,86.03,61.6,NORMAL,C,2026-05-25 00:59:02
TRF-0010,Tabuk-Center,239.31,262.07,60.19,62.72,54.0,NORMAL,C,20260525T005902
TRF-0010,Tabuk-Center,239.31,262.07,60.19,62.72,54.0,NORMAL,C,20260525T005902
TRF-0001,Riyadh-North,224.64,343.18,60.13,77.09,47.9,NORMAL,C,20260525T005902
TRF-0002,Riyadh-East,235.67,327.25,60.03,77.12,50.9,NORMAL,C,25-05-2026 00:59
TRF-0003,Jeddah-Main,231.48,145.25,59.91,33.62,59.0,NORMAL,C,2026-05-25 00:59:02
TRF-0004,Jeddah-Industrial,238.8,360.7,60.1,86.14,44.6,NORMAL,B,25-05-2026 00:59
TRF-0005,Dammam-Central,229.59,315.65,59.99,72.47,53.6,NORMAL,C,25-05-2026 00:59
TRF-0006,Dammam-Port,232.71,176.0,60.19,40.96,60.2,NORMAL,C,05/25/2026 00:59:02
TRF-0007,Mecca-Haram,223.78,229.66,59.88,51.39,41.6,NORMAL,C,2026/05/25 00:59:02
TRF-0008,Medina-Central,224.09,387.62,59.85,86.86,65.0,NORMAL,A,2026-05-25 00:59:02
TRF-0009,Abha-City,229.26,269.56,59.96,61.8,49.0,NORMAL,C,2026/05/25 00:59:02
TRF-0010,Tabuk-Center,239.97,469.31,60.16,112.62,47.0,NORMAL,A,2026-05-25 00:59:02
TRF-0001,Riyadh-North,222.66,219.42,60.2,48.86,45.9,NORMAL,B,05/25/2026 00:59:02
TRF-0002,Riyadh-East,239.86,0.0,60.05,0.0,35.0,OUTAGE,C,05/25/2026 00:59:02
TRF-0003,Jeddah-Main,221.33,344.0,59.88,76.14,57.3,NORMAL,A,2026-05-25 00:59:02
TRF-0003,Jeddah-Main,221.33,344.0,59.88,76.14,57.3,NORMAL,A,2026-05-25 00:59:02
TRF-0004,Jeddah-Industrial,223.77,0.0,59.96,0.0,47.8,OUTAGE,A,20260525T005902
TRF-0005,Dammam-Central,230.09,167.84,59.96,38.62,36.7,NORMAL,B,2026/05/25 00:59:02
TRF-0006,Dammam-Port,235.97,455.9,60.18,107.58,50.7,NORMAL,C,05/25/2026 00:59:02
TRF-0007,Mecca-Haram,228.56,419.28,60.08,95.83,44.9,NORMAL,A,05/25/2026 00:59:02
TRF-0008,Medina-Central,238.21,208.88,60.09,49.76,46.3,NORMAL,C,20260525T005902
TRF-0009,Abha-City,229.2,383.93,59.85,88.0,48.8,NORMAL,B,2026/05/25 00:59:02
TRF-0010,Tabuk-Center,224.73,304.37,59.93,68.4,46.8,NORMAL,B,2026-05-25 00:59:02
TRF-0001,Riyadh-North,226.02,294.36,59.83,,45.9,NORMAL,C,25-05-2026 00:59
TRF-0002,Riyadh-East,237.07,439.26,59.88,104.14,45.9,NORMAL,B,2026/05/25 00:59:02
TRF-0003,Jeddah-Main,239.76,462.39,60.2,110.86,52.4,NORMAL,C,2026-05-25 00:59:02
TRF-0004,Jeddah-Industrial,231.64,102.21,59.92,23.68,59.3,NORMAL,B,25-05-2026 00:59
TRF-0005,Dammam-Central,239.88,304.04,59.94,72.93,49.7,NORMAL,A,20260525T005902
TRF-0006,Dammam-Port,232.62,104.32,60.11,24.27,58.8,NORMAL,A,05/25/2026 00:59:02
TRF-0007,Mecca-Haram,234.12,288.55,59.83,67.56,33.1,NORMAL,A,05/25/2026 00:59:02
TRF-0008,Medina-Central,234.75,212.16,59.9,49.8,62.5,NORMAL,B,2026-05-25 00:59:02
TRF-0009,Abha-City,226.48,276.41,59.85,62.6,33.4,NORMAL,A,2026/05/25 00:59:02
TRF-0010,Tabuk-Center,227.72,461.97,60.15,105.2,55.6,NORMAL,A,20260525T005902
TRF-0001,Riyadh-North,223.06,456.78,60.13,101.89,30.3,NORMAL,B,25-05-2026 00:59
TRF-0002,Riyadh-East,235.18,435.67,59.9,102.46,59.6,NORMAL,A,20260525T005902
TRF-0003,Jeddah-Main,234.18,101.01,60.05,23.65,42.5,NORMAL,A,2026/05/25 00:59:02
TRF-0004,Jeddah-Industrial,238.97,484.64,60.01,115.81,60.1,NORMAL,B,25-05-2026 00:59
TRF-0005,Dammam-Central,227.55,358.19,59.91,81.51,32.1,NORMAL,A,20260525T005902
TRF-0006,Dammam-Port,232.34,391.33,59.83,90.92,43.7,NORMAL,B,25-05-2026 00:59
TRF-0007,Mecca-Haram,233.73,133.96,60.08,31.31,50.5,NORMAL,A,20260525T005902
TRF-0008,Medina-Central,223.04,477.12,59.85,106.42,44.7,NORMAL,A,2026-05-25 00:59:02
TRF-0009,Abha-City,221.86,288.39,59.98,63.98,58.9,NORMAL,C,2026/05/25 00:59:02
TRF-0010,Tabuk-Center,-230,458.77,59.98,107.33,44.9,NORMAL,B,05/25/2026 00:59:02
TRF-0001,Riyadh-North,226.12,499.24,59.82,112.89,50.9,NORMAL,C,20260525T005902
TRF-0002,Riyadh-East,239.07,,60.02,59.38,37.1,NORMAL,B,20260525T005902
TRF-0003,Jeddah-Main,232.47,465.43,60.16,108.2,35.2,NORMAL,B,20260525T005902
TRF-0004,Jeddah-Industrial,224.49,278.71,59.85,62.57,39.2,NORMAL,A,2026/05/25 00:59:02
TRF-0005,Dammam-Central,222.33,456.27,59.83,101.44,42.3,NORMAL,C,05/25/2026 00:59:02
TRF-0006,Dammam-Port,222.7,357.08,60.1,79.52,53.3,NORMAL,A,25-05-2026 00:59
TRF-0007,Mecca-Haram,228.17,341.65,59.98,77.95,60.4,NORMAL,B,05/25/2026 00:59:02
TRF-0008,Medina-Central,239.51,125.85,60.19,30.14,35.4,NORMAL,A,20260525T005902
CORRUPTED_DATA_###!!!@@@@
TRF-0009,Abha-City,224.99,317.89,59.98,71.52,55.2,NORMAL,C,05/25/2026 00:59:02
TRF-0010,Tabuk-Center,239.15,338.79,60.2,81.02,50.2,NORMAL,B,05/25/2026 00:59:02
TRF-0001,Riyadh-North,,164.57,59.83,37.8,48.4,NORMAL,C,2026/05/25 00:59:02
TRF-0002,Riyadh-East,237.49,290.17,60.18,68.91,64.2,NORMAL,A,2026/05/25 00:59:02
TRF-0003,Jeddah-Main,234.71,1023.47,60.08,274.66,128.3,OVERLOAD,A,20260525T005902
TRF-0004,Jeddah-Industrial,223.25,114.35,60.18,25.53,45.2,NORMAL,C,20260525T005902
TRF-0005,Dammam-Central,237.06,367.36,60.09,87.09,43.6,NORMAL,C,2026-05-25 00:59:02
TRF-0006,Dammam-Port,239.95,284.26,60.03,68.21,58.5,NORMAL,B,05/25/2026 00:59:02
TRF-0007,Mecca-Haram,221.16,422.48,59.86,93.44,62.3,NORMAL,A,2026/05/25 00:59:02
TRF-0008,Medina-Central,233.27,442.55,60.1,103.23,47.2,NORMAL,A,2026-05-25 00:59:02
TRF-0009,Abha-City,237.63,397.8,59.97,94.53,42.7,NORMAL,A,2026/05/25 00:59:02
TRF-0010,Tabuk-Center,225.84,178.83,60.01,40.39,42.0,NORMAL,B,05/25/2026 00:59:02
TRF-0001,Riyadh-North,237.35,395.68,59.98,93.91,58.8,NORMAL,A,2026-05-25 00:59:02
TRF-0002,Riyadh-East,233.75,360.41,60.06,84.25,55.6,NORMAL,A,2026-05-25 00:59:02
TRF-0003,Jeddah-Main,220.58,343.85,60.15,75.85,48.0,NORMAL,C,2026/05/25 00:59:02
TRF-0004,Jeddah-Industrial,238.29,497.27,60.01,118.49,44.7,NORMAL,A,2026-05-25 00:59:02
TRF-0005,Dammam-Central,-230,412.57,60.0,91.38,64.8,NORMAL,C,05/25/2026 00:59:02
TRF-0006,Dammam-Port,231.46,168.58,59.89,39.02,64.9,NORMAL,B,2026-05-25 00:59:02
TRF-0007,Mecca-Haram,231.74,284.4,59.96,65.91,51.6,NORMAL,B,05/25/2026 00:59:02
TRF-0008,Medina-Central,230.52,250.53,60.08,57.75,30.6,NORMAL,A,2026-05-25 00:59:02
TRF-0009,Abha-City,228.08,412.65,60.04,94.12,37.5,NORMAL,C,2026/05/25 00:59:02
TRF-0010,Tabuk-Center,227.41,231.28,60.03,52.6,53.9,NORMAL,A,25-05-2026 00:59
TRF-0001,Riyadh-North,234.33,136.05,60.17,31.88,61.9,NORMAL,C,20260525T005903
TRF-0002,Riyadh-East,235.29,254.56,60.09,59.9,44.4,NORMAL,A,20260525T005903
TRF-0003,Jeddah-Main,227.94,233.18,60.0,53.15,45.2,NORMAL,B,2026-05-25 00:59:03
TRF-0004,Jeddah-Industrial,229.12,466.29,59.99,106.84,43.1,NORMAL,B,05/25/2026 00:59:03
TRF-0005,Dammam-Central,225.75,259.43,59.92,58.57,43.5,NORMAL,C,20260525T005903
TRF-0006,Dammam-Port,223.93,409.42,60.0,91.68,56.1,NORMAL,A,05/25/2026 00:59:03
TRF-0007,Mecca-Haram,231.15,323.56,60.09,74.79,41.8,NORMAL,B,2026/05/25 00:59:03
TRF-0008,Medina-Central,230.59,0.0,60.08,0.0,53.1,OUTAGE,B,25-05-2026 00:59
TRF-0009,Abha-City,220.6,126.27,59.82,27.86,42.3,NORMAL,A,05/25/2026 00:59:03
TRF-0010,Tabuk-Center,232.06,423.05,59.92,98.17,45.1,NORMAL,A,05/25/2026 00:59:03
TRF-0001,Riyadh-North,227.55,381.53,60.05,86.82,32.7,NORMAL,B,25-05-2026 00:59
TRF-0002,Riyadh-East,236.51,125.32,,29.64,48.8,NORMAL,A,2026/05/25 00:59:03
TRF-0003,Jeddah-Main,235.47,388.54,60.08,91.49,51.3,NORMAL,B,25-05-2026 00:59
TRF-0004,Jeddah-Industrial,227.2,162.5,60.09,36.92,51.9,NORMAL,C,25-05-2026 00:59
TRF-0005,Dammam-Central,222.61,453.68,59.82,100.99,47.3,NORMAL,B,2026/05/25 00:59:03
TRF-0006,Dammam-Port,233.03,363.75,59.84,84.76,59.3,NORMAL,A,2026/05/25 00:59:03
TRF-0007,Mecca-Haram,231.09,151.78,59.93,35.07,48.0,NORMAL,A,2026/05/25 00:59:03
TRF-0008,Medina-Central,238.77,372.77,59.89,89.01,35.4,NORMAL,A,2026/05/25 00:59:03
TRF-0009,Abha-City,229.81,246.02,59.92,56.54,35.5,NORMAL,B,20260525T005903
TRF-0010,Tabuk-Center,239.83,476.32,59.93,114.24,37.8,NORMAL,A,2026/05/25 00:59:03
TRF-0001,Riyadh-North,233.03,315.14,49.02,73.44,36.1,FREQ_DRIFT,B,20260525T005903
CORRUPTED_DATA_###!!!@@@@
TRF-0002,Riyadh-East,239.9,252.27,60.01,60.52,46.7,NORMAL,A,20260525T005903
TRF-0003,Jeddah-Main,231.06,188.03,59.94,43.45,57.3,NORMAL,A,25-05-2026 00:59
TRF-0004,Jeddah-Industrial,224.35,375.37,59.96,84.21,,NORMAL,A,20260525T005903
TRF-0005,Dammam-Central,238.98,262.91,59.89,62.83,48.0,NORMAL,A,2026/05/25 00:59:03
TRF-0006,Dammam-Port,237.02,330.71,60.09,78.38,59.2,NORMAL,B,2026/05/25 00:59:03
TRF-0007,Mecca-Haram,227.13,124.25,60.09,28.22,33.5,NORMAL,A,05/25/2026 00:59:03
TRF-0008,Medina-Central,222.66,481.13,60.16,107.13,36.9,NORMAL,B,25-05-2026 00:59
TRF-0009,Abha-City,237.45,0.0,59.94,0.0,38.1,OUTAGE,A,2026/05/25 00:59:03
SENSOR_ERROR_0xFFA2
TRF-0010,Tabuk-Center,221.54,129.58,59.92,28.71,32.7,NORMAL,C,05/25/2026 00:59:03
TRF-0001,Riyadh-North,221.67,258.99,59.9,57.41,49.7,NORMAL,C,2026/05/25 00:59:03
TRF-0002,Riyadh-East,227.83,450.08,60.15,102.54,,NORMAL,B,05/25/2026 00:59:03
TRF-0003,Jeddah-Main,238.76,289.44,59.98,69.11,47.5,NORMAL,A,2026/05/25 00:59:03
TRF-0004,Jeddah-Industrial,220.32,212.62,60.07,46.84,56.7,NORMAL,A,05/25/2026 00:59:03
TRF-0005,Dammam-Central,-230,246.43,59.98,54.51,62.3,NORMAL,C,2026-05-25 00:59:03
TRF-0006,Dammam-Port,225.58,315.8,68.88,71.24,61.5,FREQ_DRIFT,A,2026-05-25 00:59:03
TRF-0007,Mecca-Haram,234.17,369.35,59.96,86.49,50.3,NORMAL,B,25-05-2026 00:59
TRF-0008,Medina-Central,226.53,123.26,69.2,27.92,31.6,FREQ_DRIFT,C,20260525T005903
TRF-0009,Abha-City,221.39,457.49,59.85,101.28,63.8,NORMAL,C,25-05-2026 00:59
TRF-0010,Tabuk-Center,221.13,359.73,59.9,79.55,45.0,NORMAL,C,2026/05/25 00:59:03
TRF-0001,Riyadh-North,229.74,281.86,60.12,64.75,47.8,NORMAL,C,05/25/2026 00:59:03
TRF-0002,Riyadh-East,228.28,464.77,60.04,106.1,48.9,NORMAL,C,05/25/2026 00:59:03
TRF-0003,Jeddah-Main,229.33,455.11,69.25,104.37,49.1,FREQ_DRIFT,A,2026-05-25 00:59:03
TRF-0004,Jeddah-Industrial,233.73,434.5,60.07,101.56,46.2,NORMAL,A,2026-05-25 00:59:03
TRF-0005,Dammam-Central,233.91,200.58,59.83,46.92,33.7,NORMAL,C,2026/05/25 00:59:03
TRF-0006,Dammam-Port,231.95,356.46,59.98,82.68,43.3,NORMAL,B,2026-05-25 00:59:03
TRF-0007,Mecca-Haram,220.06,360.44,60.19,79.32,61.0,NORMAL,A,2026/05/25 00:59:03
TRF-0008,Medina-Central,233.0,201.58,60.14,46.97,40.1,NORMAL,A,05/25/2026 00:59:03
TRF-0009,Abha-City,224.07,270.04,60.05,60.51,39.3,NORMAL,B,2026-05-25 00:59:03
TRF-0010,Tabuk-Center,-230,181.28,59.82,41.13,52.8,NORMAL,A,2026/05/25 00:59:03
TRF-0001,Riyadh-North,224.91,415.88,60.1,93.54,39.9,NORMAL,C,2026/05/25 00:59:03
TRF-0002,Riyadh-East,232.05,127.84,59.91,29.67,34.7,NORMAL,C,05/25/2026 00:59:03
TRF-0003,Jeddah-Main,220.11,115.59,59.88,25.44,34.3,NORMAL,C,05/25/2026 00:59:03

TRF-0004,Jeddah-Industrial,232.75,339.72,60.01,79.07,31.6,NORMAL,A,2026-05-25 00:59:03
TRF-0005,Dammam-Central,229.41,341.8,60.08,78.41,35.7,NORMAL,C,20260525T005903
TRF-0006,Dammam-Port,223.15,284.05,60.11,63.39,36.9,NORMAL,A,2026/05/25 00:59:03
TRF-0007,Mecca-Haram,227.79,399.66,59.87,91.04,34.6,NORMAL,B,2026/05/25 00:59:03
TRF-0008,Medina-Central,236.93,365.19,60.05,86.52,37.0,NORMAL,C,05/25/2026 00:59:03
TRF-0009,Abha-City,235.98,303.74,60.08,71.68,53.3,NORMAL,B,20260525T005903
TRF-0010,Tabuk-Center,234.36,374.86,59.9,87.85,49.8,NORMAL,A,05/25/2026 00:59:03
TRF-0001,Riyadh-North,232.4,310.93,59.87,72.26,53.6,NORMAL,B,2026-05-25 00:59:03
TRF-0002,Riyadh-East,-230,181.23,59.95,42.2,37.3,NORMAL,B,2026-05-25 00:59:03
TRF-0003,Jeddah-Main,224.23,387.61,60.01,86.91,54.4,NORMAL,C,05/25/2026 00:59:03
TRF-0004,Jeddah-Industrial,232.9,172.74,60.01,40.23,53.1,NORMAL,B,2026/05/25 00:59:03
TRF-0005,Dammam-Central,234.22,128.96,59.85,30.21,52.6,NORMAL,B,2026-05-25 00:59:03
TRF-0006,Dammam-Port,235.87,133.72,59.83,31.54,35.8,NORMAL,C,2026/05/25 00:59:03
TRF-0007,Mecca-Haram,225.24,0.0,59.98,0.0,42.4,OUTAGE,A,25-05-2026 00:59
TRF-0008,Medina-Central,227.85,256.51,59.81,58.45,55.2,NORMAL,C,2026-05-25 00:59:03
TRF-0009,Abha-City,-230,448.3,60.08,106.68,54.1,NORMAL,A,25-05-2026 00:59
TRF-0010,Tabuk-Center,230.34,288.46,60.09,66.44,44.2,NORMAL,C,25-05-2026 00:59
TRF-0001,Riyadh-North,232.31,149.14,60.1,,50.9,NORMAL,A,05/25/2026 00:59:03
TRF-0002,Riyadh-East,221.42,152.0,60.14,33.66,60.4,NORMAL,B,25-05-2026 00:59
TRF-0003,Jeddah-Main,232.93,246.17,59.93,57.34,49.6,NORMAL,A,2026/05/25 00:59:03
TRF-0004,Jeddah-Industrial,239.73,453.75,60.17,108.78,32.9,NORMAL,C,2026/05/25 00:59:03
TRF-0005,Dammam-Central,223.16,392.31,60.19,87.55,41.4,NORMAL,A,20260525T005903
TRF-0006,Dammam-Port,223.8,412.98,60.0,92.42,39.5,NORMAL,B,05/25/2026 00:59:03
TRF-0007,Mecca-Haram,227.7,309.22,59.8,70.41,63.8,NORMAL,C,2026-05-25 00:59:03
TRF-0008,Medina-Central,221.13,369.46,59.99,81.7,49.9,NORMAL,B,20260525T005903
TRF-0009,Abha-City,223.18,827.17,59.89,234.98,99.8,OVERLOAD,A,05/25/2026 00:59:03
TRF-0010,Tabuk-Center,237.59,139.91,60.07,33.24,30.9,NORMAL,A,05/25/2026 00:59:03
TRF-0001,Riyadh-North,226.35,220.66,60.12,49.95,59.1,NORMAL,A,05/25/2026 00:59:03
TRF-0002,Riyadh-East,228.62,415.22,59.89,94.93,60.1,NORMAL,B,2026/05/25 00:59:03
TRF-0003,Jeddah-Main,225.08,441.66,59.85,99.41,59.7,NORMAL,B,2026/05/25 00:59:03
TRF-0004,Jeddah-Industrial,239.62,322.02,60.1,77.16,32.9,NORMAL,B,2026/05/25 00:59:03
TRF-0005,Dammam-Central,222.24,154.43,59.93,34.32,43.9,NORMAL,C,2026-05-25 00:59:03
TRF-0006,Dammam-Port,229.5,176.54,59.99,40.52,43.2,NORMAL,A,20260525T005903
TRF-0007,Mecca-Haram,221.5,384.03,60.06,85.06,33.9,NORMAL,C,20260525T005903
TRF-0008,Medina-Central,234.99,436.29,60.11,102.52,53.6,NORMAL,B,05/25/2026 00:59:03
TRF-0009,Abha-City,222.88,204.48,60.09,45.57,64.8,NORMAL,A,20260525T005903
TRF-0010,Tabuk-Center,234.25,257.87,59.99,60.41,44.8,NORMAL,B,20260525T005903
TRF-0001,Riyadh-North,234.48,281.81,59.82,66.08,58.0,NORMAL,A,20260525T005903
TRF-0002,Riyadh-East,220.79,174.3,60.1,38.48,63.0,NORMAL,B,25-05-2026 00:59
TRF-0003,Jeddah-Main,225.51,315.57,59.94,71.16,48.3,NORMAL,A,20260525T005903
TRF-0004,Jeddah-Industrial,226.79,413.28,59.96,93.73,59.5,NORMAL,C,05/25/2026 00:59:03
TRF-0005,Dammam-Central,231.13,349.47,60.16,80.77,44.3,NORMAL,B,20260525T005903
TRF-0006,Dammam-Port,228.84,122.8,59.87,28.1,37.1,NORMAL,A,2026/05/25 00:59:03
TRF-0007,Mecca-Haram,234.97,296.71,60.13,69.72,32.8,NORMAL,A,05/25/2026 00:59:03
TRF-0008,Medina-Central,224.45,406.99,60.2,91.35,41.4,NORMAL,C,2026-05-25 00:59:03
TRF-0009,Abha-City,225.39,161.52,59.93,36.4,63.4,NORMAL,A,2026/05/25 00:59:03
TRF-0010,Tabuk-Center,223.29,294.72,60.16,65.81,60.7,NORMAL,A,20260525T005903
TRF-0001,Riyadh-North,238.15,489.69,59.81,116.62,39.3,NORMAL,B,05/25/2026 00:59:03
TRF-0002,Riyadh-East,224.31,152.1,60.12,34.12,62.7,NORMAL,C,25-05-2026 00:59
TRF-0003,Jeddah-Main,229.84,199.15,60.02,45.77,49.1,NORMAL,C,05/25/2026 00:59:03
TRF-0004,Jeddah-Industrial,230.19,495.07,60.05,113.96,37.4,NORMAL,C,20260525T005903
TRF-0005,Dammam-Central,239.86,192.93,60.11,46.28,31.7,NORMAL,B,05/25/2026 00:59:03
TRF-0006,Dammam-Port,228.31,478.91,60.04,109.34,51.7,NORMAL,B,20260525T005903
TRF-0007,Mecca-Haram,220.6,235.96,59.97,52.05,30.3,NORMAL,C,05/25/2026 00:59:03
TRF-0008,Medina-Central,225.1,259.3,59.81,58.37,53.3,NORMAL,A,25-05-2026 00:59
TRF-0009,Abha-City,220.47,154.51,59.82,34.06,41.2,NORMAL,B,25-05-2026 00:59
TRF-0010,Tabuk-Center,234.57,134.12,60.04,31.46,47.4,NORMAL,A,2026-05-25 00:59:03
TRF-0001,Riyadh-North,235.61,295.65,60.13,69.66,59.3,NORMAL,C,2026/05/25 00:59:03
TRF-0002,Riyadh-East,233.89,275.21,59.83,64.37,31.3,NORMAL,A,20260525T005903
TRF-0003,Jeddah-Main,225.62,374.8,60.12,84.56,36.8,NORMAL,C,2026/05/25 00:59:03
TRF-0004,Jeddah-Industrial,234.98,381.88,60.14,89.73,63.2,NORMAL,C,2026-05-25 00:59:03
TRF-0005,Dammam-Central,236.94,325.07,60.06,77.02,56.0,NORMAL,B,25-05-2026 00:59
TRF-0006,Dammam-Port,238.92,489.51,60.01,116.95,52.9,NORMAL,C,2026-05-25 00:59:03
TRF-0007,Mecca-Haram,239.71,393.81,59.95,94.4,61.2,NORMAL,B,20260525T005903
TRF-0008,Medina-Central,232.79,427.21,59.86,99.45,56.9,NORMAL,B,05/25/2026 00:59:03
TRF-0009,Abha-City,220.1,283.17,60.12,62.33,40.7,NORMAL,B,2026/05/25 00:59:03
TRF-0010,Tabuk-Center,234.07,390.35,59.88,91.37,64.0,NORMAL,C,2026/05/25 00:59:03
TRF-0001,Riyadh-North,224.72,377.17,59.94,84.76,62.3,NORMAL,B,20260525T005903
TRF-0002,Riyadh-East,220.78,321.31,59.99,70.94,33.7,NORMAL,B,25-05-2026 00:59
TRF-0003,Jeddah-Main,224.53,432.22,59.92,97.05,53.3,NORMAL,C,2026/05/25 00:59:03
TRF-0004,Jeddah-Industrial,221.37,436.63,59.86,96.66,50.9,NORMAL,B,05/25/2026 00:59:03
TRF-0005,Dammam-Central,224.75,473.39,59.9,106.39,54.7,NORMAL,C,2026-05-25 00:59:03
TRF-0006,Dammam-Port,235.77,458.44,60.14,108.09,36.2,NORMAL,A,20260525T005903
TRF-0007,Mecca-Haram,239.25,272.71,59.96,65.25,49.3,NORMAL,A,05/25/2026 00:59:03
TRF-0008,Medina-Central,227.02,214.83,59.97,48.77,47.8,NORMAL,C,05/25/2026 00:59:03
TRF-0009,Abha-City,226.19,177.04,59.81,40.04,30.2,NORMAL,A,25-05-2026 00:59
TRF-0010,Tabuk-Center,224.13,310.97,60.11,69.7,37.1,NORMAL,A,05/25/2026 00:59:03
TRF-0001,Riyadh-North,233.55,264.54,59.93,61.78,58.1,NORMAL,A,20260525T005903
TRF-0002,Riyadh-East,220.13,481.83,59.93,106.07,57.0,NORMAL,C,20260525T005903
TRF-0003,Jeddah-Main,224.7,176.96,59.86,39.76,63.8,NORMAL,B,05/25/2026 00:59:03
TRF-0004,Jeddah-Industrial,226.71,349.56,60.15,79.25,,NORMAL,B,25-05-2026 00:59
TRF-0005,Dammam-Central,227.79,213.78,60.09,48.7,53.7,NORMAL,C,2026/05/25 00:59:03
TRF-0006,Dammam-Port,235.52,353.71,60.01,83.31,57.7,NORMAL,A,2026-05-25 00:59:03
TRF-0007,Mecca-Haram,231.11,335.47,59.85,77.53,30.1,NORMAL,A,05/25/2026 00:59:03
TRF-0008,Medina-Central,239.66,221.54,60.07,53.09,38.6,NORMAL,C,25-05-2026 00:59
TRF-0009,Abha-City,230.55,248.33,60.2,57.25,45.4,NORMAL,A,25-05-2026 00:59
TRF-0010,Tabuk-Center,232.09,125.85,60.18,29.21,58.5,NORMAL,B,25-05-2026 00:59
TRF-0001,Riyadh-North,227.95,488.71,60.05,111.4,32.2,NORMAL,A,2026-05-25 00:59:03
TRF-0002,Riyadh-East,237.45,439.78,59.93,104.43,45.4,NORMAL,C,20260525T005903
TRF-0003,Jeddah-Main,221.6,159.18,60.03,35.27,45.4,NORMAL,B,20260525T005903
TRF-0004,Jeddah-Industrial,223.47,336.89,59.83,75.28,62.6,NORMAL,A,2026/05/25 00:59:03
TRF-0005,Dammam-Central,226.57,488.88,60.0,110.77,46.9,NORMAL,A,20260525T005903
TRF-0006,Dammam-Port,229.15,333.13,60.19,76.34,31.9,NORMAL,B,20260525T005903
TRF-0007,Mecca-Haram,230.5,481.19,59.98,110.91,38.1,NORMAL,B,05/25/2026 00:59:03
TRF-0008,Medina-Central,225.05,202.74,60.14,45.63,63.5,NORMAL,A,05/25/2026 00:59:03
TRF-0009,Abha-City,237.36,343.38,59.96,81.5,47.9,NORMAL,A,2026/05/25 00:59:03
TRF-0010,Tabuk-Center,225.34,418.3,59.82,94.26,250.0,OVERHEAT,C,2026-05-25 00:59:03
TRF-0001,Riyadh-North,221.33,304.82,59.8,67.47,62.6,NORMAL,C,25-05-2026 00:59
TRF-0001,Riyadh-North,221.33,304.82,59.8,67.47,62.6,NORMAL,C,25-05-2026 00:59
TRF-0002,Riyadh-East,235.13,193.49,60.02,45.5,61.1,NORMAL,B,25-05-2026 00:59
TRF-0003,Jeddah-Main,237.81,484.3,59.99,115.17,62.9,NORMAL,A,20260525T005903
TRF-0004,Jeddah-Industrial,229.75,323.26,59.96,74.27,37.3,NORMAL,C,2026/05/25 00:59:03
TRF-0004,Jeddah-Industrial,229.75,323.26,59.96,74.27,37.3,NORMAL,C,2026/05/25 00:59:03
TRF-0005,Dammam-Central,234.67,428.19,60.0,100.48,64.5,NORMAL,B,05/25/2026 00:59:03
TRF-0006,Dammam-Port,228.3,157.78,59.87,36.02,54.4,NORMAL,B,2026-05-25 00:59:03
TRF-0007,Mecca-Haram,231.47,488.25,59.85,113.02,31.1,NORMAL,B,2026-05-25 00:59:03
TRF-0008,Medina-Central,225.8,157.74,60.01,35.62,42.2,NORMAL,C,2026/05/25 00:59:03
TRF-0009,Abha-City,236.67,210.66,59.93,49.86,35.0,NORMAL,C,2026/05/25 00:59:03
TRF-0010,Tabuk-Center,226.89,360.86,59.89,81.88,57.2,NORMAL,C,2026-05-25 00:59:03
TRF-0001,Riyadh-North,239.49,424.42,59.95,101.64,34.6,NORMAL,B,2026-05-25 00:59:03
TRF-0002,Riyadh-East,239.15,324.03,60.11,77.49,53.8,NORMAL,C,2026-05-25 00:59:03
TRF-0003,Jeddah-Main,225.68,410.04,60.15,92.54,37.4,NORMAL,A,2026-05-25 00:59:03
TRF-0004,Jeddah-Industrial,236.74,273.93,59.84,64.85,63.1,NORMAL,B,20260525T005903
TRF-0005,Dammam-Central,230.87,224.77,60.17,51.89,59.2,NORMAL,C,2026-05-25 00:59:03
TRF-0006,Dammam-Port,235.15,417.47,60.13,98.17,47.9,NORMAL,A,20260525T005903
TRF-0007,Mecca-Haram,234.91,171.43,59.89,40.27,43.0,NORMAL,B,05/25/2026 00:59:03
TRF-0008,Medina-Central,230.27,179.48,59.99,41.33,61.9,NORMAL,B,05/25/2026 00:59:03
TRF-0009,Abha-City,224.47,117.06,60.06,26.28,62.7,NORMAL,A,2026/05/25 00:59:03
TRF-0010,Tabuk-Center,222.38,151.65,59.81,33.72,39.3,NORMAL,A,20260525T005903
TRF-0001,Riyadh-North,222.77,224.71,59.86,50.06,37.1,NORMAL,A,2026-05-25 00:59:03
TRF-0002,Riyadh-East,235.94,482.6,60.11,113.86,63.9,NORMAL,B,2026/05/25 00:59:03
TRF-0003,Jeddah-Main,228.16,126.88,60.17,28.95,51.4,NORMAL,B,2026-05-25 00:59:03
TRF-0004,Jeddah-Industrial,238.81,461.55,59.83,110.22,34.3,NORMAL,B,2026-05-25 00:59:03
TRF-0005,Dammam-Central,225.46,488.71,,110.18,42.1,NORMAL,A,2026-05-25 00:59:03
TRF-0006,Dammam-Port,239.13,230.67,59.82,55.16,45.9,NORMAL,C,2026/05/25 00:59:03
TRF-0007,Mecca-Haram,238.96,484.52,59.91,115.78,48.4,NORMAL,C,25-05-2026 00:59
TRF-0008,Medina-Central,228.61,114.14,59.87,26.09,63.7,NORMAL,C,05/25/2026 00:59:03
TRF-0009,Abha-City,227.92,217.27,60.13,49.52,61.2,NORMAL,A,20260525T005903
TRF-0010,Tabuk-Center,227.48,179.09,59.86,40.74,49.3,NORMAL,A,20260525T005903
TRF-0001,Riyadh-North,239.89,442.57,60.05,106.17,48.3,NORMAL,C,05/25/2026 00:59:03
TRF-0002,Riyadh-East,-230,425.11,60.07,94.57,38.5,NORMAL,C,2026-05-25 00:59:03
TRF-0003,Jeddah-Main,229.67,125.92,59.9,28.92,250.0,OVERHEAT,C,20260525T005903
TRF-0003,Jeddah-Main,229.67,125.92,59.9,28.92,250.0,OVERHEAT,C,20260525T005903
TRF-0004,Jeddah-Industrial,237.88,329.7,60.13,78.43,54.4,NORMAL,A,25-05-2026 00:59
TRF-0005,Dammam-Central,226.0,312.26,59.86,70.57,52.2,NORMAL,C,2026-05-25 00:59:03
TRF-0006,Dammam-Port,230.03,367.62,59.96,84.56,250.0,OVERHEAT,A,05/25/2026 00:59:03
TRF-0007,Mecca-Haram,222.21,271.66,59.95,60.37,45.2,NORMAL,A,05/25/2026 00:59:03
TRF-0008,Medina-Central,238.34,331.35,60.2,78.97,63.1,NORMAL,B,2026/05/25 00:59:03
TRF-0009,Abha-City,237.35,368.98,59.93,87.58,39.3,NORMAL,A,2026-05-25 00:59:03
TRF-0010,Tabuk-Center,224.93,202.53,59.95,45.56,61.9,NORMAL,B,20260525T005903
TRF-0001,Riyadh-North,220.39,470.8,59.93,103.76,42.9,NORMAL,C,20260525T005904
TRF-0002,Riyadh-East,231.62,234.99,60.07,54.43,36.7,NORMAL,B,2026/05/25 00:59:04
TRF-0003,Jeddah-Main,237.24,194.07,60.12,46.04,47.0,NORMAL,A,05/25/2026 00:59:04
TRF-0004,Jeddah-Industrial,226.33,295.47,60.05,66.87,54.8,NORMAL,C,05/25/2026 00:59:04
TRF-0005,Dammam-Central,222.31,394.34,60.19,87.67,42.0,NORMAL,A,05/25/2026 00:59:04
TRF-0006,Dammam-Port,234.81,477.25,60.05,112.06,58.0,NORMAL,C,2026-05-25 00:59:04
TRF-0007,Mecca-Haram,234.18,449.06,59.9,105.16,54.2,NORMAL,B,2026/05/25 00:59:04
TRF-0008,Medina-Central,222.43,399.21,59.89,88.8,52.1,NORMAL,A,05/25/2026 00:59:04
TRF-0009,Abha-City,221.72,298.6,60.15,66.21,35.3,NORMAL,B,05/25/2026 00:59:04
TRF-0010,Tabuk-Center,227.49,411.03,60.18,93.51,56.4,NORMAL,A,25-05-2026 00:59
TRF-0001,Riyadh-North,229.43,287.82,59.88,66.03,44.8,NORMAL,B,25-05-2026 00:59
TRF-0002,Riyadh-East,222.44,186.92,59.89,,34.2,NORMAL,C,20260525T005904
TRF-0003,Jeddah-Main,228.62,428.24,60.01,97.9,53.9,NORMAL,C,2026/05/25 00:59:04
TRF-0004,Jeddah-Industrial,228.34,210.39,59.87,48.04,58.9,NORMAL,C,2026/05/25 00:59:04
TRF-0005,Dammam-Central,238.16,295.89,59.94,70.47,62.7,NORMAL,A,2026-05-25 00:59:04
TRF-0006,Dammam-Port,224.1,263.54,60.03,59.06,54.5,NORMAL,B,05/25/2026 00:59:04
TRF-0007,Mecca-Haram,227.55,115.48,60.03,26.28,47.9,NORMAL,B,05/25/2026 00:59:04
TRF-0008,Medina-Central,226.27,187.42,60.18,42.41,52.0,NORMAL,B,2026-05-25 00:59:04
TRF-0009,Abha-City,239.13,370.57,60.02,88.61,34.5,NORMAL,B,2026-05-25 00:59:04
TRF-0010,Tabuk-Center,222.78,441.58,59.97,98.38,31.8,NORMAL,B,2026-05-25 00:59:04
TRF-0001,Riyadh-North,232.43,494.21,59.84,114.87,35.8,NORMAL,C,2026/05/25 00:59:04
;;;;;
TRF-0002,Riyadh-East,233.79,295.99,59.91,69.2,62.2,NORMAL,C,25-05-2026 00:59
TRF-0003,Jeddah-Main,239.95,201.93,60.15,48.45,33.7,NORMAL,B,05/25/2026 00:59:04
TRF-0004,Jeddah-Industrial,231.44,174.53,59.99,40.39,60.2,NORMAL,A,20260525T005904
TRF-0005,Dammam-Central,-230,164.43,60.08,38.2,33.2,NORMAL,B,2026-05-25 00:59:04
TRF-0006,Dammam-Port,233.51,438.07,63.07,102.29,60.2,FREQ_DRIFT,B,25-05-2026 00:59
TRF-0007,Mecca-Haram,236.07,378.47,60.12,89.35,59.9,NORMAL,A,25-05-2026 00:59
TRF-0008,Medina-Central,235.08,203.36,59.99,47.81,52.3,NORMAL,B,2026/05/25 00:59:04
TRF-0009,Abha-City,222.76,289.26,59.84,64.44,38.8,NORMAL,C,25-05-2026 00:59
TRF-0010,Tabuk-Center,225.15,198.17,60.06,44.62,32.8,NORMAL,C,05/25/2026 00:59:04
TRF-0001,Riyadh-North,221.02,259.08,59.87,57.26,54.0,NORMAL,C,05/25/2026 00:59:04
CORRUPTED_DATA_###!!!@@@@
TRF-0002,Riyadh-East,233.32,187.24,60.18,43.69,46.6,NORMAL,B,05/25/2026 00:59:04
TRF-0003,Jeddah-Main,238.36,412.61,59.84,98.35,31.6,NORMAL,A,25-05-2026 00:59
TRF-0004,Jeddah-Industrial,235.58,324.21,59.99,76.38,30.5,NORMAL,B,2026-05-25 00:59:04
TRF-0005,Dammam-Central,227.64,125.22,60.18,28.51,42.7,NORMAL,B,25-05-2026 00:59
TRF-0006,Dammam-Port,224.84,466.06,60.07,104.79,44.6,NORMAL,B,2026/05/25 00:59:04
TRF-0007,Mecca-Haram,232.5,420.38,59.91,97.74,37.6,NORMAL,C,2026/05/25 00:59:04
TRF-0008,Medina-Central,232.7,242.91,59.94,56.53,59.0,NORMAL,C,2026-05-25 00:59:04
TRF-0009,Abha-City,236.39,125.43,59.99,29.65,,NORMAL,A,20260525T005904
TRF-0010,Tabuk-Center,232.03,477.12,60.08,110.71,63.9,NORMAL,C,25-05-2026 00:59
TRF-0001,Riyadh-North,233.51,307.16,60.08,71.72,52.5,NORMAL,B,05/25/2026 00:59:04
TRF-0002,Riyadh-East,225.5,197.8,60.19,44.6,42.2,NORMAL,B,2026/05/25 00:59:04
TRF-0003,Jeddah-Main,234.06,214.22,60.0,50.14,62.9,NORMAL,B,2026-05-25 00:59:04
TRF-0004,Jeddah-Industrial,237.62,201.78,60.13,47.95,34.1,NORMAL,A,05/25/2026 00:59:04
TRF-0005,Dammam-Central,239.27,145.87,59.98,34.9,41.0,NORMAL,B,2026-05-25 00:59:04
TRF-0006,Dammam-Port,223.45,334.98,59.93,74.85,32.3,NORMAL,B,2026/05/25 00:59:04
TRF-0007,Mecca-Haram,233.67,153.75,60.1,35.93,37.3,NORMAL,B,2026/05/25 00:59:04
TRF-0008,Medina-Central,231.14,0.0,60.15,0.0,59.3,OUTAGE,A,2026-05-25 00:59:04
TRF-0009,Abha-City,226.91,423.27,60.18,96.04,36.5,NORMAL,A,2026/05/25 00:59:04
TRF-0010,Tabuk-Center,225.95,402.82,60.04,91.02,51.4,NORMAL,B,2026-05-25 00:59:04
TRF-0001,Riyadh-North,235.04,410.26,59.88,96.43,31.9,NORMAL,A,2026/05/25 00:59:04
TRF-0002,Riyadh-East,222.8,316.8,59.89,70.58,52.7,NORMAL,C,2026/05/25 00:59:04
TRF-0003,Jeddah-Main,223.2,373.65,59.81,83.4,49.9,NORMAL,A,05/25/2026 00:59:04
TRF-0004,Jeddah-Industrial,,226.67,59.88,50.63,55.7,NORMAL,A,20260525T005904
TRF-0005,Dammam-Central,223.19,294.11,59.92,65.64,41.5,NORMAL,A,05/25/2026 00:59:04
TRF-0006,Dammam-Port,233.5,1119.42,60.02,282.96,96.9,OVERLOAD,B,20260525T005904
TRF-0007,Mecca-Haram,223.83,246.58,59.99,55.19,53.7,NORMAL,A,20260525T005904
TRF-0008,Medina-Central,239.38,280.58,60.04,67.17,58.2,NORMAL,B,20260525T005904
TRF-0009,Abha-City,221.44,351.63,50.57,77.86,43.4,FREQ_DRIFT,C,20260525T005904
TRF-0010,Tabuk-Center,222.59,262.04,60.01,58.33,47.5,NORMAL,A,2026/05/25 00:59:04
TRF-0001,Riyadh-North,233.22,199.25,60.04,46.47,31.9,NORMAL,B,2026-05-25 00:59:04
TRF-0002,Riyadh-East,238.93,260.76,59.93,62.3,59.8,NORMAL,B,20260525T005904
TRF-0003,Jeddah-Main,236.97,364.1,59.99,86.28,63.5,NORMAL,A,25-05-2026 00:59
TRF-0004,Jeddah-Industrial,228.8,242.75,60.1,,41.1,NORMAL,C,05/25/2026 00:59:04
TRF-0005,Dammam-Central,229.57,313.44,59.91,71.96,39.0,NORMAL,B,2026/05/25 00:59:04
TRF-0006,Dammam-Port,224.96,441.2,60.06,99.25,43.6,NORMAL,C,05/25/2026 00:59:04
TRF-0007,Mecca-Haram,234.56,390.64,60.09,91.63,37.2,NORMAL,C,2026/05/25 00:59:04
TRF-0008,Medina-Central,230.08,101.87,60.05,23.44,45.3,NORMAL,B,05/25/2026 00:59:04
TRF-0009,Abha-City,229.3,154.17,60.0,35.35,52.2,NORMAL,A,05/25/2026 00:59:04
TRF-0010,Tabuk-Center,227.56,269.22,60.03,61.26,54.1,NORMAL,C,2026/05/25 00:59:04
TRF-0001,Riyadh-North,,457.01,60.08,102.41,44.7,NORMAL,B,2026/05/25 00:59:04
TRF-0002,Riyadh-East,226.68,143.54,59.84,32.54,44.0,NORMAL,A,25-05-2026 00:59
TRF-0003,Jeddah-Main,223.75,467.65,59.85,104.64,38.9,NORMAL,A,2026-05-25 00:59:04
TRF-0004,Jeddah-Industrial,236.44,488.98,59.98,115.61,33.9,NORMAL,A,2026/05/25 00:59:04
SENSOR_ERROR_0xFFA2
TRF-0005,Dammam-Central,238.86,275.14,60.04,65.72,47.3,NORMAL,A,2026/05/25 00:59:04
TRF-0006,Dammam-Port,238.78,460.06,59.83,109.85,49.6,NORMAL,C,05/25/2026 00:59:04
TRF-0007,Mecca-Haram,237.37,446.74,59.96,106.04,56.8,NORMAL,A,2026-05-25 00:59:04
TRF-0007,Mecca-Haram,237.37,446.74,59.96,106.04,56.8,NORMAL,A,2026-05-25 00:59:04
TRF-0008,Medina-Central,223.66,469.13,60.09,104.93,52.0,NORMAL,A,2026/05/25 00:59:04
TRF-0009,Abha-City,232.28,413.12,59.91,95.96,56.7,NORMAL,C,2026/05/25 00:59:04
TRF-0010,Tabuk-Center,224.9,452.24,60.08,101.71,57.1,NORMAL,B,20260525T005904
TRF-0001,Riyadh-North,232.25,409.47,60.07,95.1,43.5,NORMAL,A,20260525T005904
TRF-0002,Riyadh-East,228.89,316.29,59.92,72.4,48.9,NORMAL,A,20260525T005904
TRF-0003,Jeddah-Main,228.85,475.28,59.81,108.77,52.2,NORMAL,A,2026/05/25 00:59:04
TRF-0004,Jeddah-Industrial,224.78,384.5,60.11,86.43,48.3,NORMAL,A,2026/05/25 00:59:04
TRF-0005,Dammam-Central,225.1,155.71,59.93,35.05,55.7,NORMAL,C,2026/05/25 00:59:04
TRF-0006,Dammam-Port,234.15,378.96,60.08,88.73,56.3,NORMAL,B,2026/05/25 00:59:04
TRF-0007,Mecca-Haram,221.49,105.41,60.06,23.35,62.3,NORMAL,B,2026/05/25 00:59:04
TRF-0008,Medina-Central,223.26,270.24,60.16,60.33,59.8,NORMAL,C,2026-05-25 00:59:04
TRF-0009,Abha-City,232.58,315.07,60.0,73.28,53.2,NORMAL,B,25-05-2026 00:59
TRF-0010,Tabuk-Center,232.89,335.48,60.11,78.13,43.4,NORMAL,C,20260525T005904
;;;;;
TRF-0001,Riyadh-North,226.34,272.41,60.05,61.66,250.0,OVERHEAT,A,2026-05-25 00:59:04
TRF-0002,Riyadh-East,231.05,145.8,60.07,33.69,59.1,NORMAL,C,2026/05/25 00:59:04
TRF-0003,Jeddah-Main,224.64,263.04,59.84,59.09,61.3,NORMAL,A,20260525T005904
TRF-0004,Jeddah-Industrial,226.98,172.88,60.11,39.24,30.8,NORMAL,A,2026/05/25 00:59:04
TRF-0005,Dammam-Central,227.75,146.79,60.01,33.43,38.6,NORMAL,A,2026-05-25 00:59:04
TRF-0006,Dammam-Port,231.78,397.6,60.12,92.16,62.9,NORMAL,A,2026/05/25 00:59:04
TRF-0007,Mecca-Haram,223.64,292.37,60.02,65.39,31.9,NORMAL,B,2026-05-25 00:59:04
TRF-0008,Medina-Central,234.71,143.57,60.0,33.7,47.1,NORMAL,A,2026/05/25 00:59:04
TRF-0009,Abha-City,223.95,157.41,60.03,35.25,57.5,NORMAL,B,25-05-2026 00:59
TRF-0010,Tabuk-Center,231.57,419.8,59.88,97.21,39.4,NORMAL,C,2026/05/25 00:59:04
TRF-0001,Riyadh-North,239.12,135.52,60.1,32.41,41.6,NORMAL,C,25-05-2026 00:59
TRF-0002,Riyadh-East,231.36,434.83,59.87,100.6,53.9,NORMAL,A,25-05-2026 00:59
TRF-0003,Jeddah-Main,236.2,144.11,60.07,34.04,33.6,NORMAL,B,2026/05/25 00:59:04
TRF-0004,Jeddah-Industrial,227.82,144.79,60.06,32.99,40.9,NORMAL,A,2026/05/25 00:59:04
TRF-0005,Dammam-Central,229.49,429.53,59.92,98.57,56.5,NORMAL,B,2026/05/25 00:59:04
TRF-0006,Dammam-Port,225.7,125.15,59.84,28.25,51.3,NORMAL,C,05/25/2026 00:59:04
TRF-0007,Mecca-Haram,222.54,262.16,59.89,58.34,56.2,NORMAL,C,20260525T005904
TRF-0008,Medina-Central,226.19,354.38,60.17,80.16,32.6,NORMAL,C,05/25/2026 00:59:04
TRF-0009,Abha-City,223.74,1009.14,60.01,214.07,102.0,OVERLOAD,C,20260525T005904
TRF-0010,Tabuk-Center,239.29,273.51,59.99,65.45,51.1,NORMAL,B,25-05-2026 00:59
TRF-0001,Riyadh-North,237.73,365.79,59.85,86.96,56.6,NORMAL,A,20260525T005904
TRF-0002,Riyadh-East,227.81,939.59,59.81,223.31,97.8,OVERLOAD,C,25-05-2026 00:59
TRF-0003,Jeddah-Main,-230,445.35,59.96,99.91,35.8,NORMAL,A,20260525T005904
TRF-0003,Jeddah-Main,-230,445.35,59.96,99.91,35.8,NORMAL,A,20260525T005904
TRF-0004,Jeddah-Industrial,228.87,940.98,60.13,282.16,114.4,OVERLOAD,C,2026-05-25 00:59:04
TRF-0005,Dammam-Central,233.09,358.91,60.11,83.66,62.2,NORMAL,C,20260525T005904
TRF-0006,Dammam-Port,222.41,260.42,60.17,57.92,56.3,NORMAL,B,20260525T005904
TRF-0007,Mecca-Haram,220.17,108.42,59.8,23.87,56.3,NORMAL,A,2026-05-25 00:59:04
TRF-0008,Medina-Central,234.01,403.94,60.13,94.53,250.0,OVERHEAT,C,2026/05/25 00:59:04
TRF-0009,Abha-City,220.59,298.77,60.0,65.91,33.9,NORMAL,A,2026-05-25 00:59:04
TRF-0010,Tabuk-Center,235.25,464.69,60.01,109.32,49.0,NORMAL,C,2026-05-25 00:59:04
TRF-0010,Tabuk-Center,235.25,464.69,60.01,109.32,49.0,NORMAL,C,2026-05-25 00:59:04
TRF-0001,Riyadh-North,235.47,109.77,59.88,25.85,39.0,NORMAL,C,25-05-2026 00:59
TRF-0002,Riyadh-East,232.29,273.95,59.92,63.64,45.4,NORMAL,B,05/25/2026 00:59:04
TRF-0003,Jeddah-Main,235.8,385.13,59.81,90.81,42.6,NORMAL,A,05/25/2026 00:59:04
TRF-0004,Jeddah-Industrial,222.09,198.65,60.0,44.12,53.7,NORMAL,A,05/25/2026 00:59:04
TRF-0005,Dammam-Central,226.0,133.0,59.9,30.06,64.8,NORMAL,A,05/25/2026 00:59:04
TRF-0006,Dammam-Port,223.43,457.98,59.88,102.33,38.8,NORMAL,A,2026-05-25 00:59:04
TRF-0007,Mecca-Haram,221.59,495.0,59.91,109.69,35.0,NORMAL,B,2026/05/25 00:59:04
TRF-0008,Medina-Central,233.39,303.36,60.2,70.8,41.4,NORMAL,C,05/25/2026 00:59:04
TRF-0009,Abha-City,238.83,498.38,59.94,119.03,33.1,NORMAL,A,05/25/2026 00:59:04
TRF-0010,Tabuk-Center,225.45,368.22,60.09,83.02,36.4,NORMAL,C,2026/05/25 00:59:04
TRF-0001,Riyadh-North,221.6,151.65,60.14,33.61,59.7,NORMAL,C,25-05-2026 00:59
TRF-0002,Riyadh-East,230.26,,59.81,94.88,54.1,NORMAL,A,05/25/2026 00:59:04
TRF-0003,Jeddah-Main,238.94,120.11,59.96,28.7,35.0,NORMAL,C,20260525T005904
TRF-0004,Jeddah-Industrial,228.76,396.37,60.13,90.67,32.0,NORMAL,C,20260525T005904
TRF-0005,Dammam-Central,238.51,289.18,59.86,68.97,34.2,NORMAL,A,05/25/2026 00:59:04
TRF-0006,Dammam-Port,225.53,296.43,60.0,66.85,41.5,NORMAL,A,2026-05-25 00:59:04
TRF-0007,Mecca-Haram,225.19,,60.19,100.48,34.0,NORMAL,C,25-05-2026 00:59
TRF-0008,Medina-Central,229.48,422.26,60.12,96.9,62.0,NORMAL,B,25-05-2026 00:59
TRF-0009,Abha-City,233.21,499.91,59.93,116.58,44.5,NORMAL,A,25-05-2026 00:59
TRF-0010,Tabuk-Center,224.06,347.86,59.93,77.94,54.8,NORMAL,A,05/25/2026 00:59:04
TRF-0001,Riyadh-North,232.59,177.71,60.08,41.33,60.6,NORMAL,B,25-05-2026 00:59
TRF-0002,Riyadh-East,225.07,274.91,60.14,61.87,32.8,NORMAL,B,25-05-2026 00:59
TRF-0003,Jeddah-Main,230.24,297.47,53.97,68.49,33.0,FREQ_DRIFT,C,05/25/2026 00:59:04
TRF-0004,Jeddah-Industrial,220.8,265.87,59.93,58.7,64.8,NORMAL,A,05/25/2026 00:59:04
TRF-0005,Dammam-Central,225.69,468.54,49.02,105.74,59.0,FREQ_DRIFT,C,20260525T005904
TRF-0006,Dammam-Port,220.75,459.15,59.99,101.36,58.6,NORMAL,C,2026-05-25 00:59:04
TRF-0007,Mecca-Haram,227.14,478.5,60.17,108.69,48.9,NORMAL,A,2026/05/25 00:59:04
TRF-0008,Medina-Central,232.34,489.38,59.95,113.7,46.3,NORMAL,A,20260525T005904
TRF-0009,Abha-City,221.27,291.23,60.11,64.44,250.0,OVERHEAT,B,2026-05-25 00:59:04
TRF-0010,Tabuk-Center,222.61,266.4,59.93,59.3,30.2,NORMAL,B,05/25/2026 00:59:04
TRF-0001,Riyadh-North,228.16,222.65,60.07,50.8,57.6,NORMAL,B,05/25/2026 00:59:04
TRF-0002,Riyadh-East,237.25,377.94,60.09,89.67,,NORMAL,A,05/25/2026 00:59:04
TRF-0003,Jeddah-Main,222.17,450.08,60.11,99.99,35.9,NORMAL,B,2026-05-25 00:59:04
TRF-0004,Jeddah-Industrial,235.78,296.94,60.16,70.01,52.3,NORMAL,A,25-05-2026 00:59
TRF-0005,Dammam-Central,230.61,465.57,59.93,107.37,33.9,NORMAL,B,25-05-2026 00:59
TRF-0006,Dammam-Port,239.3,407.14,59.88,97.43,45.3,NORMAL,C,2026/05/25 00:59:04
TRF-0007,Mecca-Haram,228.15,194.68,59.81,44.42,36.8,NORMAL,C,2026-05-25 00:59:04
TRF-0008,Medina-Central,225.78,265.63,60.09,59.97,44.9,NORMAL,A,25-05-2026 00:59
TRF-0009,Abha-City,222.72,257.07,59.93,57.25,51.1,NORMAL,A,2026-05-25 00:59:04
TRF-0010,Tabuk-Center,234.34,360.37,60.02,84.45,48.2,NORMAL,A,25-05-2026 00:59
TRF-0001,Riyadh-North,221.86,360.52,60.05,79.98,39.9,NORMAL,C,25-05-2026 00:59
TRF-0002,Riyadh-East,227.63,294.07,59.81,66.94,33.7,NORMAL,C,2026-05-25 00:59:04
TRF-0003,Jeddah-Main,228.85,0.0,59.91,0.0,36.2,OUTAGE,C,2026-05-25 00:59:04
TRF-0004,Jeddah-Industrial,220.01,301.59,59.93,66.35,63.8,NORMAL,B,2026/05/25 00:59:04
TRF-0005,Dammam-Central,231.52,176.23,60.18,40.8,53.5,NORMAL,B,25-05-2026 00:59
TRF-0006,Dammam-Port,221.3,440.72,60.06,97.53,48.1,NORMAL,A,2026-05-25 00:59:04
TRF-0007,Mecca-Haram,223.24,488.42,60.03,109.03,58.7,NORMAL,B,25-05-2026 00:59
TRF-0008,Medina-Central,230.16,219.94,60.05,50.62,30.1,NORMAL,A,2026-05-25 00:59:04
TRF-0009,Abha-City,236.83,188.43,59.82,44.63,54.1,NORMAL,A,05/25/2026 00:59:04
TRF-0010,Tabuk-Center,239.91,377.88,59.95,90.66,58.5,NORMAL,B,20260525T005904
TRF-0001,Riyadh-North,236.34,358.76,60.11,84.79,57.0,NORMAL,B,20260525T005904
TRF-0002,Riyadh-East,236.52,334.51,60.15,79.12,62.0,NORMAL,A,25-05-2026 00:59
TRF-0003,Jeddah-Main,232.11,310.44,59.84,72.06,51.1,NORMAL,B,2026-05-25 00:59:04
TRF-0004,Jeddah-Industrial,224.2,452.8,49.79,101.52,51.5,FREQ_DRIFT,B,2026-05-25 00:59:04
TRF-0005,Dammam-Central,236.8,368.84,59.85,87.34,34.0,NORMAL,B,05/25/2026 00:59:04
TRF-0006,Dammam-Port,232.34,,60.02,87.78,33.9,NORMAL,B,2026/05/25 00:59:04
TRF-0007,Mecca-Haram,233.39,413.28,59.89,96.46,30.9,NORMAL,C,2026/05/25 00:59:04
TRF-0008,Medina-Central,238.71,278.8,59.97,66.55,40.4,NORMAL,C,05/25/2026 00:59:04
TRF-0009,Abha-City,229.89,229.07,59.9,52.66,49.5,NORMAL,B,2026-05-25 00:59:04
TRF-0010,Tabuk-Center,220.47,466.4,,102.83,59.5,NORMAL,B,05/25/2026 00:59:04
TRF-0001,Riyadh-North,-230,465.37,60.05,102.55,64.6,NORMAL,B,2026/05/25 00:59:04
TRF-0002,Riyadh-East,236.45,316.47,60.02,74.83,59.4,NORMAL,C,2026/05/25 00:59:04
TRF-0003,Jeddah-Main,-230,141.52,60.02,32.13,47.0,NORMAL,C,2026/05/25 00:59:04
TRF-0004,Jeddah-Industrial,236.78,317.33,60.16,75.14,63.5,NORMAL,C,2026/05/25 00:59:04
TRF-0005,Dammam-Central,222.98,200.92,60.14,44.8,34.1,NORMAL,A,05/25/2026 00:59:04
TRF-0006,Dammam-Port,222.27,211.62,60.0,47.04,42.5,NORMAL,A,2026/05/25 00:59:04
TRF-0007,Mecca-Haram,226.98,323.5,60.19,73.43,47.8,NORMAL,B,25-05-2026 00:59
TRF-0008,Medina-Central,238.28,368.22,60.04,87.74,62.5,NORMAL,A,2026/05/25 00:59:04
TRF-0009,Abha-City,234.16,381.55,60.08,89.34,43.1,NORMAL,A,25-05-2026 00:59
TRF-0010,Tabuk-Center,225.68,126.25,60.19,28.49,54.5,NORMAL,C,25-05-2026 00:59
TRF-0001,Riyadh-North,221.13,108.66,60.11,24.03,37.9,NORMAL,A,2026/05/25 00:59:04
TRF-0002,Riyadh-East,237.34,254.42,59.95,60.38,33.6,NORMAL,C,25-05-2026 00:59
TRF-0003,Jeddah-Main,226.12,243.84,60.14,55.14,33.3,NORMAL,B,05/25/2026 00:59:04
TRF-0004,Jeddah-Industrial,229.32,297.67,60.13,68.26,34.3,NORMAL,A,20260525T005904
TRF-0005,Dammam-Central,231.84,433.94,59.81,100.6,43.1,NORMAL,B,20260525T005904
TRF-0006,Dammam-Port,235.94,139.96,60.13,33.02,39.4,NORMAL,A,20260525T005904
TRF-0007,Mecca-Haram,239.03,185.68,60.11,44.38,33.7,NORMAL,B,2026-05-25 00:59:04
TRF-0008,Medina-Central,227.1,465.02,60.15,105.61,53.7,NORMAL,C,2026/05/25 00:59:04
TRF-0009,Abha-City,229.31,474.13,60.14,108.72,32.8,NORMAL,B,2026-05-25 00:59:04
TRF-0010,Tabuk-Center,238.77,441.27,59.82,105.36,48.0,NORMAL,A,20260525T005904
TRF-0001,Riyadh-North,238.23,117.96,59.83,28.1,33.2,NORMAL,C,2026-05-25 00:59:05
TRF-0002,Riyadh-East,221.19,248.33,60.15,54.93,63.6,NORMAL,C,20260525T005905
TRF-0003,Jeddah-Main,220.04,267.48,60.07,58.86,56.0,NORMAL,A,20260525T005905
TRF-0004,Jeddah-Industrial,233.55,427.39,59.9,,38.2,NORMAL,C,2026-05-25 00:59:05
TRF-0005,Dammam-Central,238.06,421.81,60.1,,47.7,NORMAL,A,20260525T005905
TRF-0006,Dammam-Port,224.38,313.78,60.2,70.41,36.2,NORMAL,A,05/25/2026 00:59:05
TRF-0007,Mecca-Haram,224.72,298.03,60.09,66.97,31.0,NORMAL,B,2026/05/25 00:59:05
TRF-0008,Medina-Central,230.08,444.36,65.48,102.24,64.7,FREQ_DRIFT,B,20260525T005905
TRF-0009,Abha-City,223.83,463.13,59.93,103.66,47.7,NORMAL,C,2026/05/25 00:59:05
TRF-0010,Tabuk-Center,224.47,343.17,59.84,77.03,50.4,NORMAL,A,2026-05-25 00:59:05
TRF-0001,Riyadh-North,237.87,376.97,60.08,89.67,39.2,NORMAL,C,20260525T005905
TRF-0002,Riyadh-East,234.84,191.92,60.02,45.07,30.4,NORMAL,B,20260525T005905
TRF-0003,Jeddah-Main,237.84,420.92,59.92,100.11,34.2,NORMAL,C,2026/05/25 00:59:05
TRF-0004,Jeddah-Industrial,231.18,151.08,59.89,34.93,59.8,NORMAL,B,20260525T005905
TRF-0005,Dammam-Central,224.07,317.55,60.03,71.15,59.1,NORMAL,C,2026/05/25 00:59:05
TRF-0006,Dammam-Port,222.29,482.98,60.09,107.36,52.0,NORMAL,B,05/25/2026 00:59:05
TRF-0007,Mecca-Haram,220.28,434.06,59.98,95.61,57.9,NORMAL,C,05/25/2026 00:59:05
TRF-0008,Medina-Central,236.92,128.92,59.91,30.54,32.4,NORMAL,B,20260525T005905
TRF-0009,Abha-City,,261.15,60.18,59.33,55.8,NORMAL,C,05/25/2026 00:59:05
TRF-0010,Tabuk-Center,236.75,264.8,59.83,62.69,37.6,NORMAL,C,2026-05-25 00:59:05
TRF-0001,Riyadh-North,234.18,449.63,59.92,105.29,49.0,NORMAL,C,05/25/2026 00:59:05
TRF-0002,Riyadh-East,225.18,176.19,60.02,39.67,51.4,NORMAL,B,2026/05/25 00:59:05
TRF-0003,Jeddah-Main,237.76,442.0,59.94,105.09,51.3,NORMAL,A,2026/05/25 00:59:05
TRF-0004,Jeddah-Industrial,222.21,222.46,60.18,49.43,39.9,NORMAL,C,25-05-2026 00:59
TRF-0005,Dammam-Central,233.69,263.32,59.82,61.54,35.2,NORMAL,B,2026-05-25 00:59:05
TRF-0006,Dammam-Port,225.39,230.17,60.14,51.88,61.1,NORMAL,C,2026-05-25 00:59:05
TRF-0007,Mecca-Haram,232.19,,59.95,104.82,54.7,NORMAL,B,2026-05-25 00:59:05
TRF-0008,Medina-Central,222.36,369.28,60.1,82.11,38.4,NORMAL,C,2026/05/25 00:59:05
TRF-0009,Abha-City,237.45,176.86,60.15,42.0,37.2,NORMAL,B,25-05-2026 00:59
TRF-0010,Tabuk-Center,227.62,155.58,60.01,35.41,52.7,NORMAL,A,05/25/2026 00:59:05
TRF-0001,Riyadh-North,220.35,477.3,60.13,105.17,35.5,NORMAL,A,20260525T005905
TRF-0001,Riyadh-North,220.35,477.3,60.13,105.17,35.5,NORMAL,A,20260525T005905
TRF-0002,Riyadh-East,237.92,309.73,60.09,73.69,41.3,NORMAL,C,20260525T005905
TRF-0003,Jeddah-Main,224.09,239.24,60.15,53.61,43.8,NORMAL,A,2026-05-25 00:59:05
TRF-0004,Jeddah-Industrial,220.38,112.63,69.28,24.82,30.3,FREQ_DRIFT,C,25-05-2026 00:59
TRF-0005,Dammam-Central,221.32,245.37,59.99,54.31,33.5,NORMAL,C,25-05-2026 00:59
TRF-0006,Dammam-Port,221.18,401.15,59.84,88.73,31.6,NORMAL,A,2026-05-25 00:59:05
TRF-0007,Mecca-Haram,239.07,169.07,59.8,40.42,51.1,NORMAL,A,20260525T005905
TRF-0008,Medina-Central,221.23,498.12,59.91,110.2,64.6,NORMAL,B,25-05-2026 00:59
TRF-0009,Abha-City,239.14,228.35,60.15,54.61,37.8,NORMAL,B,2026/05/25 00:59:05
TRF-0010,Tabuk-Center,228.38,1057.19,59.89,276.42,99.5,OVERLOAD,A,20260525T005905
TRF-0001,Riyadh-North,225.55,0.0,60.09,0.0,48.5,OUTAGE,A,2026-05-25 00:59:05
TRF-0002,Riyadh-East,224.4,411.21,60.14,92.28,59.0,NORMAL,C,20260525T005905
TRF-0003,Jeddah-Main,233.92,482.32,59.99,112.82,55.1,NORMAL,B,05/25/2026 00:59:05
TRF-0004,Jeddah-Industrial,221.06,216.23,60.05,47.8,51.5,NORMAL,C,20260525T005905
TRF-0005,Dammam-Central,233.74,294.88,59.86,,61.9,NORMAL,A,2026/05/25 00:59:05
TRF-0006,Dammam-Port,237.03,277.64,60.16,65.81,36.0,NORMAL,B,2026/05/25 00:59:05
TRF-0007,Mecca-Haram,231.89,210.32,59.82,48.77,57.7,NORMAL,C,2026-05-25 00:59:05
TRF-0008,Medina-Central,-230,456.83,59.85,108.92,30.8,NORMAL,C,20260525T005905
TRF-0009,Abha-City,228.17,491.93,60.0,112.24,59.6,NORMAL,A,05/25/2026 00:59:05
TRF-0010,Tabuk-Center,232.84,414.47,60.16,96.51,61.0,NORMAL,B,25-05-2026 00:59
TRF-0001,Riyadh-North,238.97,384.09,60.06,91.79,56.8,NORMAL,C,2026/05/25 00:59:05
TRF-0002,Riyadh-East,232.1,406.2,60.1,94.28,57.1,NORMAL,C,25-05-2026 00:59
TRF-0003,Jeddah-Main,223.29,472.72,59.91,105.55,54.3,NORMAL,A,05/25/2026 00:59:05
TRF-0004,Jeddah-Industrial,220.94,248.44,60.13,54.89,46.0,NORMAL,C,05/25/2026 00:59:05
TRF-0005,Dammam-Central,235.08,394.0,59.97,92.62,31.7,NORMAL,B,2026-05-25 00:59:05
TRF-0006,Dammam-Port,230.6,317.34,59.9,73.18,54.8,NORMAL,A,20260525T005905
TRF-0007,Mecca-Haram,234.87,107.23,60.18,25.19,45.1,NORMAL,A,2026-05-25 00:59:05
TRF-0008,Medina-Central,239.42,187.56,59.89,44.91,61.4,NORMAL,C,20260525T005905
TRF-0009,Abha-City,226.47,198.44,59.81,44.94,64.4,NORMAL,C,05/25/2026 00:59:05
TRF-0010,Tabuk-Center,225.04,1046.0,59.97,258.21,115.9,OVERLOAD,C,2026-05-25 00:59:05
TRF-0001,Riyadh-North,224.63,109.68,60.01,24.64,58.4,NORMAL,A,2026-05-25 00:59:05
TRF-0002,Riyadh-East,225.82,426.51,59.99,96.31,63.9,NORMAL,A,20260525T005905
TRF-0003,Jeddah-Main,228.59,140.25,60.18,32.06,51.6,NORMAL,A,2026/05/25 00:59:05
TRF-0004,Jeddah-Industrial,238.39,226.19,60.02,53.92,51.7,NORMAL,B,25-05-2026 00:59
TRF-0004,Jeddah-Industrial,238.39,226.19,60.02,53.92,51.7,NORMAL,B,25-05-2026 00:59
TRF-0005,Dammam-Central,232.55,320.73,59.8,74.59,43.3,NORMAL,A,2026-05-25 00:59:05
TRF-0006,Dammam-Port,232.39,401.17,60.09,93.23,56.1,NORMAL,C,05/25/2026 00:59:05
TRF-0007,Mecca-Haram,235.55,112.64,60.15,26.53,54.0,NORMAL,C,20260525T005905
TRF-0008,Medina-Central,234.91,206.86,59.85,48.59,47.1,NORMAL,A,25-05-2026 00:59
TRF-0009,Abha-City,223.76,402.15,59.8,89.99,43.2,NORMAL,B,25-05-2026 00:59
TRF-0010,Tabuk-Center,234.65,289.73,60.06,67.99,42.7,NORMAL,A,05/25/2026 00:59:05
TRF-0001,Riyadh-North,237.85,394.1,59.98,93.74,30.3,NORMAL,A,2026-05-25 00:59:05
TRF-0002,Riyadh-East,225.36,313.73,60.01,70.7,40.8,NORMAL,B,05/25/2026 00:59:05
TRF-0003,Jeddah-Main,220.65,246.15,59.91,54.31,38.7,NORMAL,C,2026/05/25 00:59:05
TRF-0004,Jeddah-Industrial,238.35,376.1,59.85,89.64,50.2,NORMAL,A,05/25/2026 00:59:05
TRF-0005,Dammam-Central,221.77,341.76,59.9,75.79,47.7,NORMAL,B,25-05-2026 00:59
TRF-0006,Dammam-Port,235.69,157.39,59.81,37.1,64.8,NORMAL,B,2026/05/25 00:59:05
TRF-0007,Mecca-Haram,220.8,198.52,60.15,43.83,50.2,NORMAL,A,2026-05-25 00:59:05
TRF-0008,Medina-Central,230.29,169.66,60.13,39.07,50.3,NORMAL,B,2026/05/25 00:59:05
TRF-0009,Abha-City,233.47,377.61,59.96,88.16,39.1,NORMAL,A,25-05-2026 00:59
TRF-0010,Tabuk-Center,234.87,102.33,59.99,24.03,50.7,NORMAL,A,05/25/2026 00:59:05
TRF-0001,Riyadh-North,234.9,163.89,60.12,38.5,43.3,NORMAL,A,2026/05/25 00:59:05
TRF-0002,Riyadh-East,227.27,487.18,60.08,110.72,60.6,NORMAL,B,2026/05/25 00:59:05
TRF-0003,Jeddah-Main,235.9,174.24,60.0,41.1,39.4,NORMAL,A,20260525T005905
TRF-0004,Jeddah-Industrial,232.66,430.47,59.98,100.15,46.5,NORMAL,B,2026/05/25 00:59:05
TRF-0005,Dammam-Central,230.5,499.49,60.09,115.13,51.8,NORMAL,A,20260525T005905
TRF-0006,Dammam-Port,230.47,383.96,60.12,88.49,42.9,NORMAL,B,2026-05-25 00:59:05
TRF-0007,Mecca-Haram,232.46,184.21,59.9,42.82,33.8,NORMAL,B,2026-05-25 00:59:05
TRF-0008,Medina-Central,232.03,311.6,59.85,72.3,43.2,NORMAL,A,05/25/2026 00:59:05
TRF-0009,Abha-City,-230,408.57,60.02,94.35,37.8,NORMAL,A,2026-05-25 00:59:05
TRF-0010,Tabuk-Center,239.33,353.39,60.05,84.58,48.9,NORMAL,A,25-05-2026 00:59
TRF-0001,Riyadh-North,220.59,122.73,60.06,27.07,38.4,NORMAL,C,2026-05-25 00:59:05
TRF-0002,Riyadh-East,233.97,200.62,59.85,46.94,32.5,NORMAL,B,2026/05/25 00:59:05
TRF-0003,Jeddah-Main,230.01,359.02,60.08,82.58,40.6,NORMAL,B,20260525T005905
TRF-0004,Jeddah-Industrial,238.79,356.45,60.15,85.12,46.4,NORMAL,A,05/25/2026 00:59:05
TRF-0004,Jeddah-Industrial,238.79,356.45,60.15,85.12,46.4,NORMAL,A,05/25/2026 00:59:05
TRF-0005,Dammam-Central,237.28,280.46,59.87,66.55,33.6,NORMAL,A,2026/05/25 00:59:05
TRF-0006,Dammam-Port,234.32,335.4,60.18,78.59,42.0,NORMAL,A,25-05-2026 00:59
TRF-0007,Mecca-Haram,230.67,404.84,60.12,93.38,41.6,NORMAL,B,2026/05/25 00:59:05
TRF-0008,Medina-Central,233.3,203.98,59.82,47.59,42.5,NORMAL,C,05/25/2026 00:59:05
TRF-0009,Abha-City,230.36,202.64,59.82,46.68,44.4,NORMAL,B,2026-05-25 00:59:05
TRF-0010,Tabuk-Center,229.56,233.03,59.9,53.49,37.7,NORMAL,B,25-05-2026 00:59
TRF-0001,Riyadh-North,230.47,288.58,60.03,66.51,56.8,NORMAL,C,2026-05-25 00:59:05
TRF-0002,Riyadh-East,230.78,205.68,59.95,47.47,56.7,NORMAL,A,2026-05-25 00:59:05
TRF-0003,Jeddah-Main,223.47,186.69,59.93,41.72,30.9,NORMAL,C,2026/05/25 00:59:05
TRF-0004,Jeddah-Industrial,238.13,231.01,,55.01,45.7,NORMAL,A,25-05-2026 00:59
TRF-0005,Dammam-Central,229.53,302.03,60.19,69.32,59.9,NORMAL,C,2026/05/25 00:59:05
TRF-0006,Dammam-Port,224.54,421.4,60.02,94.62,47.1,NORMAL,C,2026-05-25 00:59:05
TRF-0007,Mecca-Haram,236.4,358.81,60.02,84.82,42.0,NORMAL,A,2026/05/25 00:59:05
TRF-0008,Medina-Central,223.34,247.86,60.1,55.36,43.5,NORMAL,C,20260525T005905
TRF-0009,Abha-City,226.6,430.45,59.98,97.54,31.8,NORMAL,B,2026-05-25 00:59:05
TRF-0010,Tabuk-Center,230.81,298.12,59.81,68.81,46.3,NORMAL,B,20260525T005905
TRF-0001,Riyadh-North,230.01,302.37,59.89,69.55,43.1,NORMAL,A,20260525T005905
TRF-0002,Riyadh-East,226.21,114.06,60.07,25.8,32.6,NORMAL,C,20260525T005905
TRF-0003,Jeddah-Main,223.39,190.23,60.18,42.5,31.6,NORMAL,B,20260525T005905
TRF-0004,Jeddah-Industrial,-230,109.9,59.97,25.93,48.7,NORMAL,C,20260525T005905
TRF-0005,Dammam-Central,-230,319.11,59.99,73.78,35.2,NORMAL,C,20260525T005905
TRF-0006,Dammam-Port,239.37,328.36,59.89,78.6,52.0,NORMAL,B,25-05-2026 00:59
TRF-0007,Mecca-Haram,227.48,429.31,60.19,97.66,53.4,NORMAL,C,20260525T005905
TRF-0008,Medina-Central,230.01,231.61,60.02,53.27,62.9,NORMAL,B,2026-05-25 00:59:05
TRF-0009,Abha-City,238.76,269.26,59.98,64.29,63.3,NORMAL,A,05/25/2026 00:59:05
TRF-0010,Tabuk-Center,221.1,340.0,60.06,75.17,46.6,NORMAL,B,2026/05/25 00:59:05
TRF-0001,Riyadh-North,220.71,156.95,60.08,34.64,63.1,NORMAL,A,2026/05/25 00:59:05
TRF-0002,Riyadh-East,229.26,366.1,59.9,83.93,44.1,NORMAL,B,2026/05/25 00:59:05
TRF-0003,Jeddah-Main,221.81,127.64,59.88,28.31,59.2,NORMAL,A,2026/05/25 00:59:05
TRF-0004,Jeddah-Industrial,236.15,154.36,60.2,36.45,54.6,NORMAL,A,05/25/2026 00:59:05
TRF-0005,Dammam-Central,231.58,354.56,59.93,82.11,35.4,NORMAL,A,2026/05/25 00:59:05
TRF-0006,Dammam-Port,229.02,390.31,60.08,89.39,61.6,NORMAL,A,25-05-2026 00:59
TRF-0007,Mecca-Haram,228.96,333.98,60.09,76.47,30.5,NORMAL,C,25-05-2026 00:59
TRF-0008,Medina-Central,220.88,189.82,60.09,41.93,36.4,NORMAL,C,2026/05/25 00:59:05
TRF-0009,Abha-City,233.53,165.31,59.94,38.6,39.2,NORMAL,B,2026/05/25 00:59:05
TRF-0010,Tabuk-Center,226.48,427.28,60.13,96.77,52.2,NORMAL,A,2026/05/25 00:59:05
TRF-0001,Riyadh-North,230.87,496.6,60.13,114.65,62.0,NORMAL,C,2026-05-25 00:59:05
TRF-0002,Riyadh-East,232.55,458.21,60.14,106.56,38.6,NORMAL,A,05/25/2026 00:59:05
TRF-0003,Jeddah-Main,225.43,194.8,60.13,43.91,64.3,NORMAL,C,2026/05/25 00:59:05
TRF-0004,Jeddah-Industrial,230.5,145.85,59.86,33.62,45.7,NORMAL,C,2026/05/25 00:59:05
TRF-0005,Dammam-Central,228.48,495.31,60.05,113.17,56.8,NORMAL,B,2026/05/25 00:59:05
TRF-0006,Dammam-Port,225.46,347.87,59.82,78.43,38.5,NORMAL,C,25-05-2026 00:59
TRF-0007,Mecca-Haram,236.06,488.72,60.05,115.37,30.9,NORMAL,B,2026-05-25 00:59:05
TRF-0008,Medina-Central,228.63,211.36,59.99,48.32,42.1,NORMAL,C,2026/05/25 00:59:05
TRF-0009,Abha-City,238.78,138.41,59.97,33.05,53.1,NORMAL,A,25-05-2026 00:59
TRF-0010,Tabuk-Center,230.75,1181.34,60.05,260.41,127.8,OVERLOAD,A,20260525T005905
TRF-0001,Riyadh-North,230.14,459.44,59.98,,30.1,NORMAL,B,2026-05-25 00:59:05
TRF-0002,Riyadh-East,227.57,327.91,60.17,74.62,38.6,NORMAL,A,2026/05/25 00:59:05
TRF-0003,Jeddah-Main,235.94,408.62,60.16,96.41,42.4,NORMAL,C,2026-05-25 00:59:05
TRF-0004,Jeddah-Industrial,236.8,218.81,60.17,51.81,40.3,NORMAL,C,2026-05-25 00:59:05
TRF-0005,Dammam-Central,-230,267.52,59.91,59.4,32.5,NORMAL,A,05/25/2026 00:59:05
TRF-0006,Dammam-Port,226.67,486.02,60.11,110.17,62.9,NORMAL,C,25-05-2026 00:59
TRF-0007,Mecca-Haram,233.02,462.25,59.96,107.71,56.0,NORMAL,A,20260525T005905
TRF-0008,Medina-Central,235.07,423.31,59.81,99.51,42.8,NORMAL,C,05/25/2026 00:59:05
TRF-0009,Abha-City,230.62,459.84,60.06,106.05,32.2,NORMAL,A,20260525T005905
TRF-0010,Tabuk-Center,228.31,349.92,60.11,79.89,50.2,NORMAL,C,20260525T005905
TRF-0001,Riyadh-North,230.85,231.18,60.08,53.37,47.2,NORMAL,A,2026/05/25 00:59:05
TRF-0002,Riyadh-East,227.42,429.33,59.92,97.64,53.3,NORMAL,C,05/25/2026 00:59:05
TRF-0003,Jeddah-Main,230.98,268.98,60.07,62.13,35.7,NORMAL,C,25-05-2026 00:59
TRF-0003,Jeddah-Main,230.98,268.98,60.07,62.13,35.7,NORMAL,C,25-05-2026 00:59
TRF-0004,Jeddah-Industrial,233.16,350.97,59.94,81.83,51.2,NORMAL,A,2026-05-25 00:59:05
TRF-0005,Dammam-Central,232.01,216.47,60.05,50.22,62.7,NORMAL,A,20260525T005905
TRF-0006,Dammam-Port,220.39,219.99,59.92,48.48,48.3,NORMAL,C,05/25/2026 00:59:05
TRF-0007,Mecca-Haram,223.64,476.31,60.04,106.52,34.2,NORMAL,A,2026/05/25 00:59:05
TRF-0008,Medina-Central,229.17,359.16,60.19,82.31,52.9,NORMAL,C,05/25/2026 00:59:05
TRF-0009,Abha-City,235.82,126.4,59.99,29.81,47.2,NORMAL,A,2026/05/25 00:59:05
TRF-0010,Tabuk-Center,224.93,176.5,60.12,39.7,62.4,NORMAL,B,20260525T005905
TRF-0001,Riyadh-North,234.53,368.06,59.83,86.32,51.5,NORMAL,B,20260525T005905
TRF-0002,Riyadh-East,238.77,471.72,60.18,112.63,61.1,NORMAL,B,2026-05-25 00:59:05
TRF-0003,Jeddah-Main,228.61,369.14,60.12,84.39,31.9,NORMAL,B,2026/05/25 00:59:05
TRF-0004,Jeddah-Industrial,223.34,148.98,60.19,33.27,44.4,NORMAL,B,05/25/2026 00:59:05
TRF-0005,Dammam-Central,239.57,143.04,59.91,34.27,60.5,NORMAL,C,25-05-2026 00:59
TRF-0006,Dammam-Port,230.65,442.35,60.02,102.03,56.1,NORMAL,C,05/25/2026 00:59:05
TRF-0007,Mecca-Haram,228.3,298.2,59.84,68.08,63.5,NORMAL,C,05/25/2026 00:59:05
TRF-0008,Medina-Central,226.1,464.68,59.93,105.06,64.5,NORMAL,C,25-05-2026 00:59
TRF-0009,Abha-City,220.62,151.27,60.02,33.37,52.4,NORMAL,B,20260525T005905
TRF-0010,Tabuk-Center,225.37,498.67,59.88,112.39,41.3,NORMAL,A,2026/05/25 00:59:05
TRF-0001,Riyadh-North,238.81,494.64,59.94,118.12,44.3,NORMAL,B,05/25/2026 00:59:05
TRF-0002,Riyadh-East,239.87,361.01,59.82,86.6,50.9,NORMAL,B,25-05-2026 00:59
TRF-0003,Jeddah-Main,239.87,239.86,60.02,57.54,32.6,NORMAL,B,05/25/2026 00:59:05
TRF-0004,Jeddah-Industrial,,214.34,60.04,50.53,32.8,NORMAL,B,25-05-2026 00:59
TRF-0005,Dammam-Central,239.5,225.83,59.94,54.09,43.8,NORMAL,C,05/25/2026 00:59:05
TRF-0006,Dammam-Port,221.55,355.41,59.99,78.74,40.9,NORMAL,B,2026/05/25 00:59:05
TRF-0007,Mecca-Haram,-230,336.22,59.93,76.9,60.8,NORMAL,C,20260525T005905
TRF-0008,Medina-Central,231.39,283.69,59.98,65.64,61.8,NORMAL,B,2026/05/25 00:59:05
TRF-0009,Abha-City,228.46,448.93,59.87,102.56,55.9,NORMAL,A,05/25/2026 00:59:05
TRF-0010,Tabuk-Center,233.62,207.61,60.08,48.5,39.5,NORMAL,B,20260525T005905
TRF-0001,Riyadh-North,234.7,233.69,59.91,54.85,62.8,NORMAL,C,25-05-2026 00:59
TRF-0002,Riyadh-East,236.46,479.34,60.14,113.34,37.3,NORMAL,A,2026-05-25 00:59:05
TRF-0003,Jeddah-Main,231.33,175.07,60.03,40.5,40.8,NORMAL,A,25-05-2026 00:59
TRF-0004,Jeddah-Industrial,232.35,160.91,60.11,37.39,62.9,NORMAL,C,25-05-2026 00:59
TRF-0005,Dammam-Central,-230,303.67,59.91,72.34,42.7,NORMAL,B,05/25/2026 00:59:05
TRF-0006,Dammam-Port,239.58,462.14,60.09,110.72,61.2,NORMAL,A,2026/05/25 00:59:05
TRF-0007,Mecca-Haram,235.97,464.86,60.0,109.69,35.0,NORMAL,A,25-05-2026 00:59
TRF-0008,Medina-Central,232.06,436.65,60.16,101.33,49.3,NORMAL,A,2026-05-25 00:59:05
TRF-0009,Abha-City,222.1,391.42,59.87,86.93,39.4,NORMAL,C,2026-05-25 00:59:05
TRF-0010,Tabuk-Center,230.32,462.82,60.15,106.6,36.4,NORMAL,B,20260525T005905
TRF-0001,Riyadh-North,225.79,295.26,59.84,66.67,63.3,NORMAL,C,2026-05-25 00:59:05
TRF-0002,Riyadh-East,221.37,406.39,59.93,89.96,36.1,NORMAL,B,05/25/2026 00:59:05
TRF-0003,Jeddah-Main,229.74,395.67,59.81,90.9,56.8,NORMAL,A,2026-05-25 00:59:05
TRF-0004,Jeddah-Industrial,236.53,308.49,59.96,72.97,44.2,NORMAL,B,2026/05/25 00:59:05
TRF-0005,Dammam-Central,224.84,373.06,60.09,83.88,60.0,NORMAL,C,2026-05-25 00:59:05
TRF-0006,Dammam-Port,230.21,453.45,60.17,104.39,35.6,NORMAL,A,2026/05/25 00:59:05
TRF-0007,Mecca-Haram,229.49,441.53,59.9,101.33,43.6,NORMAL,C,2026-05-25 00:59:05
TRF-0008,Medina-Central,236.53,255.11,60.18,60.34,58.5,NORMAL,C,2026/05/25 00:59:05
TRF-0009,Abha-City,,385.44,59.98,85.31,51.7,NORMAL,B,25-05-2026 00:59
TRF-0010,Tabuk-Center,232.88,378.76,59.84,88.21,60.8,NORMAL,B,05/25/2026 00:59:05
TRF-0001,Riyadh-North,228.69,155.46,60.0,35.55,57.3,NORMAL,B,25-05-2026 00:59
TRF-0002,Riyadh-East,221.49,361.07,59.92,79.97,49.2,NORMAL,A,05/25/2026 00:59:06
TRF-0003,Jeddah-Main,223.78,371.68,59.9,83.17,40.7,NORMAL,C,05/25/2026 00:59:06
TRF-0004,Jeddah-Industrial,233.59,347.33,59.85,81.13,49.2,NORMAL,C,25-05-2026 00:59
TRF-0005,Dammam-Central,235.23,392.25,60.04,92.27,63.9,NORMAL,B,2026-05-25 00:59:06
TRF-0006,Dammam-Port,227.36,428.19,59.86,97.35,50.5,NORMAL,C,25-05-2026 00:59
TRF-0007,Mecca-Haram,228.02,173.87,59.97,39.65,60.7,NORMAL,C,20260525T005906
TRF-0008,Medina-Central,229.64,388.55,60.04,89.23,63.8,NORMAL,A,2026/05/25 00:59:06
TRF-0009,Abha-City,222.93,195.15,59.87,43.5,41.7,NORMAL,B,2026-05-25 00:59:06
CORRUPTED_DATA_###!!!@@@@
TRF-0010,Tabuk-Center,235.22,403.99,60.11,95.03,47.1,NORMAL,B,25-05-2026 00:59
TRF-0001,Riyadh-North,222.09,198.0,59.96,43.97,54.2,NORMAL,A,05/25/2026 00:59:06
TRF-0002,Riyadh-East,229.14,125.1,60.2,28.67,37.3,NORMAL,B,20260525T005906
TRF-0003,Jeddah-Main,229.88,415.94,60.04,95.62,36.9,NORMAL,A,2026-05-25 00:59:06
TRF-0004,Jeddah-Industrial,229.47,430.84,60.17,98.86,37.6,NORMAL,C,2026-05-25 00:59:06
TRF-0005,Dammam-Central,223.39,103.06,60.12,23.02,32.7,NORMAL,A,2026/05/25 00:59:06
TRF-0006,Dammam-Port,220.27,0.0,59.81,0.0,41.3,OUTAGE,C,20260525T005906
TRF-0007,Mecca-Haram,226.94,206.11,59.86,46.77,62.9,NORMAL,B,2026-05-25 00:59:06
TRF-0008,Medina-Central,228.16,1172.61,59.87,283.23,104.1,OVERLOAD,A,05/25/2026 00:59:06
TRF-0009,Abha-City,228.38,498.45,59.92,,51.5,NORMAL,B,2026-05-25 00:59:06
TRF-0010,Tabuk-Center,233.93,100.51,59.99,23.51,38.9,NORMAL,C,25-05-2026 00:59
TRF-0001,Riyadh-North,237.16,206.18,60.15,48.9,44.9,NORMAL,A,2026/05/25 00:59:06
TRF-0002,Riyadh-East,225.34,321.09,59.89,72.35,61.9,NORMAL,C,2026/05/25 00:59:06
TRF-0003,Jeddah-Main,231.9,443.91,59.96,102.94,30.7,NORMAL,A,25-05-2026 00:59
TRF-0004,Jeddah-Industrial,220.58,236.4,59.88,52.15,35.6,NORMAL,A,25-05-2026 00:59
TRF-0005,Dammam-Central,227.24,217.59,59.86,49.45,60.0,NORMAL,B,05/25/2026 00:59:06
TRF-0006,Dammam-Port,223.43,159.92,59.91,35.73,63.6,NORMAL,A,2026-05-25 00:59:06
TRF-0007,Mecca-Haram,223.59,347.85,59.87,77.78,41.5,NORMAL,C,2026/05/25 00:59:06
TRF-0008,Medina-Central,238.46,224.69,59.91,53.58,38.6,NORMAL,A,20260525T005906
TRF-0008,Medina-Central,238.46,224.69,59.91,53.58,38.6,NORMAL,A,20260525T005906
TRF-0009,Abha-City,232.15,270.91,59.96,62.89,45.2,NORMAL,B,2026/05/25 00:59:06
TRF-0010,Tabuk-Center,-230,379.39,60.15,86.47,61.1,NORMAL,A,2026-05-25 00:59:06
TRF-0001,Riyadh-North,231.2,123.89,60.19,28.64,39.6,NORMAL,B,25-05-2026 00:59
SENSOR_ERROR_0xFFA2
TRF-0002,Riyadh-East,220.64,,59.82,59.04,56.8,NORMAL,B,2026-05-25 00:59:06
TRF-0003,Jeddah-Main,228.8,158.87,59.83,36.35,45.3,NORMAL,C,05/25/2026 00:59:06
TRF-0004,Jeddah-Industrial,238.5,107.61,60.0,25.66,30.6,NORMAL,C,2026/05/25 00:59:06
TRF-0005,Dammam-Central,223.73,299.76,59.91,67.07,52.9,NORMAL,C,05/25/2026 00:59:06
TRF-0005,Dammam-Central,223.73,299.76,59.91,67.07,52.9,NORMAL,C,05/25/2026 00:59:06
TRF-0006,Dammam-Port,232.84,407.33,59.86,94.84,42.7,NORMAL,A,25-05-2026 00:59
TRF-0007,Mecca-Haram,221.12,373.44,60.04,82.58,58.3,NORMAL,A,2026-05-25 00:59:06
TRF-0008,Medina-Central,228.31,323.17,59.89,73.78,52.7,NORMAL,C,05/25/2026 00:59:06
TRF-0009,Abha-City,227.51,281.11,59.96,63.96,52.0,NORMAL,C,2026/05/25 00:59:06
TRF-0010,Tabuk-Center,223.13,245.29,59.92,54.73,45.8,NORMAL,A,2026-05-25 00:59:06
TRF-0001,Riyadh-North,220.59,290.57,60.17,64.1,39.4,NORMAL,C,05/25/2026 00:59:06
TRF-0002,Riyadh-East,222.07,288.75,60.07,64.12,30.5,NORMAL,C,2026/05/25 00:59:06
TRF-0003,Jeddah-Main,229.68,331.93,60.13,76.24,59.7,NORMAL,A,2026-05-25 00:59:06
TRF-0004,Jeddah-Industrial,237.16,144.28,60.04,34.22,47.3,NORMAL,C,05/25/2026 00:59:06
TRF-0005,Dammam-Central,235.32,158.23,59.84,37.23,55.1,NORMAL,B,20260525T005906
TRF-0006,Dammam-Port,223.08,342.85,59.93,76.48,48.8,NORMAL,B,25-05-2026 00:59
TRF-0007,Mecca-Haram,231.23,312.59,59.93,72.28,49.9,NORMAL,B,05/25/2026 00:59:06
TRF-0008,Medina-Central,235.56,297.12,59.85,69.99,250.0,OVERHEAT,B,05/25/2026 00:59:06
TRF-0009,Abha-City,231.82,188.29,60.06,43.65,47.4,NORMAL,B,20260525T005906
TRF-0010,Tabuk-Center,233.85,198.2,59.86,46.35,63.3,NORMAL,B,20260525T005906
TRF-0001,Riyadh-North,221.58,340.26,59.99,75.39,63.0,NORMAL,A,25-05-2026 00:59
TRF-0002,Riyadh-East,222.98,245.87,59.91,54.82,59.9,NORMAL,A,25-05-2026 00:59
TRF-0003,Jeddah-Main,222.84,,59.99,77.29,42.9,NORMAL,A,25-05-2026 00:59
TRF-0004,Jeddah-Industrial,221.59,484.36,59.88,107.33,49.8,NORMAL,C,20260525T005906
TRF-0005,Dammam-Central,231.11,402.33,59.93,92.98,45.9,NORMAL,B,25-05-2026 00:59
TRF-0006,Dammam-Port,237.34,473.0,60.11,112.26,51.4,NORMAL,C,2026/05/25 00:59:06
TRF-0007,Mecca-Haram,,272.64,60.14,62.48,53.7,NORMAL,C,2026-05-25 00:59:06
TRF-0008,Medina-Central,221.83,303.81,60.08,67.39,58.7,NORMAL,A,25-05-2026 00:59
TRF-0009,Abha-City,223.82,199.21,60.18,44.59,250.0,OVERHEAT,B,2026/05/25 00:59:06
TRF-0010,Tabuk-Center,220.89,268.7,60.05,59.35,37.4,NORMAL,A,25-05-2026 00:59
TRF-0001,Riyadh-North,232.67,102.79,59.98,23.92,47.5,NORMAL,B,20260525T005906
TRF-0002,Riyadh-East,-230,392.05,60.03,88.93,49.6,NORMAL,B,20260525T005906
TRF-0003,Jeddah-Main,227.52,216.4,60.2,49.24,38.3,NORMAL,A,20260525T005906
TRF-0004,Jeddah-Industrial,227.62,113.13,60.16,25.75,63.7,NORMAL,C,2026/05/25 00:59:06
TRF-0005,Dammam-Central,231.83,242.29,59.85,56.17,57.7,NORMAL,B,05/25/2026 00:59:06
TRF-0006,Dammam-Port,235.96,469.14,60.01,110.7,47.5,NORMAL,A,25-05-2026 00:59
TRF-0007,Mecca-Haram,222.39,455.6,59.95,101.32,57.6,NORMAL,A,2026-05-25 00:59:06
TRF-0008,Medina-Central,227.42,455.76,59.87,103.65,49.5,NORMAL,A,2026-05-25 00:59:06
TRF-0009,Abha-City,226.67,448.11,59.87,101.57,53.3,NORMAL,A,05/25/2026 00:59:06
TRF-0010,Tabuk-Center,228.42,433.15,60.14,98.94,53.8,NORMAL,B,20260525T005906
TRF-0001,Riyadh-North,229.44,347.66,59.91,79.77,57.2,NORMAL,C,2026/05/25 00:59:06
TRF-0002,Riyadh-East,228.79,272.59,60.13,62.37,30.0,NORMAL,A,20260525T005906
TRF-0003,Jeddah-Main,237.28,183.17,59.94,43.46,36.5,NORMAL,B,20260525T005906
TRF-0004,Jeddah-Industrial,235.24,136.89,60.17,32.2,31.0,NORMAL,B,2026-05-25 00:59:06
TRF-0005,Dammam-Central,235.95,0.0,59.95,0.0,32.1,OUTAGE,A,2026-05-25 00:59:06
TRF-0006,Dammam-Port,227.59,301.57,59.98,68.63,51.0,NORMAL,C,05/25/2026 00:59:06
TRF-0007,Mecca-Haram,239.65,319.73,59.93,76.62,63.6,NORMAL,C,25-05-2026 00:59
TRF-0008,Medina-Central,232.42,450.48,59.95,104.7,52.8,NORMAL,C,2026/05/25 00:59:06
TRF-0009,Abha-City,239.67,377.9,59.91,90.57,37.7,NORMAL,C,20260525T005906
TRF-0010,Tabuk-Center,231.55,318.28,59.89,73.7,61.2,NORMAL,B,05/25/2026 00:59:06
TRF-0001,Riyadh-North,221.84,472.7,48.35,104.86,34.0,FREQ_DRIFT,A,05/25/2026 00:59:06
TRF-0002,Riyadh-East,223.61,491.84,59.92,109.98,55.9,NORMAL,B,05/25/2026 00:59:06
TRF-0003,Jeddah-Main,236.58,170.41,59.82,40.32,50.0,NORMAL,C,2026/05/25 00:59:06
TRF-0004,Jeddah-Industrial,-230,263.22,60.01,59.95,59.2,NORMAL,C,2026/05/25 00:59:06
TRF-0005,Dammam-Central,233.67,302.72,60.07,70.74,41.6,NORMAL,B,25-05-2026 00:59
TRF-0006,Dammam-Port,238.24,260.7,59.83,62.11,60.7,NORMAL,C,25-05-2026 00:59
TRF-0007,Mecca-Haram,232.97,417.11,59.97,97.17,62.4,NORMAL,C,25-05-2026 00:59
TRF-0008,Medina-Central,222.79,305.21,59.84,68.0,63.3,NORMAL,C,2026-05-25 00:59:06
TRF-0009,Abha-City,238.9,224.98,60.03,53.75,42.3,NORMAL,C,25-05-2026 00:59
TRF-0010,Tabuk-Center,222.6,178.32,60.18,39.69,49.7,NORMAL,B,05/25/2026 00:59:06
TRF-0001,Riyadh-North,222.39,148.28,59.83,32.98,58.9,NORMAL,C,20260525T005906
TRF-0002,Riyadh-East,239.72,144.91,60.07,34.74,55.0,NORMAL,C,05/25/2026 00:59:06
TRF-0003,Jeddah-Main,224.76,288.29,59.9,64.8,51.5,NORMAL,B,05/25/2026 00:59:06
TRF-0004,Jeddah-Industrial,220.34,132.59,59.98,29.21,48.9,NORMAL,B,2026-05-25 00:59:06
TRF-0005,Dammam-Central,237.45,210.39,59.9,49.96,44.7,NORMAL,C,05/25/2026 00:59:06
TRF-0006,Dammam-Port,233.77,454.3,60.09,106.2,62.2,NORMAL,A,2026-05-25 00:59:06
TRF-0007,Mecca-Haram,220.46,355.85,60.01,78.45,61.7,NORMAL,A,2026/05/25 00:59:06

TRF-0008,Medina-Central,235.27,282.64,59.85,66.5,54.0,NORMAL,C,05/25/2026 00:59:06
TRF-0009,Abha-City,224.5,195.85,59.81,43.97,52.2,NORMAL,C,2026/05/25 00:59:06
TRF-0010,Tabuk-Center,224.6,285.88,60.07,64.21,38.2,NORMAL,C,2026/05/25 00:59:06
TRF-0001,Riyadh-North,225.02,123.84,60.15,27.87,61.3,NORMAL,C,25-05-2026 00:59
TRF-0002,Riyadh-East,235.46,385.29,60.14,90.72,45.6,NORMAL,B,2026/05/25 00:59:06
TRF-0003,Jeddah-Main,229.17,317.14,60.12,72.68,42.9,NORMAL,C,2026/05/25 00:59:06
TRF-0004,Jeddah-Industrial,227.74,294.16,60.05,66.99,57.5,NORMAL,B,25-05-2026 00:59
TRF-0005,Dammam-Central,231.35,408.76,59.96,94.57,46.4,NORMAL,A,05/25/2026 00:59:06
TRF-0006,Dammam-Port,222.21,479.43,60.08,106.53,62.5,NORMAL,B,2026-05-25 00:59:06
TRF-0007,Mecca-Haram,227.13,334.38,60.16,75.95,51.8,NORMAL,A,20260525T005906
TRF-0008,Medina-Central,227.08,355.16,60.05,80.65,34.3,NORMAL,C,20260525T005906
TRF-0009,Abha-City,222.92,282.79,60.05,63.04,34.4,NORMAL,A,2026-05-25 00:59:06
TRF-0010,Tabuk-Center,239.02,497.91,60.18,119.01,43.2,NORMAL,C,2026-05-25 00:59:06
TRF-0001,Riyadh-North,233.07,278.05,60.13,64.81,45.6,NORMAL,A,2026/05/25 00:59:06
TRF-0002,Riyadh-East,231.94,323.3,59.86,74.99,60.4,NORMAL,C,20260525T005906
TRF-0003,Jeddah-Main,237.31,390.79,59.88,92.74,35.6,NORMAL,C,20260525T005906
TRF-0004,Jeddah-Industrial,231.47,376.69,60.04,87.19,39.2,NORMAL,C,20260525T005906
TRF-0005,Dammam-Central,228.92,272.54,59.95,62.39,33.1,NORMAL,B,25-05-2026 00:59
TRF-0006,Dammam-Port,228.47,223.68,59.96,51.1,60.8,NORMAL,C,05/25/2026 00:59:06
TRF-0007,Mecca-Haram,230.4,259.87,60.15,59.87,39.9,NORMAL,A,2026-05-25 00:59:06
TRF-0008,Medina-Central,232.14,403.54,59.89,93.68,57.4,NORMAL,A,20260525T005906
TRF-0009,Abha-City,233.79,169.1,59.89,39.53,57.6,NORMAL,B,2026-05-25 00:59:06
TRF-0010,Tabuk-Center,239.78,348.42,59.99,83.54,54.3,NORMAL,A,2026/05/25 00:59:06
TRF-0001,Riyadh-North,234.18,136.56,59.96,31.98,64.8,NORMAL,C,20260525T005906
TRF-0002,Riyadh-East,224.08,463.11,69.52,103.77,52.1,FREQ_DRIFT,C,2026/05/25 00:59:06
;;;;;
TRF-0003,Jeddah-Main,222.59,147.63,60.01,32.86,59.5,NORMAL,C,2026-05-25 00:59:06
TRF-0004,Jeddah-Industrial,224.91,479.09,59.97,107.75,43.1,NORMAL,C,2026/05/25 00:59:06
TRF-0005,Dammam-Central,228.01,366.97,59.86,83.67,40.6,NORMAL,A,20260525T005906
TRF-0006,Dammam-Port,238.89,132.99,59.82,31.77,250.0,OVERHEAT,C,05/25/2026 00:59:06
TRF-0007,Mecca-Haram,221.43,326.96,59.99,72.4,52.5,NORMAL,A,20260525T005906
TRF-0008,Medina-Central,228.3,289.61,60.05,66.12,31.0,NORMAL,B,05/25/2026 00:59:06
TRF-0009,Abha-City,233.28,209.48,59.92,48.87,53.0,NORMAL,B,05/25/2026 00:59:06
TRF-0010,Tabuk-Center,230.1,496.97,59.98,114.35,33.9,NORMAL,C,25-05-2026 00:59
TRF-0001,Riyadh-North,233.82,386.83,59.87,90.45,44.5,NORMAL,C,20260525T005906
TRF-0002,Riyadh-East,220.08,141.18,59.83,31.07,56.8,NORMAL,A,2026-05-25 00:59:06
TRF-0003,Jeddah-Main,222.25,174.15,60.1,38.7,41.5,NORMAL,A,20260525T005906
TRF-0004,Jeddah-Industrial,235.0,322.67,60.06,75.83,40.1,NORMAL,B,25-05-2026 00:59
TRF-0005,Dammam-Central,238.93,313.54,60.1,74.91,250.0,OVERHEAT,A,05/25/2026 00:59:06
TRF-0006,Dammam-Port,228.62,312.02,60.0,71.33,56.5,NORMAL,C,25-05-2026 00:59
TRF-0007,Mecca-Haram,234.87,119.08,60.11,27.97,63.5,NORMAL,A,2026/05/25 00:59:06
TRF-0008,Medina-Central,220.25,488.07,60.11,107.5,34.8,NORMAL,B,25-05-2026 00:59
TRF-0009,Abha-City,233.43,375.32,60.03,87.61,43.5,NORMAL,A,20260525T005906
TRF-0010,Tabuk-Center,,489.01,59.9,110.31,35.7,NORMAL,B,25-05-2026 00:59
TRF-0001,Riyadh-North,223.94,100.63,60.16,22.54,40.0,NORMAL,B,20260525T005906
TRF-0002,Riyadh-East,238.34,330.22,60.06,78.7,64.1,NORMAL,C,2026-05-25 00:59:06
TRF-0003,Jeddah-Main,238.61,276.17,60.16,65.9,45.8,NORMAL,C,20260525T005906
TRF-0004,Jeddah-Industrial,228.09,366.32,59.88,83.55,32.6,NORMAL,B,2026/05/25 00:59:06
TRF-0005,Dammam-Central,224.54,455.71,60.12,102.33,41.9,NORMAL,A,2026-05-25 00:59:06
TRF-0006,Dammam-Port,231.28,149.57,60.06,34.59,64.2,NORMAL,B,25-05-2026 00:59
TRF-0007,Mecca-Haram,230.19,253.91,60.03,58.45,39.3,NORMAL,B,05/25/2026 00:59:06
TRF-0008,Medina-Central,239.33,470.93,59.89,112.71,37.8,NORMAL,B,20260525T005906
TRF-0009,Abha-City,238.65,298.54,60.1,71.25,39.5,NORMAL,C,2026/05/25 00:59:06
TRF-0010,Tabuk-Center,221.72,244.84,60.11,54.29,44.7,NORMAL,B,2026/05/25 00:59:06
TRF-0001,Riyadh-North,221.48,194.64,59.93,43.11,50.4,NORMAL,A,05/25/2026 00:59:06
TRF-0002,Riyadh-East,230.84,498.25,60.11,115.02,47.6,NORMAL,C,05/25/2026 00:59:06
TRF-0003,Jeddah-Main,230.19,222.21,59.81,51.15,59.8,NORMAL,A,05/25/2026 00:59:06
TRF-0004,Jeddah-Industrial,233.3,312.62,59.88,72.93,47.3,NORMAL,A,20260525T005906
TRF-0005,Dammam-Central,227.65,466.22,59.82,106.13,52.8,NORMAL,A,2026-05-25 00:59:06
TRF-0005,Dammam-Central,227.65,466.22,59.82,106.13,52.8,NORMAL,A,2026-05-25 00:59:06
TRF-0006,Dammam-Port,221.11,268.82,59.94,59.44,34.3,NORMAL,A,2026/05/25 00:59:06
TRF-0007,Mecca-Haram,221.13,170.84,59.82,37.78,45.5,NORMAL,A,2026/05/25 00:59:06
TRF-0008,Medina-Central,231.7,389.2,59.92,90.18,44.1,NORMAL,B,2026-05-25 00:59:06
TRF-0009,Abha-City,236.76,484.93,59.84,114.81,59.9,NORMAL,A,2026-05-25 00:59:06
TRF-0010,Tabuk-Center,227.25,343.39,60.03,78.04,47.3,NORMAL,C,05/25/2026 00:59:06
TRF-0001,Riyadh-North,228.2,128.94,59.82,29.42,62.9,NORMAL,B,05/25/2026 00:59:06
TRF-0002,Riyadh-East,220.81,346.43,60.0,76.5,54.1,NORMAL,B,25-05-2026 00:59
TRF-0003,Jeddah-Main,234.9,332.74,59.87,78.16,60.6,NORMAL,A,2026-05-25 00:59:06
TRF-0004,Jeddah-Industrial,220.6,254.91,59.87,56.23,64.9,NORMAL,A,20260525T005906
TRF-0005,Dammam-Central,234.27,182.35,60.18,42.72,54.7,NORMAL,C,2026-05-25 00:59:06
TRF-0006,Dammam-Port,225.13,427.51,59.81,96.25,56.8,NORMAL,B,25-05-2026 00:59
TRF-0007,Mecca-Haram,231.01,397.45,60.2,91.81,48.4,NORMAL,C,25-05-2026 00:59
TRF-0008,Medina-Central,235.51,112.61,60.08,26.52,48.8,NORMAL,A,25-05-2026 00:59
TRF-0009,Abha-City,236.93,478.21,60.1,113.3,63.6,NORMAL,B,20260525T005906
TRF-0010,Tabuk-Center,224.06,247.96,60.03,55.56,53.4,NORMAL,A,05/25/2026 00:59:06
TRF-0001,Riyadh-North,228.99,249.04,60.01,57.03,40.0,NORMAL,A,2026-05-25 00:59:06
TRF-0002,Riyadh-East,237.09,211.17,60.11,50.07,53.7,NORMAL,B,20260525T005906
TRF-0003,Jeddah-Main,234.9,300.43,60.11,70.57,48.7,NORMAL,B,05/25/2026 00:59:06
TRF-0004,Jeddah-Industrial,227.82,393.65,60.11,89.68,52.9,NORMAL,B,2026/05/25 00:59:06
TRF-0005,Dammam-Central,228.72,201.2,59.94,46.02,55.9,NORMAL,A,20260525T005906
TRF-0006,Dammam-Port,220.18,349.55,59.9,76.96,41.5,NORMAL,B,20260525T005906
TRF-0007,Mecca-Haram,229.63,104.35,60.03,23.96,42.4,NORMAL,C,25-05-2026 00:59
TRF-0008,Medina-Central,238.46,388.53,60.18,92.65,,NORMAL,A,2026-05-25 00:59:06
TRF-0009,Abha-City,229.73,147.87,59.87,33.97,59.4,NORMAL,C,20260525T005906
TRF-0010,Tabuk-Center,224.04,236.89,60.17,53.07,47.5,NORMAL,A,05/25/2026 00:59:06
TRF-0001,Riyadh-North,227.21,464.05,59.8,105.44,43.5,NORMAL,C,25-05-2026 00:59
TRF-0002,Riyadh-East,236.85,219.4,59.81,51.96,43.6,NORMAL,B,05/25/2026 00:59:06
TRF-0003,Jeddah-Main,234.09,424.79,60.03,99.44,30.5,NORMAL,B,2026/05/25 00:59:06
TRF-0004,Jeddah-Industrial,223.59,207.86,59.98,46.48,32.0,NORMAL,A,20260525T005906
TRF-0005,Dammam-Central,226.32,161.12,60.2,36.46,45.4,NORMAL,C,2026/05/25 00:59:06
TRF-0006,Dammam-Port,223.41,107.12,60.19,23.93,39.1,NORMAL,A,2026/05/25 00:59:06
TRF-0007,Mecca-Haram,235.82,499.85,60.12,117.87,59.1,NORMAL,B,2026/05/25 00:59:06
TRF-0008,Medina-Central,225.35,927.35,60.17,261.75,99.2,OVERLOAD,C,20260525T005906
TRF-0009,Abha-City,221.83,419.21,59.98,92.99,30.2,NORMAL,C,2026/05/25 00:59:06
TRF-0010,Tabuk-Center,228.26,430.49,60.04,98.26,44.5,NORMAL,B,2026/05/25 00:59:06
TRF-0001,Riyadh-North,237.23,376.94,54.76,89.42,51.4,FREQ_DRIFT,C,20260525T005906
TRF-0002,Riyadh-East,221.21,451.93,60.01,99.97,30.5,NORMAL,C,2026-05-25 00:59:06
TRF-0003,Jeddah-Main,233.64,422.33,59.95,98.67,36.1,NORMAL,B,2026-05-25 00:59:06
TRF-0004,Jeddah-Industrial,227.19,349.53,59.81,79.41,32.7,NORMAL,A,20260525T005906
TRF-0005,Dammam-Central,227.1,138.93,59.97,31.55,50.9,NORMAL,B,2026-05-25 00:59:06
TRF-0006,Dammam-Port,231.31,109.27,62.02,25.28,50.3,FREQ_DRIFT,C,25-05-2026 00:59
TRF-0007,Mecca-Haram,231.01,338.74,59.81,78.25,61.7,NORMAL,C,20260525T005906
TRF-0008,Medina-Central,222.77,290.35,59.84,64.68,47.5,NORMAL,B,2026/05/25 00:59:06
TRF-0008,Medina-Central,222.77,290.35,59.84,64.68,47.5,NORMAL,B,2026/05/25 00:59:06
TRF-0009,Abha-City,233.12,438.58,60.04,102.24,33.6,NORMAL,B,20260525T005906
TRF-0010,Tabuk-Center,224.48,352.59,59.89,79.15,53.7,NORMAL,B,2026-05-25 00:59:06
TRF-0001,Riyadh-North,233.7,349.15,60.14,81.6,59.9,NORMAL,C,05/25/2026 00:59:07
TRF-0002,Riyadh-East,233.12,348.59,,81.26,52.8,NORMAL,A,20260525T005907
TRF-0003,Jeddah-Main,238.41,147.69,60.12,35.21,54.2,NORMAL,B,20260525T005907
TRF-0004,Jeddah-Industrial,236.15,127.64,59.92,30.14,50.1,NORMAL,B,2026/05/25 00:59:07
TRF-0005,Dammam-Central,238.52,229.32,60.09,54.7,46.9,NORMAL,B,2026/05/25 00:59:07
TRF-0006,Dammam-Port,226.52,191.11,60.04,43.29,33.6,NORMAL,A,05/25/2026 00:59:07
TRF-0007,Mecca-Haram,236.02,428.29,60.18,101.09,58.5,NORMAL,C,25-05-2026 00:59
TRF-0008,Medina-Central,227.7,483.56,60.13,,56.6,NORMAL,B,25-05-2026 00:59
TRF-0009,Abha-City,239.5,492.94,59.88,118.06,33.4,NORMAL,B,25-05-2026 00:59
TRF-0010,Tabuk-Center,237.0,411.2,59.94,97.45,31.3,NORMAL,B,2026-05-25 00:59:07
TRF-0001,Riyadh-North,220.57,139.33,59.86,30.73,45.3,NORMAL,C,2026/05/25 00:59:07
TRF-0002,Riyadh-East,237.94,389.5,59.9,92.68,45.1,NORMAL,C,25-05-2026 00:59
TRF-0003,Jeddah-Main,239.98,133.71,60.17,32.09,36.4,NORMAL,A,20260525T005907
CORRUPTED_DATA_###!!!@@@@
TRF-0004,Jeddah-Industrial,224.96,451.38,59.81,101.54,44.5,NORMAL,A,20260525T005907
TRF-0005,Dammam-Central,222.61,180.3,59.94,40.14,31.3,NORMAL,B,25-05-2026 00:59
TRF-0006,Dammam-Port,236.54,132.98,60.1,31.46,42.6,NORMAL,B,05/25/2026 00:59:07
TRF-0007,Mecca-Haram,234.19,226.74,59.9,53.1,37.5,NORMAL,A,20260525T005907
TRF-0008,Medina-Central,234.65,181.29,60.03,42.54,58.8,NORMAL,B,05/25/2026 00:59:07
TRF-0009,Abha-City,221.0,223.19,60.18,49.32,43.7,NORMAL,B,25-05-2026 00:59
TRF-0010,Tabuk-Center,226.8,125.58,60.1,28.48,46.2,NORMAL,B,20260525T005907
TRF-0001,Riyadh-North,232.48,274.3,60.08,63.77,51.0,NORMAL,B,05/25/2026 00:59:07
TRF-0002,Riyadh-East,239.73,422.66,59.81,101.32,50.3,NORMAL,C,20260525T005907
TRF-0003,Jeddah-Main,237.07,150.06,59.82,35.57,37.0,NORMAL,B,25-05-2026 00:59
TRF-0004,Jeddah-Industrial,235.79,318.24,60.1,75.04,31.6,NORMAL,C,05/25/2026 00:59:07
TRF-0005,Dammam-Central,228.0,399.59,60.13,91.11,52.9,NORMAL,C,2026-05-25 00:59:07
TRF-0006,Dammam-Port,227.83,391.41,59.83,89.17,40.1,NORMAL,A,05/25/2026 00:59:07
TRF-0007,Mecca-Haram,239.94,364.24,59.89,87.4,43.3,NORMAL,B,2026/05/25 00:59:07
TRF-0008,Medina-Central,222.98,362.28,59.98,80.78,34.0,NORMAL,B,25-05-2026 00:59
TRF-0009,Abha-City,232.02,373.73,60.04,86.71,34.7,NORMAL,C,2026-05-25 00:59:07
TRF-0010,Tabuk-Center,220.98,249.78,59.94,55.2,36.6,NORMAL,C,05/25/2026 00:59:07
TRF-0001,Riyadh-North,223.17,408.68,59.84,91.21,61.5,NORMAL,A,2026/05/25 00:59:07
TRF-0002,Riyadh-East,228.19,266.4,60.11,60.79,61.0,NORMAL,B,2026-05-25 00:59:07
TRF-0003,Jeddah-Main,238.77,423.82,59.89,101.2,43.6,NORMAL,B,25-05-2026 00:59
TRF-0004,Jeddah-Industrial,236.12,348.13,60.17,82.2,50.4,NORMAL,A,25-05-2026 00:59
TRF-0005,Dammam-Central,232.95,366.67,60.15,85.42,58.1,NORMAL,C,2026-05-25 00:59:07
TRF-0006,Dammam-Port,224.32,149.57,60.11,33.55,44.1,NORMAL,A,25-05-2026 00:59
TRF-0007,Mecca-Haram,230.34,360.78,60.2,83.1,44.8,NORMAL,A,2026-05-25 00:59:07
TRF-0008,Medina-Central,230.02,477.08,64.74,109.74,30.9,FREQ_DRIFT,B,25-05-2026 00:59
TRF-0009,Abha-City,225.29,422.51,60.03,95.19,42.1,NORMAL,C,05/25/2026 00:59:07
TRF-0010,Tabuk-Center,229.07,430.78,60.05,98.68,56.1,NORMAL,A,2026/05/25 00:59:07
TRF-0001,Riyadh-North,230.67,499.55,59.82,115.23,54.4,NORMAL,B,20260525T005907
TRF-0002,Riyadh-East,229.85,379.36,60.07,87.2,34.4,NORMAL,B,2026-05-25 00:59:07
TRF-0003,Jeddah-Main,227.18,405.6,59.82,92.14,64.2,NORMAL,B,2026/05/25 00:59:07
TRF-0003,Jeddah-Main,227.18,405.6,59.82,92.14,64.2,NORMAL,B,2026/05/25 00:59:07
TRF-0004,Jeddah-Industrial,232.73,299.09,60.16,69.61,40.2,NORMAL,C,05/25/2026 00:59:07
TRF-0005,Dammam-Central,224.89,315.93,59.9,71.05,61.6,NORMAL,B,2026-05-25 00:59:07
TRF-0006,Dammam-Port,234.15,189.98,60.12,44.48,30.1,NORMAL,B,2026-05-25 00:59:07
TRF-0007,Mecca-Haram,223.32,448.76,60.2,100.22,43.1,NORMAL,C,2026-05-25 00:59:07
TRF-0008,Medina-Central,220.9,188.48,59.96,41.64,39.4,NORMAL,C,25-05-2026 00:59
TRF-0009,Abha-City,239.64,371.62,60.15,89.06,30.5,NORMAL,B,25-05-2026 00:59
TRF-0010,Tabuk-Center,233.61,310.74,59.95,72.59,44.4,NORMAL,B,2026-05-25 00:59:07
TRF-0001,Riyadh-North,227.95,431.01,59.99,98.25,54.7,NORMAL,B,05/25/2026 00:59:07
TRF-0002,Riyadh-East,225.86,348.45,60.09,78.7,64.4,NORMAL,B,2026-05-25 00:59:07
TRF-0003,Jeddah-Main,223.1,469.92,59.84,104.84,39.2,NORMAL,B,25-05-2026 00:59
TRF-0004,Jeddah-Industrial,225.86,383.73,59.85,86.67,52.0,NORMAL,B,20260525T005907
TRF-0005,Dammam-Central,221.62,393.14,59.93,87.13,44.7,NORMAL,B,05/25/2026 00:59:07
TRF-0006,Dammam-Port,228.32,100.27,60.03,22.89,48.2,NORMAL,C,05/25/2026 00:59:07
TRF-0007,Mecca-Haram,232.59,210.13,59.86,48.87,45.6,NORMAL,C,20260525T005907
TRF-0008,Medina-Central,236.39,127.98,60.08,30.25,31.7,NORMAL,B,2026-05-25 00:59:07
TRF-0009,Abha-City,225.66,398.26,59.82,89.87,31.0,NORMAL,A,05/25/2026 00:59:07
TRF-0010,Tabuk-Center,226.46,186.4,60.08,42.21,51.7,NORMAL,C,20260525T005907
TRF-0001,Riyadh-North,239.84,471.93,59.94,113.19,61.5,NORMAL,B,2026/05/25 00:59:07
TRF-0002,Riyadh-East,222.44,150.4,59.89,33.45,64.9,NORMAL,A,2026-05-25 00:59:07
TRF-0002,Riyadh-East,222.44,150.4,59.89,33.45,64.9,NORMAL,A,2026-05-25 00:59:07
TRF-0003,Jeddah-Main,228.82,399.3,59.87,91.37,42.3,NORMAL,C,25-05-2026 00:59
TRF-0004,Jeddah-Industrial,227.83,364.94,59.81,83.14,45.1,NORMAL,C,25-05-2026 00:59
TRF-0005,Dammam-Central,221.95,382.87,60.18,84.98,50.6,NORMAL,C,2026/05/25 00:59:07
TRF-0006,Dammam-Port,223.14,210.59,60.0,46.99,55.8,NORMAL,B,25-05-2026 00:59
TRF-0007,Mecca-Haram,221.12,461.99,59.88,102.16,50.2,NORMAL,A,25-05-2026 00:59
TRF-0008,Medina-Central,234.94,451.09,60.13,105.98,56.2,NORMAL,B,20260525T005907
TRF-0009,Abha-City,238.47,450.86,60.19,107.52,36.7,NORMAL,C,25-05-2026 00:59
TRF-0010,Tabuk-Center,238.17,350.72,59.89,83.53,62.7,NORMAL,B,05/25/2026 00:59:07
TRF-0010,Tabuk-Center,238.17,350.72,59.89,83.53,62.7,NORMAL,B,05/25/2026 00:59:07
TRF-0001,Riyadh-North,229.69,269.29,59.96,61.85,64.0,NORMAL,B,2026/05/25 00:59:07
TRF-0002,Riyadh-East,233.09,430.53,59.86,100.35,37.2,NORMAL,B,2026/05/25 00:59:07
TRF-0003,Jeddah-Main,227.59,315.0,60.06,71.69,40.8,NORMAL,A,25-05-2026 00:59
TRF-0004,Jeddah-Industrial,220.77,428.33,59.95,94.56,42.1,NORMAL,B,25-05-2026 00:59
TRF-0005,Dammam-Central,229.84,167.36,60.07,38.47,43.2,NORMAL,B,2026/05/25 00:59:07
TRF-0006,Dammam-Port,221.35,347.39,60.14,76.89,39.3,NORMAL,C,05/25/2026 00:59:07

TRF-0007,Mecca-Haram,230.49,371.76,59.98,85.69,59.4,NORMAL,B,20260525T005907
TRF-0008,Medina-Central,235.28,185.24,60.16,43.58,43.9,NORMAL,C,05/25/2026 00:59:07
TRF-0009,Abha-City,233.48,330.32,59.86,77.12,62.0,NORMAL,B,25-05-2026 00:59
TRF-0010,Tabuk-Center,239.68,388.02,60.0,93.0,56.2,NORMAL,A,2026-05-25 00:59:07
TRF-0001,Riyadh-North,225.87,430.53,59.82,97.24,50.5,NORMAL,C,2026/05/25 00:59:07
TRF-0002,Riyadh-East,232.22,128.31,60.05,29.8,53.5,NORMAL,A,20260525T005907
TRF-0003,Jeddah-Main,236.7,456.35,59.85,108.02,53.9,NORMAL,A,2026-05-25 00:59:07
TRF-0004,Jeddah-Industrial,236.57,420.89,59.88,99.57,32.1,NORMAL,A,25-05-2026 00:59
TRF-0005,Dammam-Central,222.92,201.73,60.14,44.97,30.3,NORMAL,B,2026-05-25 00:59:07
TRF-0006,Dammam-Port,233.27,102.71,60.05,23.96,52.5,NORMAL,C,2026/05/25 00:59:07
TRF-0007,Mecca-Haram,227.96,191.03,60.03,43.55,38.7,NORMAL,B,25-05-2026 00:59
TRF-0008,Medina-Central,238.94,123.34,59.96,29.47,57.6,NORMAL,C,25-05-2026 00:59
TRF-0009,Abha-City,229.84,362.43,59.81,83.3,45.5,NORMAL,C,2026-05-25 00:59:07
TRF-0010,Tabuk-Center,230.5,379.05,59.91,87.37,52.4,NORMAL,B,2026/05/25 00:59:07
TRF-0001,Riyadh-North,221.87,488.56,60.01,108.4,34.9,NORMAL,C,2026/05/25 00:59:07
TRF-0002,Riyadh-East,235.76,319.85,60.07,75.41,51.7,NORMAL,B,25-05-2026 00:59
TRF-0003,Jeddah-Main,237.6,371.1,59.99,88.17,50.5,NORMAL,B,2026-05-25 00:59:07
TRF-0004,Jeddah-Industrial,235.57,304.46,60.19,71.72,34.9,NORMAL,B,2026/05/25 00:59:07
TRF-0005,Dammam-Central,230.02,326.36,60.17,75.07,48.5,NORMAL,C,05/25/2026 00:59:07
TRF-0006,Dammam-Port,225.93,342.38,59.81,77.35,42.8,NORMAL,C,05/25/2026 00:59:07
TRF-0007,Mecca-Haram,220.54,160.87,59.94,35.48,35.1,NORMAL,B,2026-05-25 00:59:07
TRF-0008,Medina-Central,229.02,487.09,59.92,111.55,51.5,NORMAL,C,20260525T005907
TRF-0009,Abha-City,222.06,365.96,59.96,81.27,31.1,NORMAL,B,20260525T005907
TRF-0010,Tabuk-Center,228.83,307.72,60.13,70.42,36.1,NORMAL,A,20260525T005907
TRF-0001,Riyadh-North,238.36,248.58,59.9,59.25,52.0,NORMAL,A,20260525T005907
TRF-0002,Riyadh-East,227.96,429.96,60.13,98.01,40.4,NORMAL,A,20260525T005907
TRF-0003,Jeddah-Main,237.78,449.81,60.18,106.96,34.0,NORMAL,C,20260525T005907
TRF-0004,Jeddah-Industrial,238.64,105.05,59.97,25.07,30.7,NORMAL,C,25-05-2026 00:59
TRF-0005,Dammam-Central,234.67,333.83,60.19,78.34,51.1,NORMAL,B,25-05-2026 00:59
TRF-0006,Dammam-Port,232.71,445.41,60.08,103.65,54.0,NORMAL,C,2026/05/25 00:59:07
TRF-0007,Mecca-Haram,226.41,408.31,60.0,92.45,55.9,NORMAL,C,05/25/2026 00:59:07
TRF-0008,Medina-Central,235.29,158.17,60.19,37.22,47.7,NORMAL,A,2026-05-25 00:59:07
TRF-0009,Abha-City,227.81,100.85,59.82,22.97,61.1,NORMAL,A,20260525T005907
TRF-0010,Tabuk-Center,223.68,139.02,60.14,31.1,43.3,NORMAL,C,25-05-2026 00:59
TRF-0001,Riyadh-North,232.58,137.99,60.18,32.09,56.0,NORMAL,A,25-05-2026 00:59
TRF-0002,Riyadh-East,223.7,488.68,59.95,109.32,54.6,NORMAL,C,2026/05/25 00:59:07
TRF-0003,Jeddah-Main,220.73,227.69,60.03,50.26,63.0,NORMAL,A,25-05-2026 00:59
TRF-0004,Jeddah-Industrial,236.52,164.92,60.16,39.01,51.4,NORMAL,C,2026/05/25 00:59:07
TRF-0005,Dammam-Central,238.14,375.71,59.86,89.47,48.7,NORMAL,B,25-05-2026 00:59
TRF-0006,Dammam-Port,229.0,,60.01,105.75,48.9,NORMAL,B,05/25/2026 00:59:07

TRF-0007,Mecca-Haram,223.07,352.84,60.15,78.71,64.9,NORMAL,B,2026/05/25 00:59:07
TRF-0008,Medina-Central,224.2,230.46,60.02,51.67,61.8,NORMAL,B,2026/05/25 00:59:07
TRF-0009,Abha-City,220.24,261.56,59.82,57.61,57.1,NORMAL,B,05/25/2026 00:59:07
TRF-0010,Tabuk-Center,228.06,433.2,60.2,98.8,60.4,NORMAL,A,05/25/2026 00:59:07
TRF-0001,Riyadh-North,237.11,329.16,59.81,78.05,34.6,NORMAL,C,05/25/2026 00:59:07
TRF-0002,Riyadh-East,222.09,471.02,60.07,104.61,57.5,NORMAL,C,05/25/2026 00:59:07
TRF-0003,Jeddah-Main,221.79,147.95,60.08,32.81,49.2,NORMAL,C,25-05-2026 00:59
TRF-0004,Jeddah-Industrial,225.3,436.73,60.15,98.4,59.2,NORMAL,C,05/25/2026 00:59:07
TRF-0005,Dammam-Central,229.79,242.13,59.88,55.64,61.9,NORMAL,B,2026/05/25 00:59:07
TRF-0006,Dammam-Port,233.92,109.36,59.85,25.58,33.2,NORMAL,C,25-05-2026 00:59
TRF-0007,Mecca-Haram,220.25,113.05,59.84,24.9,38.1,NORMAL,B,20260525T005907
TRF-0008,Medina-Central,235.2,403.92,59.94,95.0,37.7,NORMAL,B,25-05-2026 00:59
TRF-0009,Abha-City,234.81,357.21,60.05,83.88,33.6,NORMAL,A,25-05-2026 00:59
TRF-0010,Tabuk-Center,222.29,326.59,59.99,72.6,58.8,NORMAL,B,05/25/2026 00:59:07
TRF-0001,Riyadh-North,223.16,217.13,60.03,48.45,38.5,NORMAL,A,2026-05-25 00:59:07
TRF-0002,Riyadh-East,227.63,278.0,60.0,63.28,64.6,NORMAL,B,25-05-2026 00:59
TRF-0003,Jeddah-Main,232.22,366.01,59.99,84.99,30.9,NORMAL,B,05/25/2026 00:59:07
TRF-0004,Jeddah-Industrial,227.95,427.98,59.91,97.56,38.7,NORMAL,C,20260525T005907
TRF-0005,Dammam-Central,232.5,330.16,59.86,76.76,31.2,NORMAL,A,20260525T005907
TRF-0006,Dammam-Port,237.76,440.91,59.93,104.83,59.8,NORMAL,A,25-05-2026 00:59
TRF-0007,Mecca-Haram,229.87,154.83,59.82,35.59,54.8,NORMAL,C,20260525T005907
TRF-0008,Medina-Central,230.87,405.13,59.98,93.53,41.7,NORMAL,A,05/25/2026 00:59:07
TRF-0009,Abha-City,238.32,404.63,60.16,96.43,42.1,NORMAL,B,2026/05/25 00:59:07
TRF-0010,Tabuk-Center,225.38,1160.98,59.97,243.43,114.6,OVERLOAD,A,25-05-2026 00:59
TRF-0001,Riyadh-North,230.35,318.22,59.91,73.3,32.3,NORMAL,B,2026-05-25 00:59:07
TRF-0002,Riyadh-East,222.56,369.89,60.06,82.32,43.5,NORMAL,B,20260525T005907
TRF-0003,Jeddah-Main,236.45,350.35,59.85,82.84,41.9,NORMAL,B,2026/05/25 00:59:07
TRF-0004,Jeddah-Industrial,237.57,334.41,59.87,79.45,50.8,NORMAL,B,2026/05/25 00:59:07
TRF-0005,Dammam-Central,237.28,330.0,59.84,78.3,56.3,NORMAL,C,2026-05-25 00:59:07
TRF-0006,Dammam-Port,223.89,157.81,60.18,35.33,61.5,NORMAL,B,20260525T005907
TRF-0007,Mecca-Haram,220.91,170.69,59.97,37.71,49.2,NORMAL,A,05/25/2026 00:59:07
TRF-0008,Medina-Central,231.26,220.29,60.1,50.94,64.5,NORMAL,C,2026/05/25 00:59:07
TRF-0009,Abha-City,229.04,337.31,59.93,77.26,62.2,NORMAL,B,20260525T005907
TRF-0010,Tabuk-Center,236.41,378.38,60.04,89.45,44.9,NORMAL,B,25-05-2026 00:59
TRF-0001,Riyadh-North,235.17,197.02,60.1,46.33,53.7,NORMAL,A,2026-05-25 00:59:07
TRF-0001,Riyadh-North,235.17,197.02,60.1,46.33,53.7,NORMAL,A,2026-05-25 00:59:07
TRF-0002,Riyadh-East,230.24,350.19,60.07,80.63,49.6,NORMAL,C,2026/05/25 00:59:07
TRF-0003,Jeddah-Main,239.29,319.01,60.09,76.34,30.6,NORMAL,C,05/25/2026 00:59:07
TRF-0004,Jeddah-Industrial,227.47,191.67,60.1,43.6,48.0,NORMAL,B,20260525T005907
TRF-0005,Dammam-Central,233.38,247.02,59.89,57.65,38.2,NORMAL,C,20260525T005907
TRF-0006,Dammam-Port,239.67,192.86,59.86,46.22,40.7,NORMAL,A,25-05-2026 00:59
TRF-0007,Mecca-Haram,228.82,298.91,60.02,68.4,43.9,NORMAL,A,2026-05-25 00:59:07
TRF-0008,Medina-Central,234.77,459.16,60.09,107.8,41.8,NORMAL,A,05/25/2026 00:59:07
TRF-0009,Abha-City,231.41,1172.36,59.86,274.14,110.5,OVERLOAD,C,25-05-2026 00:59
TRF-0010,Tabuk-Center,227.36,242.69,59.93,55.18,52.1,NORMAL,C,2026-05-25 00:59:07
TRF-0001,Riyadh-North,220.22,358.98,60.03,79.05,62.9,NORMAL,C,20260525T005907
TRF-0002,Riyadh-East,225.56,371.99,60.08,83.91,60.8,NORMAL,B,2026-05-25 00:59:07
TRF-0003,Jeddah-Main,231.02,440.23,60.09,101.7,31.3,NORMAL,A,25-05-2026 00:59
TRF-0004,Jeddah-Industrial,232.83,449.11,59.86,104.57,40.4,NORMAL,B,2026-05-25 00:59:07
TRF-0005,Dammam-Central,230.78,936.34,60.15,292.72,116.0,OVERLOAD,C,2026/05/25 00:59:07
TRF-0006,Dammam-Port,223.75,331.76,59.94,74.23,34.4,NORMAL,A,05/25/2026 00:59:07
TRF-0007,Mecca-Haram,239.41,335.75,60.18,80.38,49.8,NORMAL,B,2026-05-25 00:59:07
TRF-0008,Medina-Central,230.57,499.12,60.19,115.08,,NORMAL,A,20260525T005907
TRF-0009,Abha-City,233.82,212.77,59.81,49.75,61.7,NORMAL,A,25-05-2026 00:59
TRF-0010,Tabuk-Center,223.96,406.26,60.01,90.99,46.2,NORMAL,B,05/25/2026 00:59:07
TRF-0001,Riyadh-North,228.37,181.21,60.04,41.38,31.0,NORMAL,B,2026/05/25 00:59:07
TRF-0002,Riyadh-East,225.4,139.21,59.83,31.38,47.8,NORMAL,A,2026/05/25 00:59:07
TRF-0003,Jeddah-Main,233.67,419.13,60.17,97.94,42.4,NORMAL,C,05/25/2026 00:59:07
TRF-0004,Jeddah-Industrial,222.61,214.8,60.01,47.82,37.5,NORMAL,C,2026/05/25 00:59:07
TRF-0005,Dammam-Central,238.61,277.02,59.87,66.1,57.2,NORMAL,A,2026-05-25 00:59:07
TRF-0006,Dammam-Port,224.01,214.79,60.05,48.12,59.2,NORMAL,C,25-05-2026 00:59
;;;;;
TRF-0007,Mecca-Haram,238.92,293.66,59.94,70.16,49.4,NORMAL,A,2026/05/25 00:59:07
TRF-0008,Medina-Central,231.28,167.29,59.83,38.69,44.3,NORMAL,C,2026-05-25 00:59:07
SENSOR_ERROR_0xFFA2
TRF-0009,Abha-City,220.52,205.54,60.05,45.33,53.3,NORMAL,A,25-05-2026 00:59
TRF-0010,Tabuk-Center,223.01,486.69,60.15,108.54,48.4,NORMAL,B,25-05-2026 00:59
TRF-0001,Riyadh-North,235.02,320.11,60.07,75.23,56.8,NORMAL,B,05/25/2026 00:59:07
TRF-0002,Riyadh-East,231.15,229.79,60.13,53.12,41.4,NORMAL,C,2026/05/25 00:59:07
TRF-0003,Jeddah-Main,239.78,425.02,60.18,101.91,59.1,NORMAL,C,2026/05/25 00:59:07
TRF-0004,Jeddah-Industrial,220.37,228.65,59.86,50.39,250.0,OVERHEAT,B,2026/05/25 00:59:07
TRF-0005,Dammam-Central,225.08,331.83,59.94,74.69,33.1,NORMAL,C,05/25/2026 00:59:07
TRF-0006,Dammam-Port,237.25,102.64,59.83,24.35,47.5,NORMAL,C,2026-05-25 00:59:07
TRF-0007,Mecca-Haram,221.14,246.78,60.03,54.57,56.7,NORMAL,A,2026/05/25 00:59:07
TRF-0008,Medina-Central,232.49,330.21,59.84,76.77,47.8,NORMAL,C,2026/05/25 00:59:07
TRF-0009,Abha-City,230.65,0.0,59.94,0.0,43.4,OUTAGE,C,2026/05/25 00:59:07
TRF-0010,Tabuk-Center,239.6,485.52,59.82,116.33,37.2,NORMAL,B,2026/05/25 00:59:07
TRF-0001,Riyadh-North,221.96,376.53,60.14,83.57,46.9,NORMAL,B,25-05-2026 00:59
TRF-0002,Riyadh-East,227.65,416.76,59.94,94.88,32.4,NORMAL,B,05/25/2026 00:59:07
TRF-0003,Jeddah-Main,238.41,245.01,59.91,58.41,56.9,NORMAL,A,2026-05-25 00:59:07
TRF-0004,Jeddah-Industrial,234.84,134.15,59.84,31.5,47.1,NORMAL,B,2026-05-25 00:59:07
TRF-0005,Dammam-Central,234.78,114.47,60.08,26.88,51.0,NORMAL,B,2026-05-25 00:59:07
TRF-0006,Dammam-Port,239.31,370.3,59.89,88.62,31.0,NORMAL,C,2026/05/25 00:59:07
TRF-0007,Mecca-Haram,228.23,273.28,60.13,62.37,32.8,NORMAL,C,20260525T005907
TRF-0008,Medina-Central,239.06,192.87,60.11,46.11,47.5,NORMAL,B,2026/05/25 00:59:07
TRF-0009,Abha-City,220.63,202.8,60.15,44.74,45.8,NORMAL,C,25-05-2026 00:59
TRF-0010,Tabuk-Center,235.83,477.69,59.81,112.65,61.8,NORMAL,C,2026-05-25 00:59:07
TRF-0001,Riyadh-North,235.31,416.47,60.05,98.0,34.2,NORMAL,B,20260525T005908
TRF-0002,Riyadh-East,228.58,306.48,60.01,70.06,51.2,NORMAL,C,25-05-2026 00:59
TRF-0003,Jeddah-Main,232.14,485.72,59.83,112.76,47.6,NORMAL,B,20260525T005908
TRF-0004,Jeddah-Industrial,-230,268.73,60.16,61.92,38.1,NORMAL,B,20260525T005908
TRF-0004,Jeddah-Industrial,-230,268.73,60.16,61.92,38.1,NORMAL,B,20260525T005908
TRF-0005,Dammam-Central,227.59,298.23,59.85,67.87,57.4,NORMAL,B,20260525T005908
TRF-0006,Dammam-Port,228.37,294.03,59.93,67.15,38.2,NORMAL,B,20260525T005908
TRF-0007,Mecca-Haram,221.38,463.23,50.41,102.55,38.0,FREQ_DRIFT,B,25-05-2026 00:59
TRF-0008,Medina-Central,225.17,292.97,60.18,65.97,59.3,NORMAL,A,20260525T005908
TRF-0009,Abha-City,237.43,159.32,60.2,37.83,49.0,NORMAL,C,05/25/2026 00:59:08
TRF-0010,Tabuk-Center,233.46,334.71,59.87,78.14,53.2,NORMAL,B,2026-05-25 00:59:08
TRF-0001,Riyadh-North,229.28,180.65,59.87,41.42,31.3,NORMAL,B,20260525T005908
TRF-0002,Riyadh-East,233.67,499.35,60.13,116.68,42.0,NORMAL,A,05/25/2026 00:59:08
TRF-0003,Jeddah-Main,222.56,367.37,60.12,81.76,35.2,NORMAL,C,25-05-2026 00:59
TRF-0004,Jeddah-Industrial,223.0,305.51,60.01,68.13,42.6,NORMAL,C,20260525T005908
TRF-0005,Dammam-Central,220.75,285.45,60.13,63.01,32.8,NORMAL,A,05/25/2026 00:59:08
TRF-0006,Dammam-Port,239.49,263.52,59.99,63.11,42.1,NORMAL,A,25-05-2026 00:59
TRF-0007,Mecca-Haram,229.98,310.26,60.03,71.35,62.3,NORMAL,C,2026/05/25 00:59:08
TRF-0008,Medina-Central,222.43,218.18,59.87,48.53,31.5,NORMAL,C,2026/05/25 00:59:08
TRF-0009,Abha-City,239.21,482.79,59.87,115.49,48.9,NORMAL,A,25-05-2026 00:59
TRF-0010,Tabuk-Center,225.4,279.43,59.93,62.98,32.7,NORMAL,B,2026-05-25 00:59:08
TRF-0010,Tabuk-Center,225.4,279.43,59.93,62.98,32.7,NORMAL,B,2026-05-25 00:59:08
TRF-0001,Riyadh-North,223.48,347.42,59.88,77.64,54.1,NORMAL,C,2026/05/25 00:59:08
TRF-0002,Riyadh-East,233.79,424.85,60.12,99.33,48.5,NORMAL,B,25-05-2026 00:59
TRF-0003,Jeddah-Main,231.57,203.04,60.1,47.02,42.7,NORMAL,A,2026-05-25 00:59:08
TRF-0004,Jeddah-Industrial,228.19,470.32,60.11,107.32,56.3,NORMAL,A,20260525T005908
TRF-0005,Dammam-Central,236.28,170.29,60.09,40.24,40.1,NORMAL,B,25-05-2026 00:59
TRF-0006,Dammam-Port,235.7,298.25,59.92,70.3,64.5,NORMAL,B,25-05-2026 00:59
TRF-0007,Mecca-Haram,228.55,371.14,59.91,84.82,36.6,NORMAL,B,2026/05/25 00:59:08
TRF-0008,Medina-Central,239.1,228.41,60.02,54.61,51.0,NORMAL,C,20260525T005908
TRF-0009,Abha-City,224.18,211.27,60.14,47.36,38.0,NORMAL,C,2026-05-25 00:59:08
TRF-0010,Tabuk-Center,220.06,154.42,60.2,33.98,61.6,NORMAL,C,05/25/2026 00:59:08
TRF-0001,Riyadh-North,235.27,262.91,60.14,61.85,58.9,NORMAL,A,2026-05-25 00:59:08
TRF-0002,Riyadh-East,235.25,342.79,59.98,80.64,62.8,NORMAL,B,2026-05-25 00:59:08
TRF-0003,Jeddah-Main,221.19,277.27,59.87,61.33,62.9,NORMAL,C,25-05-2026 00:59
TRF-0003,Jeddah-Main,221.19,277.27,59.87,61.33,62.9,NORMAL,C,25-05-2026 00:59
TRF-0004,Jeddah-Industrial,229.05,301.62,59.8,69.09,61.8,NORMAL,B,2026-05-25 00:59:08
TRF-0005,Dammam-Central,228.91,147.23,60.1,33.7,48.2,NORMAL,C,05/25/2026 00:59:08
TRF-0006,Dammam-Port,237.77,380.05,59.85,90.36,46.6,NORMAL,B,25-05-2026 00:59
TRF-0007,Mecca-Haram,238.97,399.29,60.04,95.42,53.6,NORMAL,C,25-05-2026 00:59
TRF-0008,Medina-Central,221.51,370.82,60.11,82.14,44.7,NORMAL,C,2026-05-25 00:59:08
TRF-0009,Abha-City,232.62,194.25,59.93,45.19,50.3,NORMAL,C,2026/05/25 00:59:08
TRF-0010,Tabuk-Center,223.75,218.95,60.15,48.99,45.1,NORMAL,C,2026/05/25 00:59:08
TRF-0001,Riyadh-North,220.64,220.93,60.19,48.75,51.1,NORMAL,C,25-05-2026 00:59
TRF-0002,Riyadh-East,220.21,181.68,59.85,40.01,49.8,NORMAL,C,05/25/2026 00:59:08
TRF-0003,Jeddah-Main,226.76,154.37,60.15,35.0,36.7,NORMAL,A,2026-05-25 00:59:08
TRF-0004,Jeddah-Industrial,237.63,252.5,59.86,60.0,63.1,NORMAL,B,2026/05/25 00:59:08
TRF-0005,Dammam-Central,237.9,323.43,60.13,76.94,54.8,NORMAL,C,2026-05-25 00:59:08
TRF-0006,Dammam-Port,223.52,316.17,60.2,70.67,36.0,NORMAL,B,05/25/2026 00:59:08
TRF-0007,Mecca-Haram,225.86,202.74,60.08,45.79,37.3,NORMAL,C,20260525T005908
TRF-0008,Medina-Central,235.47,134.7,59.8,31.72,36.9,NORMAL,A,2026-05-25 00:59:08
TRF-0009,Abha-City,229.77,187.49,60.09,43.08,51.4,NORMAL,B,2026-05-25 00:59:08
TRF-0010,Tabuk-Center,221.9,171.72,59.93,38.1,59.6,NORMAL,C,20260525T005908
TRF-0001,Riyadh-North,230.43,379.3,60.16,87.4,32.2,NORMAL,B,20260525T005908
TRF-0002,Riyadh-East,228.59,160.01,59.86,36.58,57.5,NORMAL,A,25-05-2026 00:59
TRF-0003,Jeddah-Main,238.0,329.65,59.84,78.46,53.5,NORMAL,C,05/25/2026 00:59:08
TRF-0003,Jeddah-Main,238.0,329.65,59.84,78.46,53.5,NORMAL,C,05/25/2026 00:59:08
TRF-0004,Jeddah-Industrial,220.13,115.87,60.01,25.51,49.6,NORMAL,B,2026-05-25 00:59:08
TRF-0005,Dammam-Central,221.91,224.08,59.98,49.73,42.1,NORMAL,A,25-05-2026 00:59
TRF-0006,Dammam-Port,235.91,380.3,59.84,89.72,64.6,NORMAL,B,05/25/2026 00:59:08
TRF-0007,Mecca-Haram,222.75,177.3,59.88,39.49,54.9,NORMAL,C,05/25/2026 00:59:08
TRF-0008,Medina-Central,226.0,389.56,59.81,88.04,32.1,NORMAL,C,2026-05-25 00:59:08
TRF-0009,Abha-City,229.31,455.77,60.14,104.51,250.0,OVERHEAT,C,20260525T005908
TRF-0010,Tabuk-Center,237.96,222.31,60.12,52.9,45.9,NORMAL,B,05/25/2026 00:59:08
TRF-0001,Riyadh-North,233.38,147.93,59.94,34.52,41.2,NORMAL,B,05/25/2026 00:59:08
TRF-0002,Riyadh-East,239.88,377.98,59.91,90.67,56.6,NORMAL,B,05/25/2026 00:59:08
TRF-0003,Jeddah-Main,225.59,206.3,59.98,46.54,64.5,NORMAL,A,2026/05/25 00:59:08
TRF-0004,Jeddah-Industrial,221.82,340.61,59.97,75.55,63.4,NORMAL,B,05/25/2026 00:59:08
TRF-0005,Dammam-Central,239.25,459.2,59.82,109.86,37.1,NORMAL,B,2026/05/25 00:59:08
CORRUPTED_DATA_###!!!@@@@
TRF-0006,Dammam-Port,222.47,196.89,60.19,43.8,30.1,NORMAL,B,05/25/2026 00:59:08
TRF-0007,Mecca-Haram,235.31,303.29,60.03,71.37,250.0,OVERHEAT,A,2026/05/25 00:59:08
TRF-0008,Medina-Central,239.65,945.73,60.01,245.66,129.0,OVERLOAD,A,25-05-2026 00:59
TRF-0009,Abha-City,224.47,448.53,59.88,100.68,45.6,NORMAL,C,05/25/2026 00:59:08
TRF-0010,Tabuk-Center,234.54,489.69,59.8,114.85,48.4,NORMAL,A,20260525T005908
TRF-0001,Riyadh-North,230.81,237.91,59.84,54.91,49.9,NORMAL,A,25-05-2026 00:59
TRF-0002,Riyadh-East,234.38,380.44,59.91,89.17,63.4,NORMAL,B,2026/05/25 00:59:08
TRF-0003,Jeddah-Main,229.71,477.27,60.04,109.63,39.2,NORMAL,B,05/25/2026 00:59:08
TRF-0004,Jeddah-Industrial,239.42,400.97,59.82,96.0,48.2,NORMAL,B,20260525T005908
TRF-0005,Dammam-Central,239.23,439.82,59.8,105.22,40.2,NORMAL,B,05/25/2026 00:59:08
TRF-0006,Dammam-Port,230.42,348.96,59.93,80.41,53.1,NORMAL,B,05/25/2026 00:59:08
TRF-0007,Mecca-Haram,239.06,465.05,60.14,111.17,31.6,NORMAL,C,2026/05/25 00:59:08
TRF-0008,Medina-Central,238.19,445.29,59.92,106.06,45.6,NORMAL,B,2026/05/25 00:59:08
TRF-0009,Abha-City,232.45,126.96,60.04,29.51,51.9,NORMAL,A,20260525T005908
TRF-0010,Tabuk-Center,227.18,406.51,59.95,92.35,38.6,NORMAL,C,2026/05/25 00:59:08
TRF-0001,Riyadh-North,226.93,186.62,60.08,42.35,64.0,NORMAL,C,20260525T005908
TRF-0002,Riyadh-East,239.24,230.85,59.92,55.23,57.6,NORMAL,C,2026/05/25 00:59:08
TRF-0003,Jeddah-Main,225.52,367.8,60.14,82.95,44.5,NORMAL,B,20260525T005908
TRF-0004,Jeddah-Industrial,221.9,158.74,59.84,35.22,58.9,NORMAL,A,20260525T005908
TRF-0005,Dammam-Central,233.89,135.57,60.17,31.71,59.0,NORMAL,B,2026-05-25 00:59:08
TRF-0006,Dammam-Port,234.82,188.37,59.83,44.23,34.6,NORMAL,B,2026/05/25 00:59:08
TRF-0007,Mecca-Haram,234.08,160.08,60.09,37.47,64.7,NORMAL,B,25-05-2026 00:59
TRF-0008,Medina-Central,225.3,198.66,60.03,44.76,36.3,NORMAL,A,05/25/2026 00:59:08
TRF-0009,Abha-City,223.07,185.46,60.02,41.37,34.7,NORMAL,C,20260525T005908
TRF-0010,Tabuk-Center,220.93,331.47,60.11,73.23,33.7,NORMAL,B,20260525T005908
TRF-0001,Riyadh-North,237.46,302.03,60.16,71.72,52.2,NORMAL,C,2026/05/25 00:59:08
TRF-0001,Riyadh-North,237.46,302.03,60.16,71.72,52.2,NORMAL,C,2026/05/25 00:59:08
TRF-0002,Riyadh-East,229.89,1126.98,59.88,294.25,119.5,OVERLOAD,A,05/25/2026 00:59:08
TRF-0003,Jeddah-Main,231.49,157.39,60.17,36.43,48.4,NORMAL,B,2026/05/25 00:59:08
TRF-0004,Jeddah-Industrial,236.44,238.03,59.99,56.28,41.0,NORMAL,C,20260525T005908
TRF-0005,Dammam-Central,233.55,334.62,59.92,78.15,30.7,NORMAL,B,25-05-2026 00:59
TRF-0006,Dammam-Port,225.06,356.18,59.81,80.16,64.7,NORMAL,C,2026-05-25 00:59:08
TRF-0007,Mecca-Haram,232.66,461.13,59.98,107.29,36.1,NORMAL,A,2026-05-25 00:59:08
TRF-0008,Medina-Central,233.03,389.64,60.03,90.8,36.0,NORMAL,B,25-05-2026 00:59
TRF-0009,Abha-City,223.73,210.41,59.83,47.08,48.7,NORMAL,A,25-05-2026 00:59
TRF-0010,Tabuk-Center,230.64,230.23,59.85,53.1,41.7,NORMAL,C,2026-05-25 00:59:08
TRF-0010,Tabuk-Center,230.64,230.23,59.85,53.1,41.7,NORMAL,C,2026-05-25 00:59:08
TRF-0001,Riyadh-North,226.9,132.71,59.92,30.11,61.5,NORMAL,C,05/25/2026 00:59:08
TRF-0002,Riyadh-East,222.03,206.15,59.89,45.77,41.5,NORMAL,A,05/25/2026 00:59:08
TRF-0003,Jeddah-Main,222.93,473.51,60.15,105.56,35.9,NORMAL,C,2026-05-25 00:59:08
TRF-0004,Jeddah-Industrial,224.7,451.88,60.07,101.54,30.2,NORMAL,A,20260525T005908
TRF-0005,Dammam-Central,221.03,119.11,59.87,26.33,59.1,NORMAL,B,25-05-2026 00:59
TRF-0006,Dammam-Port,231.61,454.1,60.0,105.17,55.8,NORMAL,B,20260525T005908
TRF-0006,Dammam-Port,231.61,454.1,60.0,105.17,55.8,NORMAL,B,20260525T005908
TRF-0007,Mecca-Haram,221.32,122.44,60.17,27.1,42.0,NORMAL,A,25-05-2026 00:59
TRF-0008,Medina-Central,220.07,369.99,60.01,81.42,50.8,NORMAL,B,2026-05-25 00:59:08
TRF-0009,Abha-City,237.65,173.02,60.0,41.12,31.2,NORMAL,A,05/25/2026 00:59:08
TRF-0010,Tabuk-Center,230.77,365.74,59.91,84.4,41.8,NORMAL,C,2026-05-25 00:59:08
TRF-0001,Riyadh-North,234.85,474.91,60.02,111.53,56.9,NORMAL,B,05/25/2026 00:59:08
TRF-0002,Riyadh-East,228.25,272.42,,62.18,34.0,NORMAL,A,25-05-2026 00:59
TRF-0003,Jeddah-Main,226.61,330.75,60.12,74.95,38.4,NORMAL,C,20260525T005908
TRF-0004,Jeddah-Industrial,224.92,217.78,59.97,48.98,42.3,NORMAL,C,2026-05-25 00:59:08
TRF-0005,Dammam-Central,231.58,485.1,60.04,112.34,49.5,NORMAL,A,2026-05-25 00:59:08
TRF-0006,Dammam-Port,224.27,479.05,59.87,107.44,59.9,NORMAL,C,20260525T005908
TRF-0007,Mecca-Haram,232.49,394.26,60.09,91.66,,NORMAL,C,05/25/2026 00:59:08
TRF-0008,Medina-Central,227.51,263.36,59.89,59.92,42.5,NORMAL,B,25-05-2026 00:59
TRF-0009,Abha-City,225.7,113.64,59.99,25.65,63.5,NORMAL,B,20260525T005908
TRF-0010,Tabuk-Center,234.56,151.4,60.12,35.51,56.8,NORMAL,C,25-05-2026 00:59
TRF-0010,Tabuk-Center,234.56,151.4,60.12,35.51,56.8,NORMAL,C,25-05-2026 00:59
TRF-0001,Riyadh-North,239.82,167.65,59.87,40.21,52.9,NORMAL,C,2026-05-25 00:59:08
TRF-0002,Riyadh-East,225.19,195.91,60.02,44.12,46.6,NORMAL,C,05/25/2026 00:59:08
TRF-0003,Jeddah-Main,238.16,285.62,60.13,68.02,37.6,NORMAL,C,2026/05/25 00:59:08
TRF-0004,Jeddah-Industrial,233.59,161.08,59.95,37.63,41.2,NORMAL,A,2026/05/25 00:59:08
TRF-0005,Dammam-Central,230.47,259.96,60.05,59.91,47.8,NORMAL,B,2026-05-25 00:59:08
TRF-0006,Dammam-Port,227.16,203.05,60.0,46.12,44.1,NORMAL,B,2026/05/25 00:59:08
TRF-0007,Mecca-Haram,224.74,142.61,60.04,32.05,39.0,NORMAL,B,20260525T005908
TRF-0007,Mecca-Haram,224.74,142.61,60.04,32.05,39.0,NORMAL,B,20260525T005908
TRF-0008,Medina-Central,232.83,445.28,60.17,103.67,58.4,NORMAL,B,2026-05-25 00:59:08
TRF-0009,Abha-City,228.71,388.23,60.15,88.79,62.8,NORMAL,B,25-05-2026 00:59
TRF-0010,Tabuk-Center,229.28,452.14,60.04,103.67,42.0,NORMAL,C,25-05-2026 00:59
TRF-0001,Riyadh-North,227.66,201.28,59.98,45.82,57.6,NORMAL,C,05/25/2026 00:59:08
TRF-0002,Riyadh-East,224.41,305.79,59.98,68.62,52.7,NORMAL,A,05/25/2026 00:59:08
TRF-0003,Jeddah-Main,221.77,208.08,60.01,46.15,44.1,NORMAL,A,2026-05-25 00:59:08
TRF-0004,Jeddah-Industrial,225.47,175.72,59.95,39.62,44.0,NORMAL,A,20260525T005908
TRF-0005,Dammam-Central,223.51,317.41,59.9,70.94,36.1,NORMAL,B,20260525T005908
TRF-0006,Dammam-Port,238.3,247.44,59.92,,64.1,NORMAL,C,25-05-2026 00:59
TRF-0007,Mecca-Haram,228.94,234.08,59.84,53.59,30.9,NORMAL,B,2026-05-25 00:59:08
TRF-0008,Medina-Central,228.89,0.0,59.87,0.0,31.1,OUTAGE,A,05/25/2026 00:59:08
TRF-0009,Abha-City,234.14,238.37,59.95,55.81,33.9,NORMAL,C,2026/05/25 00:59:08
TRF-0010,Tabuk-Center,234.48,348.0,60.07,81.6,56.9,NORMAL,B,2026-05-25 00:59:08
TRF-0001,Riyadh-North,220.83,169.53,60.06,37.44,44.9,NORMAL,A,25-05-2026 00:59
TRF-0002,Riyadh-East,225.28,352.04,59.88,79.31,,NORMAL,B,2026/05/25 00:59:08
TRF-0003,Jeddah-Main,234.37,430.57,60.06,100.91,52.0,NORMAL,B,2026/05/25 00:59:08
TRF-0004,Jeddah-Industrial,226.15,320.03,59.86,72.37,47.4,NORMAL,B,05/25/2026 00:59:08
TRF-0005,Dammam-Central,231.92,488.33,60.15,113.25,47.1,NORMAL,B,20260525T005908
TRF-0006,Dammam-Port,233.24,454.25,60.17,105.95,47.8,NORMAL,C,2026/05/25 00:59:08
TRF-0007,Mecca-Haram,233.66,328.7,59.98,76.8,51.0,NORMAL,C,25-05-2026 00:59
TRF-0008,Medina-Central,235.89,347.53,60.06,81.98,57.2,NORMAL,A,2026/05/25 00:59:08
TRF-0009,Abha-City,239.78,380.13,59.92,91.15,36.7,NORMAL,B,2026/05/25 00:59:08
TRF-0010,Tabuk-Center,220.74,162.07,60.14,35.78,32.1,NORMAL,B,05/25/2026 00:59:08
TRF-0001,Riyadh-North,233.26,294.48,60.13,68.69,60.0,NORMAL,C,25-05-2026 00:59
TRF-0002,Riyadh-East,238.95,386.88,59.96,92.44,,NORMAL,C,2026/05/25 00:59:08
TRF-0003,Jeddah-Main,223.44,223.49,60.17,49.94,62.7,NORMAL,A,25-05-2026 00:59
TRF-0004,Jeddah-Industrial,226.99,109.23,59.98,24.79,60.1,NORMAL,C,2026/05/25 00:59:08
TRF-0005,Dammam-Central,220.03,455.12,51.19,100.14,45.8,FREQ_DRIFT,C,2026-05-25 00:59:08
TRF-0006,Dammam-Port,225.42,243.7,59.93,54.93,46.9,NORMAL,B,20260525T005908
TRF-0007,Mecca-Haram,230.57,138.05,59.85,31.83,40.9,NORMAL,C,2026-05-25 00:59:08
TRF-0008,Medina-Central,234.46,472.43,59.88,110.77,59.5,NORMAL,A,2026/05/25 00:59:08
TRF-0009,Abha-City,232.04,358.91,60.14,83.28,46.8,NORMAL,C,2026/05/25 00:59:08
TRF-0010,Tabuk-Center,226.66,442.47,60.16,100.29,35.5,NORMAL,C,2026/05/25 00:59:08
TRF-0001,Riyadh-North,226.01,162.69,59.84,36.77,52.2,NORMAL,C,2026-05-25 00:59:08
TRF-0002,Riyadh-East,238.15,197.05,60.04,46.93,39.6,NORMAL,A,05/25/2026 00:59:08
TRF-0003,Jeddah-Main,227.09,206.26,59.81,46.84,49.9,NORMAL,A,05/25/2026 00:59:08
TRF-0004,Jeddah-Industrial,231.75,364.63,60.02,84.5,33.8,NORMAL,A,2026/05/25 00:59:08
;;;;;
TRF-0005,Dammam-Central,228.35,330.55,59.97,75.48,45.3,NORMAL,A,2026-05-25 00:59:08
TRF-0006,Dammam-Port,223.4,121.74,59.93,27.2,62.9,NORMAL,B,20260525T005908
TRF-0007,Mecca-Haram,231.96,326.83,59.98,75.81,42.2,NORMAL,A,05/25/2026 00:59:08
TRF-0008,Medina-Central,232.08,272.71,60.03,63.29,37.6,NORMAL,A,2026/05/25 00:59:08
TRF-0009,Abha-City,222.25,430.07,59.96,95.58,59.2,NORMAL,A,25-05-2026 00:59
TRF-0010,Tabuk-Center,239.93,175.35,60.11,42.07,52.5,NORMAL,B,05/25/2026 00:59:08
TRF-0001,Riyadh-North,236.26,202.92,59.91,47.94,56.2,NORMAL,A,20260525T005908
TRF-0002,Riyadh-East,228.4,307.99,60.14,70.34,34.5,NORMAL,C,05/25/2026 00:59:08
TRF-0003,Jeddah-Main,222.05,279.07,60.12,61.97,44.1,NORMAL,B,05/25/2026 00:59:08
TRF-0004,Jeddah-Industrial,235.28,413.55,59.9,97.3,56.3,NORMAL,A,2026/05/25 00:59:08
TRF-0005,Dammam-Central,235.89,341.23,60.12,80.49,44.3,NORMAL,C,2026/05/25 00:59:08
TRF-0006,Dammam-Port,222.79,241.07,59.83,53.71,34.4,NORMAL,A,2026-05-25 00:59:08
TRF-0007,Mecca-Haram,231.29,343.46,60.11,79.44,31.8,NORMAL,C,20260525T005908
TRF-0008,Medina-Central,237.48,318.8,59.86,75.71,49.1,NORMAL,C,05/25/2026 00:59:08
TRF-0009,Abha-City,223.27,341.19,59.96,76.18,34.7,NORMAL,B,05/25/2026 00:59:08
TRF-0010,Tabuk-Center,-230,174.13,59.86,41.18,30.9,NORMAL,B,2026-05-25 00:59:08
TRF-0001,Riyadh-North,234.81,393.59,59.88,92.42,35.7,NORMAL,B,25-05-2026 00:59
TRF-0002,Riyadh-East,228.42,166.08,60.07,37.94,58.7,NORMAL,B,20260525T005908
TRF-0003,Jeddah-Main,235.94,,59.95,104.44,37.3,NORMAL,B,25-05-2026 00:59
TRF-0004,Jeddah-Industrial,233.67,440.86,59.81,103.02,32.8,NORMAL,A,2026/05/25 00:59:08
TRF-0005,Dammam-Central,239.28,291.72,51.71,69.8,30.3,FREQ_DRIFT,A,2026-05-25 00:59:08
TRF-0006,Dammam-Port,236.79,481.34,60.02,113.98,60.8,NORMAL,A,20260525T005908
TRF-0007,Mecca-Haram,237.05,176.15,59.99,41.76,58.0,NORMAL,C,25-05-2026 00:59
TRF-0008,Medina-Central,227.75,435.78,60.03,99.25,60.8,NORMAL,C,2026-05-25 00:59:08
TRF-0009,Abha-City,230.86,142.81,59.96,32.97,54.4,NORMAL,A,20260525T005908
TRF-0010,Tabuk-Center,236.05,454.42,60.2,107.27,45.7,NORMAL,B,20260525T005908
TRF-0001,Riyadh-North,239.95,236.01,59.9,56.63,34.6,NORMAL,A,25-05-2026 00:59
TRF-0002,Riyadh-East,224.56,479.3,59.96,107.63,54.5,NORMAL,A,25-05-2026 00:59
TRF-0003,Jeddah-Main,220.26,337.22,59.98,74.28,36.4,NORMAL,B,25-05-2026 00:59
TRF-0004,Jeddah-Industrial,224.71,257.1,60.03,57.77,36.4,NORMAL,B,2026/05/25 00:59:09
TRF-0005,Dammam-Central,231.77,451.79,59.91,104.71,39.0,NORMAL,A,25-05-2026 00:59
TRF-0006,Dammam-Port,230.24,445.83,60.13,102.65,40.1,NORMAL,A,20260525T005909
TRF-0007,Mecca-Haram,226.96,100.69,60.04,22.85,43.7,NORMAL,C,05/25/2026 00:59:09
TRF-0008,Medina-Central,227.76,336.37,59.84,76.61,37.6,NORMAL,A,2026-05-25 00:59:09
TRF-0009,Abha-City,237.88,283.06,60.17,67.33,36.8,NORMAL,A,25-05-2026 00:59
TRF-0010,Tabuk-Center,222.61,411.38,59.82,91.58,56.4,NORMAL,A,2026-05-25 00:59:09
TRF-0001,Riyadh-North,225.11,341.28,60.07,76.83,51.0,NORMAL,B,25-05-2026 00:59
TRF-0001,Riyadh-North,225.11,341.28,60.07,76.83,51.0,NORMAL,B,25-05-2026 00:59
TRF-0002,Riyadh-East,223.86,182.32,60.17,40.81,37.6,NORMAL,A,2026-05-25 00:59:09
TRF-0003,Jeddah-Main,224.99,235.01,60.2,52.87,54.7,NORMAL,B,20260525T005909
TRF-0004,Jeddah-Industrial,233.43,365.5,60.18,85.32,57.8,NORMAL,B,2026-05-25 00:59:09
TRF-0005,Dammam-Central,235.58,255.48,59.9,60.19,47.2,NORMAL,A,25-05-2026 00:59
TRF-0006,Dammam-Port,223.34,254.69,60.11,56.88,50.4,NORMAL,B,20260525T005909
TRF-0007,Mecca-Haram,224.3,387.54,60.04,86.93,45.7,NORMAL,C,05/25/2026 00:59:09
TRF-0008,Medina-Central,235.41,474.96,59.9,111.81,61.2,NORMAL,C,25-05-2026 00:59
TRF-0009,Abha-City,226.61,246.63,60.06,55.89,51.2,NORMAL,A,2026-05-25 00:59:09
TRF-0010,Tabuk-Center,220.65,155.98,60.15,34.42,48.1,NORMAL,B,2026-05-25 00:59:09
TRF-0001,Riyadh-North,231.13,228.7,59.83,52.86,38.3,NORMAL,B,25-05-2026 00:59
TRF-0002,Riyadh-East,236.3,234.86,60.09,55.5,39.2,NORMAL,C,20260525T005909
TRF-0003,Jeddah-Main,237.68,317.9,59.96,75.56,43.4,NORMAL,C,05/25/2026 00:59:09
TRF-0004,Jeddah-Industrial,239.94,438.03,60.01,105.1,30.2,NORMAL,B,2026/05/25 00:59:09
TRF-0005,Dammam-Central,230.62,172.97,60.14,39.89,64.3,NORMAL,A,20260525T005909
TRF-0006,Dammam-Port,228.97,464.15,60.16,106.28,32.3,NORMAL,A,2026/05/25 00:59:09
TRF-0007,Mecca-Haram,239.54,175.57,59.9,42.06,47.5,NORMAL,B,20260525T005909
TRF-0008,Medina-Central,227.44,425.67,49.76,96.81,48.9,FREQ_DRIFT,B,25-05-2026 00:59
TRF-0009,Abha-City,238.63,151.52,59.93,36.16,55.2,NORMAL,C,25-05-2026 00:59
TRF-0010,Tabuk-Center,224.86,184.8,59.94,41.55,33.7,NORMAL,B,20260525T005909
TRF-0001,Riyadh-North,237.28,269.7,60.03,63.99,54.0,NORMAL,C,2026-05-25 00:59:09
TRF-0002,Riyadh-East,236.9,490.46,59.82,116.19,62.2,NORMAL,B,25-05-2026 00:59
TRF-0003,Jeddah-Main,-230,413.31,59.93,92.11,31.6,NORMAL,C,05/25/2026 00:59:09
TRF-0004,Jeddah-Industrial,238.69,126.74,60.18,30.25,48.2,NORMAL,A,05/25/2026 00:59:09
TRF-0005,Dammam-Central,235.55,1122.13,59.99,294.0,95.5,OVERLOAD,A,2026-05-25 00:59:09
TRF-0006,Dammam-Port,222.27,161.44,59.82,35.88,50.3,NORMAL,C,20260525T005909
TRF-0007,Mecca-Haram,222.95,458.84,60.13,102.3,46.6,NORMAL,B,2026/05/25 00:59:09
TRF-0008,Medina-Central,235.15,,59.89,60.0,59.6,NORMAL,B,2026-05-25 00:59:09
TRF-0009,Abha-City,221.13,224.57,60.2,49.66,34.8,NORMAL,A,2026-05-25 00:59:09
TRF-0010,Tabuk-Center,226.92,227.18,60.07,51.55,35.6,NORMAL,B,2026/05/25 00:59:09
TRF-0001,Riyadh-North,229.09,110.87,59.85,25.4,53.6,NORMAL,B,2026-05-25 00:59:09
TRF-0002,Riyadh-East,239.87,323.49,60.1,77.6,63.0,NORMAL,C,2026/05/25 00:59:09
TRF-0003,Jeddah-Main,239.59,204.29,59.94,48.95,59.3,NORMAL,B,25-05-2026 00:59
TRF-0004,Jeddah-Industrial,226.64,365.35,60.19,82.8,48.6,NORMAL,A,05/25/2026 00:59:09
TRF-0005,Dammam-Central,226.48,394.74,59.93,89.4,35.3,NORMAL,A,20260525T005909
TRF-0006,Dammam-Port,227.2,130.53,60.11,29.66,64.1,NORMAL,B,05/25/2026 00:59:09
TRF-0007,Mecca-Haram,221.97,378.22,59.9,83.95,41.6,NORMAL,C,05/25/2026 00:59:09
TRF-0008,Medina-Central,226.85,1169.11,60.07,259.95,118.2,OVERLOAD,B,25-05-2026 00:59
TRF-0009,Abha-City,229.97,246.09,59.94,56.59,30.5,NORMAL,A,25-05-2026 00:59
TRF-0010,Tabuk-Center,231.72,197.01,60.05,45.65,58.1,NORMAL,B,2026/05/25 00:59:09
TRF-0001,Riyadh-North,233.95,241.3,59.84,56.45,35.6,NORMAL,B,20260525T005909
TRF-0002,Riyadh-East,227.14,390.42,60.0,88.68,31.4,NORMAL,B,05/25/2026 00:59:09
TRF-0003,Jeddah-Main,224.41,186.65,59.94,41.89,47.5,NORMAL,C,20260525T005909
TRF-0004,Jeddah-Industrial,228.58,149.16,59.9,34.09,49.5,NORMAL,A,25-05-2026 00:59
TRF-0005,Dammam-Central,229.25,380.14,59.92,87.15,58.6,NORMAL,C,2026/05/25 00:59:09
TRF-0006,Dammam-Port,228.14,178.1,59.82,40.63,30.4,NORMAL,C,20260525T005909
TRF-0007,Mecca-Haram,224.36,275.66,59.8,61.85,43.3,NORMAL,B,05/25/2026 00:59:09
TRF-0008,Medina-Central,237.92,465.34,60.05,110.71,46.4,NORMAL,B,20260525T005909
TRF-0009,Abha-City,223.16,471.74,60.05,105.27,60.9,NORMAL,C,2026-05-25 00:59:09
TRF-0010,Tabuk-Center,239.51,186.97,59.96,44.78,250.0,OVERHEAT,C,2026/05/25 00:59:09
TRF-0001,Riyadh-North,232.64,304.68,60.1,70.88,49.2,NORMAL,C,2026-05-25 00:59:09
TRF-0002,Riyadh-East,231.67,345.19,59.93,79.97,52.8,NORMAL,B,2026-05-25 00:59:09
TRF-0003,Jeddah-Main,,164.27,59.86,38.23,56.9,NORMAL,A,2026-05-25 00:59:09
TRF-0004,Jeddah-Industrial,220.61,486.19,59.82,107.26,56.1,NORMAL,A,2026/05/25 00:59:09
TRF-0005,Dammam-Central,223.92,419.35,59.92,93.9,45.0,NORMAL,A,05/25/2026 00:59:09
TRF-0006,Dammam-Port,231.55,351.06,59.95,81.29,,NORMAL,C,20260525T005909
TRF-0007,Mecca-Haram,222.69,330.0,60.04,73.49,48.1,NORMAL,A,2026-05-25 00:59:09
TRF-0008,Medina-Central,225.17,188.32,59.82,42.4,53.0,NORMAL,B,25-05-2026 00:59
TRF-0009,Abha-City,228.32,303.51,59.89,69.3,55.0,NORMAL,A,2026-05-25 00:59:09
TRF-0010,Tabuk-Center,232.81,353.72,60.0,82.35,50.9,NORMAL,B,2026-05-25 00:59:09
TRF-0001,Riyadh-North,235.26,353.53,59.94,83.17,61.1,NORMAL,C,05/25/2026 00:59:09
TRF-0002,Riyadh-East,231.12,201.68,59.88,46.61,46.0,NORMAL,B,05/25/2026 00:59:09
TRF-0003,Jeddah-Main,230.77,172.58,59.87,39.83,61.7,NORMAL,A,05/25/2026 00:59:09
TRF-0003,Jeddah-Main,230.77,172.58,59.87,39.83,61.7,NORMAL,A,05/25/2026 00:59:09
TRF-0004,Jeddah-Industrial,221.11,430.09,60.0,95.1,53.9,NORMAL,A,2026/05/25 00:59:09
TRF-0005,Dammam-Central,222.08,126.02,60.09,27.99,63.7,NORMAL,B,2026-05-25 00:59:09
TRF-0006,Dammam-Port,232.76,,59.96,98.35,58.8,NORMAL,B,25-05-2026 00:59
TRF-0007,Mecca-Haram,238.44,386.99,59.94,92.27,50.6,NORMAL,C,20260525T005909
TRF-0008,Medina-Central,238.74,215.58,60.04,51.47,55.9,NORMAL,B,2026/05/25 00:59:09
TRF-0009,Abha-City,233.44,124.3,59.94,29.02,61.4,NORMAL,C,05/25/2026 00:59:09
TRF-0010,Tabuk-Center,220.3,374.93,60.15,82.6,31.2,NORMAL,A,05/25/2026 00:59:09
TRF-0001,Riyadh-North,236.83,195.53,60.2,46.31,61.7,NORMAL,A,2026-05-25 00:59:09
TRF-0002,Riyadh-East,234.58,193.35,60.16,45.36,43.6,NORMAL,B,2026-05-25 00:59:09
TRF-0003,Jeddah-Main,223.13,168.72,59.96,37.65,63.1,NORMAL,C,2026-05-25 00:59:09
TRF-0004,Jeddah-Industrial,234.16,101.96,59.99,23.87,37.3,NORMAL,C,20260525T005909
TRF-0005,Dammam-Central,231.51,114.25,59.88,26.45,,NORMAL,C,2026-05-25 00:59:09
TRF-0006,Dammam-Port,221.61,375.56,60.14,83.23,58.2,NORMAL,B,25-05-2026 00:59
TRF-0007,Mecca-Haram,225.42,157.84,60.17,35.58,59.2,NORMAL,C,2026-05-25 00:59:09
TRF-0008,Medina-Central,238.28,133.51,59.84,31.81,45.4,NORMAL,B,05/25/2026 00:59:09
TRF-0009,Abha-City,220.5,203.82,60.11,44.94,32.5,NORMAL,C,05/25/2026 00:59:09
TRF-0010,Tabuk-Center,227.91,467.05,60.03,106.45,56.8,NORMAL,A,2026-05-25 00:59:09
TRF-0001,Riyadh-North,232.25,495.64,59.9,115.11,43.2,NORMAL,C,25-05-2026 00:59
TRF-0002,Riyadh-East,226.72,998.98,60.04,214.32,107.4,OVERLOAD,A,25-05-2026 00:59
TRF-0003,Jeddah-Main,234.53,145.35,60.01,34.09,63.4,NORMAL,C,20260525T005909
TRF-0004,Jeddah-Industrial,233.1,331.86,59.83,77.36,40.6,NORMAL,C,20260525T005909
TRF-0004,Jeddah-Industrial,233.1,331.86,59.83,77.36,40.6,NORMAL,C,20260525T005909
TRF-0005,Dammam-Central,225.12,233.9,59.99,52.66,32.2,NORMAL,A,20260525T005909
TRF-0006,Dammam-Port,230.97,319.84,59.83,73.87,42.0,NORMAL,C,2026-05-25 00:59:09
TRF-0006,Dammam-Port,230.97,319.84,59.83,73.87,42.0,NORMAL,C,2026-05-25 00:59:09
TRF-0007,Mecca-Haram,235.48,413.05,59.88,97.27,50.3,NORMAL,A,2026-05-25 00:59:09
TRF-0008,Medina-Central,227.88,181.69,59.99,41.4,60.9,NORMAL,B,2026-05-25 00:59:09
TRF-0009,Abha-City,237.23,0.0,59.89,0.0,63.7,OUTAGE,A,05/25/2026 00:59:09
TRF-0010,Tabuk-Center,236.67,458.01,,108.4,52.3,NORMAL,A,05/25/2026 00:59:09
TRF-0001,Riyadh-North,226.94,164.54,60.02,37.34,60.8,NORMAL,B,25-05-2026 00:59
TRF-0002,Riyadh-East,222.31,170.1,60.12,37.81,42.1,NORMAL,A,05/25/2026 00:59:09
TRF-0003,Jeddah-Main,225.03,295.97,59.96,66.6,50.6,NORMAL,B,2026-05-25 00:59:09
TRF-0004,Jeddah-Industrial,234.14,125.16,59.95,29.3,32.2,NORMAL,C,20260525T005909
TRF-0005,Dammam-Central,232.35,427.7,59.94,99.38,41.9,NORMAL,C,05/25/2026 00:59:09
TRF-0006,Dammam-Port,236.48,406.24,60.11,96.07,39.9,NORMAL,C,2026/05/25 00:59:09
TRF-0007,Mecca-Haram,223.18,346.37,59.86,77.3,61.7,NORMAL,B,05/25/2026 00:59:09
TRF-0007,Mecca-Haram,223.18,346.37,59.86,77.3,61.7,NORMAL,B,05/25/2026 00:59:09
TRF-0008,Medina-Central,229.12,334.59,59.93,76.66,33.1,NORMAL,C,2026/05/25 00:59:09
TRF-0009,Abha-City,232.87,133.44,59.88,31.07,54.5,NORMAL,C,25-05-2026 00:59
TRF-0010,Tabuk-Center,232.71,309.63,59.81,72.05,46.2,NORMAL,A,05/25/2026 00:59:09
TRF-0001,Riyadh-North,231.83,125.97,60.07,29.2,56.6,NORMAL,A,2026/05/25 00:59:09
TRF-0002,Riyadh-East,235.72,220.27,59.82,51.92,55.0,NORMAL,C,05/25/2026 00:59:09
TRF-0003,Jeddah-Main,222.13,145.3,59.87,32.28,,NORMAL,B,2026-05-25 00:59:09
TRF-0004,Jeddah-Industrial,237.68,186.9,59.99,44.42,43.0,NORMAL,A,20260525T005909
TRF-0005,Dammam-Central,226.27,365.16,59.84,82.62,49.9,NORMAL,B,20260525T005909
TRF-0006,Dammam-Port,235.7,160.82,59.88,37.91,47.1,NORMAL,B,2026-05-25 00:59:09
TRF-0007,Mecca-Haram,223.39,805.63,60.19,202.1,92.4,OVERLOAD,A,25-05-2026 00:59
TRF-0008,Medina-Central,222.15,285.75,59.93,63.48,36.4,NORMAL,A,2026-05-25 00:59:09
TRF-0009,Abha-City,231.23,315.72,60.06,73.0,30.3,NORMAL,B,05/25/2026 00:59:09
TRF-0010,Tabuk-Center,223.94,251.05,59.92,56.22,56.0,NORMAL,C,2026-05-25 00:59:09
TRF-0001,Riyadh-North,224.33,339.05,59.98,76.06,46.1,NORMAL,C,2026-05-25 00:59:09
TRF-0002,Riyadh-East,228.23,282.27,60.0,64.42,51.0,NORMAL,B,05/25/2026 00:59:09
TRF-0003,Jeddah-Main,220.38,224.73,48.04,49.53,60.7,FREQ_DRIFT,A,05/25/2026 00:59:09
TRF-0004,Jeddah-Industrial,238.45,321.99,60.09,76.78,39.8,NORMAL,C,25-05-2026 00:59
TRF-0005,Dammam-Central,238.31,235.36,60.15,56.09,61.3,NORMAL,C,20260525T005909
TRF-0006,Dammam-Port,220.54,230.9,60.14,50.92,46.4,NORMAL,B,20260525T005909
TRF-0007,Mecca-Haram,232.39,120.33,59.84,27.96,56.1,NORMAL,C,05/25/2026 00:59:09
TRF-0008,Medina-Central,221.78,297.05,59.93,65.88,60.4,NORMAL,A,20260525T005909
TRF-0009,Abha-City,225.37,237.64,60.07,53.56,63.1,NORMAL,A,2026/05/25 00:59:09
TRF-0010,Tabuk-Center,220.22,429.45,60.1,94.57,30.5,NORMAL,B,2026/05/25 00:59:09
TRF-0001,Riyadh-North,227.65,247.85,60.03,56.42,52.6,NORMAL,C,2026-05-25 00:59:09
TRF-0002,Riyadh-East,222.2,402.01,60.01,89.33,53.2,NORMAL,C,20260525T005909
TRF-0003,Jeddah-Main,220.31,469.32,52.68,103.4,37.8,FREQ_DRIFT,C,20260525T005909
TRF-0004,Jeddah-Industrial,239.81,369.94,59.95,88.72,33.9,NORMAL,A,20260525T005909
TRF-0005,Dammam-Central,223.83,315.94,59.85,70.72,30.5,NORMAL,C,20260525T005909
TRF-0006,Dammam-Port,224.91,313.05,60.18,70.41,51.5,NORMAL,B,05/25/2026 00:59:09
TRF-0007,Mecca-Haram,228.19,489.67,59.81,111.74,63.7,NORMAL,A,2026/05/25 00:59:09
TRF-0008,Medina-Central,231.09,467.45,60.11,108.02,46.4,NORMAL,C,20260525T005909
TRF-0009,Abha-City,235.18,476.34,60.0,112.03,50.5,NORMAL,A,2026-05-25 00:59:09
TRF-0010,Tabuk-Center,239.19,273.87,59.88,65.51,38.5,NORMAL,B,05/25/2026 00:59:09
TRF-0001,Riyadh-North,235.64,171.08,60.15,40.31,59.7,NORMAL,A,05/25/2026 00:59:09
TRF-0002,Riyadh-East,222.87,299.97,60.07,66.85,46.0,NORMAL,C,25-05-2026 00:59
TRF-0003,Jeddah-Main,230.65,379.63,60.0,87.56,43.5,NORMAL,C,20260525T005909
TRF-0004,Jeddah-Industrial,239.69,343.9,60.0,82.43,64.6,NORMAL,C,20260525T005909
TRF-0005,Dammam-Central,229.24,140.24,59.99,32.15,42.4,NORMAL,A,05/25/2026 00:59:09
TRF-0006,Dammam-Port,239.71,483.76,60.05,115.96,37.9,NORMAL,A,2026/05/25 00:59:09
TRF-0007,Mecca-Haram,222.49,446.29,60.12,99.3,36.6,NORMAL,C,2026/05/25 00:59:09
TRF-0008,Medina-Central,220.1,308.32,59.98,67.86,49.2,NORMAL,C,2026/05/25 00:59:09
TRF-0009,Abha-City,233.97,216.52,60.16,50.66,61.3,NORMAL,A,2026-05-25 00:59:09
TRF-0010,Tabuk-Center,231.6,332.3,59.91,76.96,43.9,NORMAL,C,2026-05-25 00:59:09
TRF-0001,Riyadh-North,226.65,135.1,60.19,30.62,59.3,NORMAL,C,2026/05/25 00:59:09
TRF-0002,Riyadh-East,225.02,343.82,60.01,77.37,58.2,NORMAL,A,20260525T005909
TRF-0003,Jeddah-Main,222.78,213.5,59.95,47.56,33.1,NORMAL,A,25-05-2026 00:59
TRF-0004,Jeddah-Industrial,237.67,328.77,59.98,78.14,30.8,NORMAL,B,2026/05/25 00:59:09
TRF-0005,Dammam-Central,236.59,191.14,59.96,45.22,63.3,NORMAL,A,25-05-2026 00:59
TRF-0006,Dammam-Port,227.42,337.54,59.84,76.76,58.8,NORMAL,C,25-05-2026 00:59
TRF-0007,Mecca-Haram,230.21,217.33,59.98,50.03,40.9,NORMAL,C,20260525T005909
TRF-0008,Medina-Central,223.6,385.16,59.81,86.12,63.6,NORMAL,A,05/25/2026 00:59:09
TRF-0009,Abha-City,237.88,495.01,60.1,117.75,36.7,NORMAL,B,2026-05-25 00:59:09
TRF-0010,Tabuk-Center,229.43,222.25,60.08,50.99,55.0,NORMAL,A,20260525T005909
TRF-0001,Riyadh-North,239.28,125.58,59.93,30.05,52.2,NORMAL,A,20260525T005909
TRF-0002,Riyadh-East,231.19,223.17,60.0,51.59,36.5,NORMAL,C,2026-05-25 00:59:09
TRF-0003,Jeddah-Main,223.45,134.09,59.83,29.96,33.3,NORMAL,C,2026/05/25 00:59:09
TRF-0004,Jeddah-Industrial,239.95,366.34,60.07,87.9,57.1,NORMAL,B,2026/05/25 00:59:09
TRF-0005,Dammam-Central,239.79,334.05,59.92,80.1,30.4,NORMAL,A,05/25/2026 00:59:09
TRF-0006,Dammam-Port,-230,214.44,60.06,48.55,49.0,NORMAL,A,2026/05/25 00:59:09
TRF-0007,Mecca-Haram,224.32,216.15,59.99,48.49,57.8,NORMAL,C,05/25/2026 00:59:09
TRF-0008,Medina-Central,225.66,491.97,59.83,111.02,36.9,NORMAL,B,2026/05/25 00:59:09
TRF-0009,Abha-City,228.47,179.34,60.17,40.97,50.2,NORMAL,A,25-05-2026 00:59
TRF-0010,Tabuk-Center,237.78,0.0,59.98,0.0,62.8,OUTAGE,B,25-05-2026 00:59
TRF-0001,Riyadh-North,220.03,421.32,60.06,92.7,46.6,NORMAL,B,20260525T005909
TRF-0002,Riyadh-East,223.24,385.1,60.1,85.97,45.7,NORMAL,C,25-05-2026 00:59
TRF-0002,Riyadh-East,223.24,385.1,60.1,85.97,45.7,NORMAL,C,25-05-2026 00:59
TRF-0003,Jeddah-Main,227.76,243.69,59.91,55.5,47.6,NORMAL,B,2026-05-25 00:59:09
TRF-0004,Jeddah-Industrial,221.71,480.97,59.91,106.64,49.1,NORMAL,A,2026-05-25 00:59:09
TRF-0005,Dammam-Central,238.65,355.71,60.17,84.89,41.2,NORMAL,A,2026/05/25 00:59:09
TRF-0006,Dammam-Port,232.73,409.73,60.17,95.36,33.2,NORMAL,B,20260525T005909
TRF-0007,Mecca-Haram,231.04,216.17,59.9,49.94,36.3,NORMAL,B,2026-05-25 00:59:09
TRF-0008,Medina-Central,228.7,134.55,59.93,30.77,60.0,NORMAL,C,2026-05-25 00:59:09
TRF-0009,Abha-City,227.34,274.69,60.11,62.45,39.7,NORMAL,C,2026-05-25 00:59:09
TRF-0010,Tabuk-Center,229.24,323.73,59.88,74.21,36.1,NORMAL,B,05/25/2026 00:59:09
TRF-0001,Riyadh-North,235.86,153.64,60.11,36.24,46.5,NORMAL,C,2026-05-25 00:59:09
TRF-0002,Riyadh-East,232.19,470.01,59.87,109.13,59.7,NORMAL,C,2026-05-25 00:59:09
TRF-0003,Jeddah-Main,225.93,443.09,59.88,100.11,36.4,NORMAL,A,05/25/2026 00:59:09
TRF-0004,Jeddah-Industrial,222.48,434.08,59.95,96.57,63.4,NORMAL,C,20260525T005909
TRF-0005,Dammam-Central,226.02,453.68,59.87,102.54,57.1,NORMAL,C,2026/05/25 00:59:09
TRF-0006,Dammam-Port,226.84,339.32,60.02,76.97,39.6,NORMAL,B,25-05-2026 00:59
TRF-0007,Mecca-Haram,232.63,145.67,60.02,33.89,36.2,NORMAL,B,20260525T005909
TRF-0008,Medina-Central,223.5,174.71,59.84,39.05,55.6,NORMAL,B,05/25/2026 00:59:09
TRF-0009,Abha-City,225.95,374.43,59.87,84.6,65.0,NORMAL,B,2026-05-25 00:59:09
TRF-0010,Tabuk-Center,220.31,409.36,60.0,90.19,30.1,NORMAL,B,05/25/2026 00:59:09
TRF-0001,Riyadh-North,226.62,205.86,60.13,46.65,37.9,NORMAL,C,2026/05/25 00:59:09
TRF-0002,Riyadh-East,238.09,206.8,60.01,49.24,56.7,NORMAL,A,2026/05/25 00:59:09
TRF-0003,Jeddah-Main,227.73,473.86,60.06,107.91,55.6,NORMAL,A,25-05-2026 00:59
TRF-0004,Jeddah-Industrial,222.51,367.7,60.11,81.82,39.5,NORMAL,A,25-05-2026 00:59
TRF-0005,Dammam-Central,237.54,207.24,53.15,49.23,43.1,FREQ_DRIFT,C,25-05-2026 00:59
TRF-0006,Dammam-Port,227.93,204.6,59.86,46.63,41.0,NORMAL,A,05/25/2026 00:59:09
TRF-0007,Mecca-Haram,235.96,106.46,60.12,25.12,51.0,NORMAL,B,25-05-2026 00:59
TRF-0008,Medina-Central,-230,285.79,60.2,63.11,39.5,NORMAL,B,20260525T005909
TRF-0009,Abha-City,236.76,121.31,60.09,28.72,40.2,NORMAL,A,20260525T005909
TRF-0010,Tabuk-Center,239.51,457.78,,109.64,34.5,NORMAL,C,05/25/2026 00:59:09
TRF-0001,Riyadh-North,223.15,179.19,59.86,39.99,51.5,NORMAL,A,2026-05-25 00:59:10
TRF-0002,Riyadh-East,-230,106.73,60.1,24.73,57.8,NORMAL,A,05/25/2026 00:59:10
TRF-0003,Jeddah-Main,232.61,497.61,59.85,115.75,60.8,NORMAL,A,20260525T005910
TRF-0004,Jeddah-Industrial,232.13,482.19,60.0,111.93,36.9,NORMAL,C,05/25/2026 00:59:10
TRF-0005,Dammam-Central,229.46,487.88,60.03,111.95,43.8,NORMAL,B,2026/05/25 00:59:10
TRF-0006,Dammam-Port,232.2,195.69,59.86,45.44,62.8,NORMAL,A,2026-05-25 00:59:10
TRF-0007,Mecca-Haram,237.12,291.7,60.16,69.17,60.6,NORMAL,A,2026-05-25 00:59:10
TRF-0008,Medina-Central,230.45,361.32,59.87,83.27,64.2,NORMAL,B,05/25/2026 00:59:10
TRF-0009,Abha-City,238.31,0.0,59.9,0.0,36.4,OUTAGE,B,2026/05/25 00:59:10
TRF-0009,Abha-City,238.31,0.0,59.9,0.0,36.4,OUTAGE,B,2026/05/25 00:59:10
TRF-0010,Tabuk-Center,229.93,275.79,59.91,63.41,39.8,NORMAL,C,20260525T005910
TRF-0001,Riyadh-North,238.57,294.15,60.02,70.18,43.4,NORMAL,A,20260525T005910
TRF-0002,Riyadh-East,224.88,370.68,59.88,83.36,56.6,NORMAL,A,25-05-2026 00:59
TRF-0003,Jeddah-Main,238.53,222.37,60.08,53.04,42.3,NORMAL,B,20260525T005910
TRF-0004,Jeddah-Industrial,235.88,437.41,60.0,103.18,54.3,NORMAL,A,25-05-2026 00:59
TRF-0005,Dammam-Central,229.84,419.47,60.05,96.41,35.1,NORMAL,C,05/25/2026 00:59:10
TRF-0006,Dammam-Port,234.84,423.55,60.18,99.47,47.4,NORMAL,B,05/25/2026 00:59:10
TRF-0007,Mecca-Haram,234.22,458.33,60.19,107.35,63.6,NORMAL,B,2026-05-25 00:59:10
TRF-0008,Medina-Central,230.99,132.66,59.91,30.64,55.7,NORMAL,B,25-05-2026 00:59
TRF-0009,Abha-City,232.44,252.81,60.03,58.76,32.8,NORMAL,A,2026-05-25 00:59:10
TRF-0010,Tabuk-Center,237.46,380.6,60.08,90.38,50.7,NORMAL,A,05/25/2026 00:59:10
TRF-0001,Riyadh-North,223.91,336.46,59.87,75.34,39.9,NORMAL,A,05/25/2026 00:59:10
TRF-0002,Riyadh-East,224.46,345.23,60.03,77.49,62.2,NORMAL,B,25-05-2026 00:59
TRF-0003,Jeddah-Main,234.62,262.4,59.88,61.56,62.8,NORMAL,C,2026/05/25 00:59:10
TRF-0004,Jeddah-Industrial,228.22,123.32,60.14,28.14,57.7,NORMAL,B,05/25/2026 00:59:10
TRF-0005,Dammam-Central,237.95,182.55,60.18,43.44,30.0,NORMAL,C,20260525T005910
TRF-0006,Dammam-Port,227.66,497.86,59.93,113.34,51.6,NORMAL,C,2026-05-25 00:59:10
TRF-0007,Mecca-Haram,-230,464.43,59.85,102.7,56.5,NORMAL,C,25-05-2026 00:59
TRF-0008,Medina-Central,228.78,267.74,59.83,61.25,47.4,NORMAL,B,20260525T005910
TRF-0009,Abha-City,228.55,398.29,59.86,91.03,59.3,NORMAL,A,2026/05/25 00:59:10
TRF-0010,Tabuk-Center,226.75,355.09,59.95,80.52,52.8,NORMAL,B,05/25/2026 00:59:10
TRF-0001,Riyadh-North,226.9,0.0,60.08,0.0,44.0,OUTAGE,A,05/25/2026 00:59:10
TRF-0002,Riyadh-East,220.07,267.21,60.08,58.8,45.8,NORMAL,C,2026/05/25 00:59:10
TRF-0003,Jeddah-Main,227.68,187.34,60.19,42.65,37.9,NORMAL,A,2026/05/25 00:59:10
TRF-0004,Jeddah-Industrial,230.04,328.34,59.84,75.53,50.5,NORMAL,B,2026/05/25 00:59:10
TRF-0005,Dammam-Central,234.26,234.54,60.08,54.94,38.1,NORMAL,A,2026/05/25 00:59:10
TRF-0006,Dammam-Port,225.74,340.43,59.83,76.85,54.3,NORMAL,B,25-05-2026 00:59
TRF-0007,Mecca-Haram,233.14,126.1,60.07,29.4,54.6,NORMAL,A,25-05-2026 00:59
TRF-0008,Medina-Central,232.68,335.83,59.89,78.14,49.8,NORMAL,C,20260525T005910
TRF-0009,Abha-City,-230,461.09,60.18,105.78,60.7,NORMAL,B,2026-05-25 00:59:10

TRF-0010,Tabuk-Center,231.93,416.87,60.03,96.68,54.7,NORMAL,B,20260525T005910
TRF-0001,Riyadh-North,223.6,373.43,59.84,83.5,40.0,NORMAL,A,25-05-2026 00:59
TRF-0002,Riyadh-East,237.51,413.61,59.84,98.24,33.2,NORMAL,C,25-05-2026 00:59
TRF-0003,Jeddah-Main,238.58,242.66,60.14,57.89,55.6,NORMAL,A,05/25/2026 00:59:10
TRF-0004,Jeddah-Industrial,229.94,166.22,59.86,38.22,52.0,NORMAL,B,2026-05-25 00:59:10
TRF-0005,Dammam-Central,231.22,111.15,59.83,25.7,30.9,NORMAL,C,25-05-2026 00:59
TRF-0006,Dammam-Port,235.14,124.97,59.95,29.39,34.3,NORMAL,A,20260525T005910
TRF-0006,Dammam-Port,235.14,124.97,59.95,29.39,34.3,NORMAL,A,20260525T005910
TRF-0007,Mecca-Haram,224.91,310.17,59.84,69.76,42.8,NORMAL,A,05/25/2026 00:59:10
TRF-0008,Medina-Central,231.17,195.74,60.18,45.25,58.3,NORMAL,A,05/25/2026 00:59:10
TRF-0009,Abha-City,236.94,273.64,60.04,64.84,59.3,NORMAL,B,2026-05-25 00:59:10
TRF-0010,Tabuk-Center,226.52,424.94,59.95,96.26,58.3,NORMAL,B,05/25/2026 00:59:10
TRF-0001,Riyadh-North,228.59,197.02,59.89,45.04,35.4,NORMAL,A,05/25/2026 00:59:10
TRF-0002,Riyadh-East,228.7,353.63,60.14,80.88,42.3,NORMAL,C,20260525T005910
TRF-0003,Jeddah-Main,235.91,466.82,60.09,110.13,44.5,NORMAL,C,2026/05/25 00:59:10
TRF-0004,Jeddah-Industrial,228.01,244.18,59.98,55.68,43.5,NORMAL,B,05/25/2026 00:59:10
TRF-0005,Dammam-Central,227.5,281.14,59.98,63.96,30.7,NORMAL,A,20260525T005910
TRF-0006,Dammam-Port,230.29,269.36,60.02,62.03,58.4,NORMAL,C,25-05-2026 00:59
TRF-0007,Mecca-Haram,230.62,331.08,59.91,76.35,64.5,NORMAL,C,05/25/2026 00:59:10
TRF-0008,Medina-Central,228.4,494.58,59.98,112.96,37.1,NORMAL,A,20260525T005910
TRF-0009,Abha-City,231.06,296.18,59.8,68.44,53.7,NORMAL,A,2026/05/25 00:59:10
TRF-0010,Tabuk-Center,239.44,100.36,60.19,24.03,53.3,NORMAL,C,05/25/2026 00:59:10
TRF-0001,Riyadh-North,234.92,142.06,60.02,33.37,31.6,NORMAL,B,20260525T005910
TRF-0002,Riyadh-East,233.34,119.89,59.98,27.98,49.2,NORMAL,C,05/25/2026 00:59:10
TRF-0003,Jeddah-Main,234.55,191.9,59.86,45.01,54.2,NORMAL,A,2026-05-25 00:59:10
TRF-0004,Jeddah-Industrial,233.53,219.89,59.89,,58.0,NORMAL,A,20260525T005910
TRF-0005,Dammam-Central,233.62,272.77,60.0,63.72,45.6,NORMAL,C,25-05-2026 00:59
TRF-0005,Dammam-Central,233.62,272.77,60.0,63.72,45.6,NORMAL,C,25-05-2026 00:59
TRF-0006,Dammam-Port,223.31,151.1,59.81,33.74,35.1,NORMAL,C,20260525T005910
TRF-0007,Mecca-Haram,233.4,279.14,59.87,65.15,50.8,NORMAL,B,2026-05-25 00:59:10
TRF-0008,Medina-Central,221.94,135.06,59.84,29.98,64.7,NORMAL,C,05/25/2026 00:59:10
TRF-0009,Abha-City,232.35,127.46,60.0,29.62,30.5,NORMAL,A,2026-05-25 00:59:10
TRF-0010,Tabuk-Center,224.31,378.96,60.0,85.0,41.5,NORMAL,A,2026-05-25 00:59:10
TRF-0001,Riyadh-North,233.11,355.95,59.89,82.98,31.7,NORMAL,B,25-05-2026 00:59
TRF-0002,Riyadh-East,229.45,282.87,60.17,64.9,32.8,NORMAL,C,20260525T005910
TRF-0003,Jeddah-Main,221.21,369.54,59.85,81.75,40.4,NORMAL,C,2026-05-25 00:59:10
TRF-0004,Jeddah-Industrial,229.03,,60.01,80.56,32.0,NORMAL,B,2026/05/25 00:59:10
TRF-0005,Dammam-Central,239.93,498.36,59.92,119.57,36.3,NORMAL,C,25-05-2026 00:59
TRF-0006,Dammam-Port,228.77,230.77,59.85,52.79,36.8,NORMAL,C,20260525T005910
TRF-0007,Mecca-Haram,220.68,127.39,60.14,28.11,44.2,NORMAL,A,20260525T005910
TRF-0008,Medina-Central,232.38,429.27,60.06,99.75,43.7,NORMAL,C,05/25/2026 00:59:10
TRF-0009,Abha-City,223.67,473.63,60.14,105.94,33.9,NORMAL,B,05/25/2026 00:59:10
TRF-0010,Tabuk-Center,227.33,371.62,60.16,84.48,34.9,NORMAL,A,05/25/2026 00:59:10
TRF-0010,Tabuk-Center,227.33,371.62,60.16,84.48,34.9,NORMAL,A,05/25/2026 00:59:10
TRF-0001,Riyadh-North,232.11,1137.75,59.95,251.12,101.9,OVERLOAD,B,25-05-2026 00:59
TRF-0002,Riyadh-East,220.65,452.79,59.88,99.91,59.2,NORMAL,B,2026/05/25 00:59:10
TRF-0003,Jeddah-Main,238.36,307.09,60.06,73.2,31.6,NORMAL,A,2026/05/25 00:59:10
TRF-0004,Jeddah-Industrial,230.7,434.5,59.96,100.24,34.3,NORMAL,A,05/25/2026 00:59:10
TRF-0005,Dammam-Central,230.39,320.8,59.91,73.91,48.4,NORMAL,C,05/25/2026 00:59:10
TRF-0006,Dammam-Port,233.32,119.87,59.95,27.97,42.8,NORMAL,B,2026/05/25 00:59:10
TRF-0007,Mecca-Haram,239.73,209.96,59.95,50.33,53.0,NORMAL,A,05/25/2026 00:59:10
TRF-0008,Medina-Central,237.1,186.67,60.01,44.26,36.0,NORMAL,A,2026/05/25 00:59:10
TRF-0009,Abha-City,,242.55,60.16,58.0,54.8,NORMAL,C,20260525T005910
TRF-0010,Tabuk-Center,225.33,147.94,59.98,33.34,52.7,NORMAL,A,20260525T005910
TRF-0001,Riyadh-North,220.73,203.93,60.01,45.01,58.5,NORMAL,A,20260525T005910
TRF-0002,Riyadh-East,233.23,200.73,60.02,46.82,30.4,NORMAL,C,05/25/2026 00:59:10
TRF-0003,Jeddah-Main,223.39,256.32,60.02,57.26,40.7,NORMAL,B,20260525T005910
TRF-0004,Jeddah-Industrial,230.11,421.34,59.91,96.95,55.4,NORMAL,A,25-05-2026 00:59
TRF-0005,Dammam-Central,224.72,332.77,60.15,74.78,50.4,NORMAL,B,25-05-2026 00:59
TRF-0006,Dammam-Port,235.76,364.29,59.89,85.89,33.8,NORMAL,C,20260525T005910
TRF-0007,Mecca-Haram,-230,185.98,60.16,42.38,33.2,NORMAL,B,25-05-2026 00:59
TRF-0008,Medina-Central,239.31,210.57,59.98,50.39,34.5,NORMAL,A,2026/05/25 00:59:10
TRF-0009,Abha-City,233.36,272.75,59.89,63.65,56.0,NORMAL,C,20260525T005910
TRF-0010,Tabuk-Center,231.74,211.89,59.85,49.1,39.9,NORMAL,C,2026-05-25 00:59:10
TRF-0001,Riyadh-North,226.2,108.4,59.93,24.52,38.5,NORMAL,A,2026-05-25 00:59:10
TRF-0002,Riyadh-East,223.82,242.73,60.06,54.33,55.9,NORMAL,C,20260525T005910
TRF-0003,Jeddah-Main,229.43,141.24,59.82,32.4,60.0,NORMAL,C,2026-05-25 00:59:10
TRF-0004,Jeddah-Industrial,223.91,490.84,59.94,109.9,58.7,NORMAL,B,2026-05-25 00:59:10
TRF-0005,Dammam-Central,230.36,0.0,60.04,0.0,63.3,OUTAGE,B,2026-05-25 00:59:10
TRF-0006,Dammam-Port,233.26,266.59,59.81,62.18,62.2,NORMAL,B,25-05-2026 00:59
TRF-0007,Mecca-Haram,233.89,102.43,59.93,23.96,56.4,NORMAL,A,2026-05-25 00:59:10
TRF-0008,Medina-Central,228.08,171.13,59.85,39.03,51.6,NORMAL,B,05/25/2026 00:59:10
TRF-0009,Abha-City,227.32,379.94,60.14,86.37,43.4,NORMAL,B,25-05-2026 00:59
TRF-0010,Tabuk-Center,223.12,226.81,60.2,50.61,46.2,NORMAL,A,20260525T005910
TRF-0001,Riyadh-North,225.73,315.66,59.9,71.25,45.8,NORMAL,C,20260525T005910
TRF-0002,Riyadh-East,237.97,479.15,59.95,114.02,31.7,NORMAL,C,25-05-2026 00:59
TRF-0003,Jeddah-Main,234.57,147.92,59.8,34.7,43.9,NORMAL,A,25-05-2026 00:59
TRF-0004,Jeddah-Industrial,235.58,146.63,59.87,34.54,33.3,NORMAL,A,20260525T005910
TRF-0005,Dammam-Central,223.16,276.75,59.87,61.76,30.2,NORMAL,C,25-05-2026 00:59
;;;;;
TRF-0006,Dammam-Port,238.35,206.95,62.94,49.33,34.2,FREQ_DRIFT,C,05/25/2026 00:59:10
TRF-0007,Mecca-Haram,231.84,279.49,60.09,64.8,50.9,NORMAL,B,05/25/2026 00:59:10
TRF-0008,Medina-Central,231.4,314.09,60.01,72.68,36.3,NORMAL,B,2026/05/25 00:59:10
TRF-0009,Abha-City,238.84,135.23,59.87,32.3,39.3,NORMAL,A,05/25/2026 00:59:10
TRF-0010,Tabuk-Center,235.26,297.71,59.89,70.04,44.2,NORMAL,B,20260525T005910
TRF-0001,Riyadh-North,237.45,197.28,59.9,,63.7,NORMAL,B,25-05-2026 00:59
TRF-0002,Riyadh-East,233.48,135.16,60.08,31.56,54.7,NORMAL,A,20260525T005910
TRF-0003,Jeddah-Main,239.81,142.95,60.05,34.28,62.1,NORMAL,C,05/25/2026 00:59:10
TRF-0004,Jeddah-Industrial,-230,115.64,59.9,27.55,44.8,NORMAL,C,2026/05/25 00:59:10
TRF-0005,Dammam-Central,231.58,441.45,60.1,102.23,39.1,NORMAL,C,20260525T005910
TRF-0006,Dammam-Port,226.59,308.94,59.98,70.0,37.2,NORMAL,A,25-05-2026 00:59
TRF-0007,Mecca-Haram,228.66,109.73,59.92,25.09,250.0,OVERHEAT,B,2026-05-25 00:59:10
TRF-0008,Medina-Central,228.99,319.15,60.12,73.08,46.5,NORMAL,B,05/25/2026 00:59:10
TRF-0009,Abha-City,223.23,294.69,59.9,65.78,32.3,NORMAL,A,2026-05-25 00:59:10
TRF-0010,Tabuk-Center,224.44,354.89,59.98,79.65,46.3,NORMAL,A,05/25/2026 00:59:10
TRF-0001,Riyadh-North,223.61,184.18,60.02,41.18,64.6,NORMAL,B,2026-05-25 00:59:10
TRF-0002,Riyadh-East,230.64,319.81,60.08,73.76,38.7,NORMAL,B,05/25/2026 00:59:10
TRF-0003,Jeddah-Main,227.03,498.84,59.93,113.25,33.4,NORMAL,B,05/25/2026 00:59:10
TRF-0004,Jeddah-Industrial,230.11,474.42,59.91,109.17,49.0,NORMAL,C,20260525T005910
TRF-0005,Dammam-Central,222.09,424.91,60.05,94.37,45.6,NORMAL,B,2026/05/25 00:59:10
TRF-0006,Dammam-Port,226.78,490.14,60.03,111.15,45.3,NORMAL,B,2026-05-25 00:59:10
TRF-0007,Mecca-Haram,239.34,421.2,59.98,100.81,61.8,NORMAL,C,25-05-2026 00:59
TRF-0008,Medina-Central,239.99,206.67,59.97,49.6,36.3,NORMAL,A,20260525T005910
TRF-0009,Abha-City,235.92,116.77,60.15,27.55,38.0,NORMAL,A,20260525T005910
TRF-0010,Tabuk-Center,233.55,482.92,59.81,112.79,63.8,NORMAL,B,05/25/2026 00:59:10
TRF-0001,Riyadh-North,220.36,423.6,59.92,93.34,35.5,NORMAL,C,25-05-2026 00:59
TRF-0002,Riyadh-East,225.69,409.25,60.13,92.36,33.0,NORMAL,B,05/25/2026 00:59:10
TRF-0003,Jeddah-Main,224.41,228.3,60.16,51.23,51.5,NORMAL,B,05/25/2026 00:59:10
TRF-0004,Jeddah-Industrial,236.07,396.94,60.01,93.71,51.5,NORMAL,A,2026/05/25 00:59:10
TRF-0005,Dammam-Central,230.25,386.22,60.18,88.93,54.4,NORMAL,B,25-05-2026 00:59
TRF-0006,Dammam-Port,-230,496.32,59.9,118.39,49.0,NORMAL,A,20260525T005910
TRF-0007,Mecca-Haram,227.77,363.68,60.12,82.84,50.9,NORMAL,A,05/25/2026 00:59:10
TRF-0008,Medina-Central,221.62,486.0,60.04,107.71,58.9,NORMAL,C,25-05-2026 00:59
TRF-0009,Abha-City,225.44,428.77,60.14,96.66,38.5,NORMAL,B,2026-05-25 00:59:10
TRF-0010,Tabuk-Center,238.63,191.0,60.02,45.58,62.2,NORMAL,B,05/25/2026 00:59:10
TRF-0001,Riyadh-North,234.29,391.89,60.19,91.82,38.4,NORMAL,B,2026-05-25 00:59:10
TRF-0002,Riyadh-East,228.87,186.57,60.06,42.7,31.8,NORMAL,C,20260525T005910
TRF-0003,Jeddah-Main,222.58,115.55,60.14,25.72,32.6,NORMAL,A,05/25/2026 00:59:10
TRF-0004,Jeddah-Industrial,230.57,467.63,60.18,107.82,51.5,NORMAL,B,2026/05/25 00:59:10
TRF-0005,Dammam-Central,227.24,359.83,59.85,81.77,39.1,NORMAL,A,20260525T005910
TRF-0006,Dammam-Port,229.31,230.2,59.93,52.79,45.6,NORMAL,B,20260525T005910
TRF-0007,Mecca-Haram,220.69,447.5,59.85,98.76,46.5,NORMAL,C,05/25/2026 00:59:10
TRF-0008,Medina-Central,238.61,166.98,60.01,39.84,,NORMAL,B,25-05-2026 00:59
TRF-0009,Abha-City,238.42,494.02,60.14,117.78,51.4,NORMAL,C,25-05-2026 00:59
TRF-0010,Tabuk-Center,231.95,446.42,59.95,103.55,62.7,NORMAL,A,20260525T005910
TRF-0001,Riyadh-North,239.47,441.59,60.01,105.75,36.5,NORMAL,A,20260525T005910
TRF-0002,Riyadh-East,233.08,410.6,59.96,95.7,55.5,NORMAL,B,25-05-2026 00:59
TRF-0003,Jeddah-Main,223.62,379.26,59.89,84.81,39.8,NORMAL,C,2026/05/25 00:59:10
TRF-0003,Jeddah-Main,223.62,379.26,59.89,84.81,39.8,NORMAL,C,2026/05/25 00:59:10
TRF-0004,Jeddah-Industrial,231.82,496.88,59.99,115.19,60.7,NORMAL,B,20260525T005910
TRF-0005,Dammam-Central,229.4,350.56,60.08,80.42,41.0,NORMAL,C,20260525T005910
TRF-0006,Dammam-Port,239.98,272.23,60.1,65.33,33.1,NORMAL,B,25-05-2026 00:59
TRF-0007,Mecca-Haram,222.05,104.65,59.95,23.24,48.4,NORMAL,A,05/25/2026 00:59:10
TRF-0008,Medina-Central,-230,369.25,59.98,84.5,50.5,NORMAL,A,25-05-2026 00:59
TRF-0009,Abha-City,228.87,208.86,60.15,47.8,40.5,NORMAL,B,2026/05/25 00:59:10
TRF-0010,Tabuk-Center,236.16,305.19,59.98,72.07,40.7,NORMAL,C,2026-05-25 00:59:10
TRF-0001,Riyadh-North,235.26,428.99,60.17,100.92,60.7,NORMAL,A,2026/05/25 00:59:10
TRF-0002,Riyadh-East,235.86,383.19,59.87,90.38,36.8,NORMAL,A,25-05-2026 00:59
TRF-0003,Jeddah-Main,229.86,317.53,60.0,72.99,56.6,NORMAL,C,25-05-2026 00:59
TRF-0004,Jeddah-Industrial,-230,197.76,59.98,47.15,52.3,NORMAL,C,25-05-2026 00:59
TRF-0005,Dammam-Central,236.39,272.33,59.97,64.38,63.8,NORMAL,B,2026-05-25 00:59:10
TRF-0006,Dammam-Port,227.4,120.18,59.87,27.33,43.6,NORMAL,A,05/25/2026 00:59:10
TRF-0007,Mecca-Haram,222.9,436.61,59.98,97.32,54.6,NORMAL,B,20260525T005910
TRF-0008,Medina-Central,221.69,142.91,59.92,31.68,62.8,NORMAL,A,2026/05/25 00:59:10
TRF-0009,Abha-City,225.74,189.11,60.16,42.69,51.9,NORMAL,B,2026/05/25 00:59:10
TRF-0010,Tabuk-Center,236.08,312.92,59.89,73.87,57.6,NORMAL,C,2026/05/25 00:59:10
TRF-0001,Riyadh-North,239.09,376.05,60.04,89.91,57.8,NORMAL,A,2026-05-25 00:59:10
TRF-0002,Riyadh-East,234.14,335.21,59.99,78.49,37.2,NORMAL,A,20260525T005910
TRF-0003,Jeddah-Main,232.41,226.68,60.14,52.68,46.9,NORMAL,B,2026/05/25 00:59:10
TRF-0004,Jeddah-Industrial,237.42,380.82,59.9,90.41,31.8,NORMAL,B,2026-05-25 00:59:10
TRF-0005,Dammam-Central,223.28,485.43,60.16,108.39,46.5,NORMAL,B,25-05-2026 00:59
TRF-0006,Dammam-Port,222.7,115.94,60.06,25.82,43.9,NORMAL,A,25-05-2026 00:59
TRF-0007,Mecca-Haram,231.45,466.73,59.88,108.02,44.2,NORMAL,C,05/25/2026 00:59:10
TRF-0008,Medina-Central,235.16,256.31,60.05,60.27,35.0,NORMAL,A,2026/05/25 00:59:10
TRF-0009,Abha-City,224.34,144.6,59.84,32.44,47.5,NORMAL,C,05/25/2026 00:59:10
TRF-0010,Tabuk-Center,223.51,484.44,60.2,108.28,52.8,NORMAL,B,25-05-2026 00:59
TRF-0001,Riyadh-North,229.73,475.32,59.8,109.2,52.7,NORMAL,B,2026-05-25 00:59:10
TRF-0002,Riyadh-East,223.42,231.12,59.95,51.64,47.6,NORMAL,C,20260525T005910
TRF-0003,Jeddah-Main,235.57,400.82,59.89,94.42,63.5,NORMAL,C,20260525T005910
TRF-0004,Jeddah-Industrial,221.5,269.59,60.06,59.71,47.8,NORMAL,B,05/25/2026 00:59:10
TRF-0005,Dammam-Central,234.91,0.0,60.18,0.0,36.6,OUTAGE,C,05/25/2026 00:59:10
TRF-0006,Dammam-Port,228.92,247.07,60.11,56.56,61.2,NORMAL,A,2026-05-25 00:59:10
TRF-0007,Mecca-Haram,231.93,183.32,60.1,42.52,59.2,NORMAL,A,2026-05-25 00:59:10
TRF-0008,Medina-Central,230.65,424.83,60.04,97.99,55.2,NORMAL,C,2026/05/25 00:59:10
TRF-0009,Abha-City,220.58,180.3,59.9,39.77,52.4,NORMAL,A,2026/05/25 00:59:10
TRF-0010,Tabuk-Center,220.95,278.78,60.17,61.6,31.9,NORMAL,A,2026/05/25 00:59:10
TRF-0001,Riyadh-North,221.81,228.48,59.9,50.68,51.6,NORMAL,C,20260525T005911
TRF-0002,Riyadh-East,221.01,318.41,59.84,70.37,51.8,NORMAL,A,05/25/2026 00:59:11
TRF-0003,Jeddah-Main,229.14,171.15,60.17,39.22,41.3,NORMAL,A,2026-05-25 00:59:11
TRF-0004,Jeddah-Industrial,220.14,429.48,59.9,94.55,59.2,NORMAL,C,20260525T005911
TRF-0005,Dammam-Central,233.25,291.76,59.81,68.05,50.8,NORMAL,B,05/25/2026 00:59:11
TRF-0006,Dammam-Port,239.82,302.1,59.8,72.45,36.1,NORMAL,B,2026-05-25 00:59:11
TRF-0007,Mecca-Haram,230.93,227.78,60.12,52.6,35.4,NORMAL,C,2026/05/25 00:59:11
TRF-0008,Medina-Central,224.53,311.32,60.02,69.9,38.8,NORMAL,B,2026-05-25 00:59:11
TRF-0009,Abha-City,222.78,141.6,59.97,,44.8,NORMAL,C,05/25/2026 00:59:11
TRF-0010,Tabuk-Center,232.69,130.03,60.14,30.26,41.5,NORMAL,A,25-05-2026 00:59
TRF-0001,Riyadh-North,226.41,204.1,60.05,46.21,31.7,NORMAL,C,2026/05/25 00:59:11
TRF-0002,Riyadh-East,223.84,472.88,59.94,105.85,51.8,NORMAL,A,2026/05/25 00:59:11
TRF-0003,Jeddah-Main,,304.43,59.93,68.21,36.0,NORMAL,B,25-05-2026 00:59
TRF-0004,Jeddah-Industrial,228.69,436.03,60.03,99.72,35.5,NORMAL,A,20260525T005911
TRF-0005,Dammam-Central,225.86,281.79,59.9,63.65,43.4,NORMAL,B,2026-05-25 00:59:11
TRF-0006,Dammam-Port,229.12,292.97,59.82,67.13,56.1,NORMAL,A,25-05-2026 00:59
TRF-0007,Mecca-Haram,224.48,113.89,60.17,25.57,44.1,NORMAL,A,05/25/2026 00:59:11
TRF-0008,Medina-Central,234.83,,60.08,86.27,42.9,NORMAL,A,2026/05/25 00:59:11
TRF-0009,Abha-City,222.83,455.25,60.18,101.44,47.6,NORMAL,B,2026/05/25 00:59:11
TRF-0010,Tabuk-Center,239.03,397.82,59.8,95.09,30.6,NORMAL,B,2026/05/25 00:59:11
TRF-0001,Riyadh-North,228.07,207.99,59.98,47.44,35.7,NORMAL,A,2026-05-25 00:59:11
TRF-0001,Riyadh-North,228.07,207.99,59.98,47.44,35.7,NORMAL,A,2026-05-25 00:59:11
TRF-0002,Riyadh-East,235.86,127.88,60.18,30.16,31.2,NORMAL,B,2026-05-25 00:59:11
TRF-0003,Jeddah-Main,226.61,325.45,59.8,73.75,47.2,NORMAL,B,05/25/2026 00:59:11
TRF-0004,Jeddah-Industrial,227.84,0.0,60.08,0.0,33.7,OUTAGE,C,2026-05-25 00:59:11
TRF-0005,Dammam-Central,,412.62,60.14,92.87,43.3,NORMAL,C,20260525T005911
TRF-0006,Dammam-Port,226.93,132.95,60.04,30.17,250.0,OVERHEAT,A,20260525T005911
TRF-0007,Mecca-Haram,231.77,387.8,60.05,89.88,30.6,NORMAL,C,25-05-2026 00:59
TRF-0008,Medina-Central,225.34,137.03,59.89,30.88,42.7,NORMAL,B,2026/05/25 00:59:11
TRF-0009,Abha-City,232.64,499.21,59.98,116.14,53.6,NORMAL,C,25-05-2026 00:59
TRF-0010,Tabuk-Center,224.42,384.72,60.04,86.34,33.9,NORMAL,A,2026-05-25 00:59:11
TRF-0001,Riyadh-North,232.18,230.56,60.08,,33.4,NORMAL,A,2026-05-25 00:59:11
TRF-0002,Riyadh-East,230.23,432.38,60.12,99.55,60.9,NORMAL,A,2026/05/25 00:59:11
TRF-0003,Jeddah-Main,236.82,398.4,59.93,94.35,49.4,NORMAL,C,2026/05/25 00:59:11
TRF-0004,Jeddah-Industrial,239.12,188.58,60.05,45.09,33.9,NORMAL,C,2026/05/25 00:59:11
TRF-0005,Dammam-Central,229.96,347.47,60.01,79.9,44.2,NORMAL,A,05/25/2026 00:59:11
TRF-0006,Dammam-Port,235.46,301.14,60.15,70.91,45.9,NORMAL,B,25-05-2026 00:59
TRF-0007,Mecca-Haram,225.15,488.15,60.13,109.91,64.0,NORMAL,B,20260525T005911
TRF-0008,Medina-Central,223.56,108.1,59.83,24.17,44.4,NORMAL,A,2026-05-25 00:59:11
TRF-0009,Abha-City,238.47,418.18,59.92,99.72,30.4,NORMAL,A,20260525T005911
TRF-0010,Tabuk-Center,233.16,267.24,60.09,62.31,50.3,NORMAL,A,05/25/2026 00:59:11
TRF-0001,Riyadh-North,239.83,400.68,59.89,96.1,46.2,NORMAL,B,25-05-2026 00:59
TRF-0002,Riyadh-East,232.17,396.2,59.98,91.99,58.2,NORMAL,C,25-05-2026 00:59
TRF-0003,Jeddah-Main,223.03,484.9,60.03,108.15,32.2,NORMAL,C,25-05-2026 00:59
TRF-0004,Jeddah-Industrial,223.45,227.19,59.82,50.77,34.7,NORMAL,B,2026/05/25 00:59:11
TRF-0005,Dammam-Central,222.58,498.4,59.91,110.93,61.8,NORMAL,B,05/25/2026 00:59:11
TRF-0006,Dammam-Port,232.81,429.8,59.87,100.06,40.0,NORMAL,B,25-05-2026 00:59
TRF-0007,Mecca-Haram,220.86,435.02,59.91,96.08,50.3,NORMAL,B,20260525T005911
TRF-0008,Medina-Central,239.53,476.87,60.0,114.22,42.2,NORMAL,C,20260525T005911
TRF-0009,Abha-City,238.1,192.9,59.83,45.93,56.5,NORMAL,C,2026/05/25 00:59:11
TRF-0010,Tabuk-Center,221.13,490.97,60.03,108.57,37.6,NORMAL,B,25-05-2026 00:59
TRF-0001,Riyadh-North,233.32,380.45,59.95,88.77,34.9,NORMAL,C,05/25/2026 00:59:11
TRF-0002,Riyadh-East,222.89,460.71,59.83,102.69,48.3,NORMAL,B,25-05-2026 00:59
TRF-0003,Jeddah-Main,227.81,484.74,60.12,110.43,36.7,NORMAL,C,2026/05/25 00:59:11
TRF-0004,Jeddah-Industrial,230.97,358.92,60.04,82.9,35.2,NORMAL,B,2026-05-25 00:59:11
TRF-0005,Dammam-Central,221.83,158.26,59.81,35.11,61.7,NORMAL,B,2026-05-25 00:59:11
TRF-0006,Dammam-Port,221.46,209.26,60.15,46.34,35.3,NORMAL,B,2026-05-25 00:59:11
TRF-0007,Mecca-Haram,230.87,478.24,59.9,110.41,46.5,NORMAL,A,05/25/2026 00:59:11
TRF-0008,Medina-Central,235.81,187.88,59.89,44.3,50.2,NORMAL,A,25-05-2026 00:59
TRF-0009,Abha-City,224.99,234.37,60.01,52.73,52.5,NORMAL,C,20260525T005911
TRF-0010,Tabuk-Center,222.7,168.18,59.97,37.45,44.2,NORMAL,B,05/25/2026 00:59:11
TRF-0001,Riyadh-North,228.56,103.78,59.81,23.72,43.0,NORMAL,A,2026-05-25 00:59:11
TRF-0002,Riyadh-East,230.36,409.32,59.99,94.29,30.6,NORMAL,C,20260525T005911
TRF-0003,Jeddah-Main,233.1,364.16,60.17,84.89,64.0,NORMAL,A,20260525T005911
TRF-0004,Jeddah-Industrial,228.48,109.58,60.19,25.04,55.4,NORMAL,B,2026/05/25 00:59:11
TRF-0005,Dammam-Central,237.68,270.53,60.01,64.3,49.9,NORMAL,C,20260525T005911
TRF-0006,Dammam-Port,230.97,294.5,60.03,68.02,49.3,NORMAL,C,20260525T005911
TRF-0007,Mecca-Haram,229.64,463.63,59.97,106.47,50.9,NORMAL,A,05/25/2026 00:59:11
TRF-0008,Medina-Central,223.49,207.09,59.8,46.28,34.7,NORMAL,B,05/25/2026 00:59:11
TRF-0009,Abha-City,226.56,390.43,59.85,88.46,61.7,NORMAL,A,25-05-2026 00:59
TRF-0010,Tabuk-Center,220.4,279.21,60.05,61.54,46.8,NORMAL,C,25-05-2026 00:59
TRF-0001,Riyadh-North,230.03,481.67,60.11,110.8,60.3,NORMAL,B,2026-05-25 00:59:11
TRF-0002,Riyadh-East,221.73,287.58,60.15,63.77,61.1,NORMAL,C,2026-05-25 00:59:11
TRF-0003,Jeddah-Main,230.3,382.33,59.95,88.05,58.3,NORMAL,C,05/25/2026 00:59:11
TRF-0004,Jeddah-Industrial,224.61,418.76,60.2,94.06,48.6,NORMAL,A,2026/05/25 00:59:11
TRF-0005,Dammam-Central,229.99,482.18,59.94,110.9,63.0,NORMAL,A,2026/05/25 00:59:11
TRF-0006,Dammam-Port,226.79,390.28,60.19,88.51,50.3,NORMAL,A,20260525T005911
TRF-0007,Mecca-Haram,227.15,369.61,59.99,83.96,64.4,NORMAL,C,20260525T005911
TRF-0008,Medina-Central,236.09,446.78,60.1,105.48,50.6,NORMAL,A,2026/05/25 00:59:11
TRF-0009,Abha-City,221.44,260.98,59.9,57.79,32.3,NORMAL,B,05/25/2026 00:59:11
TRF-0010,Tabuk-Center,237.48,351.96,59.94,83.58,45.0,NORMAL,C,05/25/2026 00:59:11
TRF-0001,Riyadh-North,235.71,226.15,60.15,53.31,40.6,NORMAL,C,2026/05/25 00:59:11

TRF-0002,Riyadh-East,221.8,275.2,60.19,61.04,32.8,NORMAL,B,2026-05-25 00:59:11
TRF-0003,Jeddah-Main,231.74,432.6,59.92,100.25,32.9,NORMAL,A,05/25/2026 00:59:11
TRF-0004,Jeddah-Industrial,232.64,405.54,60.07,94.34,38.2,NORMAL,A,2026-05-25 00:59:11
TRF-0005,Dammam-Central,230.28,262.46,59.93,60.44,49.9,NORMAL,C,05/25/2026 00:59:11
TRF-0006,Dammam-Port,234.99,240.3,59.94,56.47,53.8,NORMAL,B,2026-05-25 00:59:11
TRF-0007,Mecca-Haram,235.43,324.99,59.97,76.51,35.7,NORMAL,C,20260525T005911
TRF-0008,Medina-Central,239.86,192.02,60.15,46.06,33.6,NORMAL,C,20260525T005911
TRF-0009,Abha-City,239.57,460.05,59.83,110.21,36.3,NORMAL,A,20260525T005911
TRF-0010,Tabuk-Center,226.7,382.65,59.83,86.75,53.6,NORMAL,B,05/25/2026 00:59:11
TRF-0001,Riyadh-North,222.76,163.49,60.12,36.42,64.4,NORMAL,B,25-05-2026 00:59
TRF-0002,Riyadh-East,228.35,272.88,60.05,62.31,59.8,NORMAL,C,2026/05/25 00:59:11
TRF-0003,Jeddah-Main,229.25,180.19,60.07,41.31,54.0,NORMAL,B,20260525T005911
TRF-0004,Jeddah-Industrial,234.28,103.14,60.11,24.16,58.4,NORMAL,C,2026/05/25 00:59:11
TRF-0005,Dammam-Central,229.38,284.58,60.11,65.28,58.7,NORMAL,A,20260525T005911
TRF-0006,Dammam-Port,230.96,373.48,59.91,86.26,45.8,NORMAL,B,2026-05-25 00:59:11
TRF-0007,Mecca-Haram,239.27,149.81,59.98,35.85,42.8,NORMAL,A,20260525T005911
TRF-0008,Medina-Central,232.58,463.23,60.08,107.74,50.0,NORMAL,A,2026/05/25 00:59:11
TRF-0009,Abha-City,224.45,124.36,60.15,27.91,38.2,NORMAL,A,2026/05/25 00:59:11
TRF-0010,Tabuk-Center,235.25,160.74,60.0,37.81,53.0,NORMAL,B,20260525T005911
TRF-0001,Riyadh-North,234.31,138.16,53.12,32.37,34.0,FREQ_DRIFT,A,2026/05/25 00:59:11
TRF-0002,Riyadh-East,221.08,318.46,59.84,70.41,40.9,NORMAL,B,2026-05-25 00:59:11
TRF-0003,Jeddah-Main,232.5,171.27,59.82,39.82,57.3,NORMAL,B,05/25/2026 00:59:11
TRF-0004,Jeddah-Industrial,237.67,291.3,59.92,69.23,51.6,NORMAL,A,25-05-2026 00:59
TRF-0005,Dammam-Central,239.88,296.04,59.96,71.01,40.4,NORMAL,C,2026-05-25 00:59:11
TRF-0006,Dammam-Port,222.44,248.83,60.13,55.35,41.3,NORMAL,C,2026-05-25 00:59:11
TRF-0007,Mecca-Haram,224.41,464.72,59.9,104.29,48.3,NORMAL,C,2026-05-25 00:59:11
TRF-0008,Medina-Central,230.84,294.33,60.08,67.94,50.3,NORMAL,C,25-05-2026 00:59
TRF-0009,Abha-City,227.61,277.35,60.18,63.13,57.7,NORMAL,A,25-05-2026 00:59
TRF-0010,Tabuk-Center,229.17,424.97,60.2,97.39,60.1,NORMAL,B,2026-05-25 00:59:11
TRF-0001,Riyadh-North,234.71,179.34,60.08,42.09,42.0,NORMAL,B,2026-05-25 00:59:11
TRF-0002,Riyadh-East,233.85,416.0,59.91,97.28,47.8,NORMAL,A,05/25/2026 00:59:11
TRF-0002,Riyadh-East,233.85,416.0,59.91,97.28,47.8,NORMAL,A,05/25/2026 00:59:11
TRF-0003,Jeddah-Main,226.11,212.62,60.15,48.08,42.1,NORMAL,B,2026-05-25 00:59:11
TRF-0004,Jeddah-Industrial,221.48,342.82,60.0,75.93,48.0,NORMAL,B,2026/05/25 00:59:11
TRF-0005,Dammam-Central,223.28,486.54,60.04,108.63,43.2,NORMAL,C,05/25/2026 00:59:11
TRF-0006,Dammam-Port,-230,267.53,59.87,61.82,36.3,NORMAL,C,05/25/2026 00:59:11
TRF-0007,Mecca-Haram,236.4,,60.11,72.51,57.0,NORMAL,B,2026-05-25 00:59:11
TRF-0008,Medina-Central,237.14,304.95,59.87,72.32,64.5,NORMAL,A,05/25/2026 00:59:11
TRF-0009,Abha-City,227.46,408.96,60.13,93.02,45.2,NORMAL,A,20260525T005911
TRF-0010,Tabuk-Center,234.96,448.82,60.16,105.45,33.6,NORMAL,C,25-05-2026 00:59
TRF-0001,Riyadh-North,237.85,383.19,,91.14,35.7,NORMAL,B,2026-05-25 00:59:11
TRF-0002,Riyadh-East,234.19,495.19,60.14,115.97,39.4,NORMAL,A,2026-05-25 00:59:11
TRF-0003,Jeddah-Main,224.44,111.51,59.95,25.03,60.4,NORMAL,B,25-05-2026 00:59
TRF-0004,Jeddah-Industrial,231.83,314.9,60.13,73.0,52.7,NORMAL,B,2026-05-25 00:59:11
TRF-0005,Dammam-Central,231.13,386.45,59.88,89.32,40.6,NORMAL,A,2026/05/25 00:59:11
TRF-0006,Dammam-Port,230.5,442.46,60.08,101.99,60.7,NORMAL,B,20260525T005911
TRF-0007,Mecca-Haram,225.99,326.61,59.83,73.81,30.4,NORMAL,B,05/25/2026 00:59:11
TRF-0008,Medina-Central,227.88,245.98,60.03,56.05,58.2,NORMAL,A,2026/05/25 00:59:11
TRF-0009,Abha-City,222.27,303.18,60.09,67.39,48.0,NORMAL,A,2026/05/25 00:59:11
TRF-0010,Tabuk-Center,235.7,150.63,60.0,35.5,53.1,NORMAL,C,25-05-2026 00:59
TRF-0001,Riyadh-North,231.32,243.58,59.89,56.34,38.7,NORMAL,B,20260525T005911
TRF-0002,Riyadh-East,239.04,451.18,59.86,107.85,37.6,NORMAL,A,25-05-2026 00:59
TRF-0003,Jeddah-Main,222.19,384.95,60.17,85.53,45.2,NORMAL,B,05/25/2026 00:59:11
TRF-0004,Jeddah-Industrial,226.42,409.65,60.14,92.75,48.5,NORMAL,C,25-05-2026 00:59
TRF-0005,Dammam-Central,224.2,207.43,59.86,46.51,36.5,NORMAL,A,05/25/2026 00:59:11
TRF-0006,Dammam-Port,227.49,327.32,60.06,74.46,38.1,NORMAL,B,25-05-2026 00:59
TRF-0007,Mecca-Haram,233.69,110.41,60.09,25.8,41.7,NORMAL,A,2026/05/25 00:59:11
TRF-0008,Medina-Central,234.14,223.51,59.92,52.33,37.0,NORMAL,C,2026-05-25 00:59:11
TRF-0009,Abha-City,237.75,204.35,60.04,48.58,30.4,NORMAL,C,25-05-2026 00:59
TRF-0010,Tabuk-Center,231.04,316.91,59.87,73.22,64.4,NORMAL,B,05/25/2026 00:59:11
TRF-0001,Riyadh-North,224.12,485.12,63.86,108.73,34.8,FREQ_DRIFT,C,25-05-2026 00:59
TRF-0002,Riyadh-East,233.32,934.1,60.01,204.53,126.7,OVERLOAD,A,2026/05/25 00:59:11
TRF-0003,Jeddah-Main,234.14,466.28,59.84,109.17,33.1,NORMAL,B,2026/05/25 00:59:11
TRF-0004,Jeddah-Industrial,220.28,425.63,60.01,93.76,52.9,NORMAL,C,2026-05-25 00:59:11
TRF-0005,Dammam-Central,227.4,341.71,59.83,77.7,56.4,NORMAL,C,05/25/2026 00:59:11
TRF-0006,Dammam-Port,239.59,271.42,,65.03,57.3,NORMAL,C,05/25/2026 00:59:11
TRF-0007,Mecca-Haram,220.01,420.51,60.05,92.52,33.5,NORMAL,A,25-05-2026 00:59

TRF-0008,Medina-Central,235.82,195.22,60.12,46.04,56.9,NORMAL,A,20260525T005911
TRF-0009,Abha-City,223.89,172.64,59.91,38.65,43.4,NORMAL,C,2026-05-25 00:59:11
TRF-0010,Tabuk-Center,238.47,470.68,59.94,112.24,250.0,OVERHEAT,B,20260525T005911
TRF-0001,Riyadh-North,238.11,212.34,59.81,50.56,55.8,NORMAL,B,25-05-2026 00:59
TRF-0002,Riyadh-East,223.46,490.36,59.88,109.58,42.8,NORMAL,B,25-05-2026 00:59
TRF-0003,Jeddah-Main,236.1,259.23,60.06,61.2,61.9,NORMAL,C,05/25/2026 00:59:11
TRF-0004,Jeddah-Industrial,225.55,360.93,59.94,81.41,59.3,NORMAL,C,2026-05-25 00:59:11
TRF-0005,Dammam-Central,234.09,352.2,59.86,82.45,58.0,NORMAL,C,25-05-2026 00:59
TRF-0006,Dammam-Port,,131.16,60.06,28.94,48.0,NORMAL,C,2026/05/25 00:59:11
TRF-0007,Mecca-Haram,230.84,238.67,60.08,55.09,30.3,NORMAL,C,2026-05-25 00:59:11
TRF-0008,Medina-Central,221.66,294.49,60.05,65.28,35.5,NORMAL,A,2026/05/25 00:59:11
TRF-0009,Abha-City,237.98,341.2,59.94,81.2,32.7,NORMAL,C,2026/05/25 00:59:11
TRF-0010,Tabuk-Center,231.96,0.0,59.98,0.0,38.5,OUTAGE,A,2026/05/25 00:59:11
TRF-0001,Riyadh-North,225.42,279.32,60.13,62.96,62.9,NORMAL,A,20260525T005911
TRF-0002,Riyadh-East,231.64,119.24,60.01,27.62,37.6,NORMAL,C,2026/05/25 00:59:11
TRF-0003,Jeddah-Main,234.03,370.68,60.03,86.75,63.5,NORMAL,B,20260525T005911
TRF-0004,Jeddah-Industrial,228.53,129.82,59.97,29.67,56.9,NORMAL,B,05/25/2026 00:59:11
TRF-0005,Dammam-Central,221.87,106.63,60.08,23.66,49.0,NORMAL,A,25-05-2026 00:59
TRF-0006,Dammam-Port,231.69,214.18,59.89,49.62,42.1,NORMAL,A,25-05-2026 00:59
TRF-0006,Dammam-Port,231.69,214.18,59.89,49.62,42.1,NORMAL,A,25-05-2026 00:59
TRF-0007,Mecca-Haram,-230,329.13,60.1,76.37,34.2,NORMAL,C,2026-05-25 00:59:11
TRF-0008,Medina-Central,233.04,498.66,59.94,116.21,62.9,NORMAL,C,25-05-2026 00:59
TRF-0009,Abha-City,232.83,116.41,59.96,27.1,42.6,NORMAL,A,25-05-2026 00:59
TRF-0010,Tabuk-Center,229.15,355.94,59.99,81.56,30.3,NORMAL,C,2026/05/25 00:59:11
TRF-0010,Tabuk-Center,229.15,355.94,59.99,81.56,30.3,NORMAL,C,2026/05/25 00:59:11
TRF-0001,Riyadh-North,223.9,384.68,59.91,86.13,56.2,NORMAL,A,2026/05/25 00:59:11
TRF-0002,Riyadh-East,220.2,291.4,59.83,64.17,63.4,NORMAL,C,2026-05-25 00:59:11
TRF-0003,Jeddah-Main,222.77,280.14,59.82,62.41,43.8,NORMAL,B,20260525T005911
TRF-0004,Jeddah-Industrial,234.44,268.74,59.95,63.0,47.6,NORMAL,C,20260525T005911
TRF-0005,Dammam-Central,237.21,284.7,59.9,67.53,52.9,NORMAL,C,20260525T005911
TRF-0006,Dammam-Port,220.97,499.23,59.8,110.31,60.3,NORMAL,B,20260525T005911
TRF-0007,Mecca-Haram,220.54,250.97,59.94,55.35,250.0,OVERHEAT,A,2026/05/25 00:59:11
TRF-0008,Medina-Central,224.82,145.28,60.13,32.66,45.5,NORMAL,C,05/25/2026 00:59:11
TRF-0009,Abha-City,234.79,206.45,60.15,48.47,40.0,NORMAL,B,2026/05/25 00:59:11
TRF-0010,Tabuk-Center,-230,267.19,59.98,62.89,56.2,NORMAL,B,05/25/2026 00:59:11
TRF-0001,Riyadh-North,227.47,271.68,60.03,61.8,56.6,NORMAL,C,2026/05/25 00:59:11
TRF-0002,Riyadh-East,223.15,165.27,59.94,36.88,55.7,NORMAL,B,05/25/2026 00:59:11
TRF-0003,Jeddah-Main,221.93,142.93,60.01,31.72,44.9,NORMAL,C,20260525T005911
TRF-0004,Jeddah-Industrial,232.33,449.75,60.08,104.49,50.5,NORMAL,A,2026/05/25 00:59:11
TRF-0005,Dammam-Central,238.64,342.26,60.04,81.68,46.0,NORMAL,C,2026-05-25 00:59:11
TRF-0006,Dammam-Port,230.45,303.69,60.19,69.99,41.0,NORMAL,A,20260525T005911
TRF-0007,Mecca-Haram,230.6,129.04,60.06,29.76,58.0,NORMAL,A,2026/05/25 00:59:11
TRF-0008,Medina-Central,222.66,379.24,60.03,84.44,32.2,NORMAL,A,25-05-2026 00:59
TRF-0009,Abha-City,229.9,448.47,59.98,103.1,46.0,NORMAL,A,2026/05/25 00:59:11
TRF-0010,Tabuk-Center,232.02,250.66,60.2,58.16,57.6,NORMAL,A,25-05-2026 00:59
TRF-0001,Riyadh-North,227.63,481.82,59.87,109.68,48.8,NORMAL,A,2026/05/25 00:59:11
TRF-0002,Riyadh-East,238.52,276.83,59.92,66.03,63.6,NORMAL,C,2026-05-25 00:59:11
TRF-0003,Jeddah-Main,,438.0,60.04,103.23,54.3,NORMAL,A,2026/05/25 00:59:11
TRF-0004,Jeddah-Industrial,234.61,225.43,60.13,52.89,40.6,NORMAL,C,2026/05/25 00:59:11
TRF-0005,Dammam-Central,234.68,199.28,59.88,46.77,63.6,NORMAL,B,2026/05/25 00:59:11
TRF-0006,Dammam-Port,232.94,280.43,59.85,65.32,52.3,NORMAL,C,05/25/2026 00:59:11
TRF-0007,Mecca-Haram,230.03,116.74,59.97,26.85,59.8,NORMAL,C,20260525T005911
TRF-0008,Medina-Central,237.88,389.75,59.85,92.71,45.8,NORMAL,B,20260525T005911
TRF-0009,Abha-City,221.84,464.15,59.87,102.97,61.8,NORMAL,C,20260525T005912
TRF-0010,Tabuk-Center,222.84,259.14,60.16,57.75,62.5,NORMAL,A,20260525T005912
TRF-0001,Riyadh-North,228.44,100.42,59.98,22.94,51.7,NORMAL,B,2026/05/25 00:59:12
TRF-0002,Riyadh-East,222.59,312.05,59.96,69.46,63.6,NORMAL,A,20260525T005912
TRF-0003,Jeddah-Main,228.15,138.82,59.82,31.67,30.4,NORMAL,C,2026-05-25 00:59:12
TRF-0004,Jeddah-Industrial,237.7,,60.16,90.52,44.0,NORMAL,B,2026/05/25 00:59:12
TRF-0005,Dammam-Central,221.63,112.23,60.04,24.87,,NORMAL,A,2026-05-25 00:59:12
TRF-0006,Dammam-Port,233.84,192.54,60.14,45.02,46.5,NORMAL,A,2026/05/25 00:59:12
TRF-0007,Mecca-Haram,231.53,111.83,59.84,25.89,38.1,NORMAL,A,20260525T005912
TRF-0008,Medina-Central,238.15,195.35,59.9,46.52,43.4,NORMAL,A,25-05-2026 00:59
TRF-0009,Abha-City,229.71,161.12,60.16,37.01,37.9,NORMAL,C,20260525T005912
TRF-0010,Tabuk-Center,227.22,362.35,59.94,82.33,49.3,NORMAL,A,2026-05-25 00:59:12
TRF-0001,Riyadh-North,221.3,393.1,60.03,86.99,61.5,NORMAL,C,25-05-2026 00:59
TRF-0002,Riyadh-East,231.71,185.63,59.96,43.01,40.9,NORMAL,C,05/25/2026 00:59:12
TRF-0003,Jeddah-Main,239.4,127.89,59.82,30.62,55.9,NORMAL,C,2026-05-25 00:59:12
TRF-0004,Jeddah-Industrial,229.01,498.66,59.96,114.2,39.6,NORMAL,B,2026-05-25 00:59:12
TRF-0005,Dammam-Central,235.27,275.67,59.86,64.86,56.1,NORMAL,A,05/25/2026 00:59:12
TRF-0006,Dammam-Port,237.9,391.28,59.91,93.09,40.7,NORMAL,B,2026/05/25 00:59:12
TRF-0007,Mecca-Haram,239.13,259.48,60.04,62.05,30.6,NORMAL,A,25-05-2026 00:59
TRF-0008,Medina-Central,235.77,224.12,60.01,52.84,32.0,NORMAL,B,05/25/2026 00:59:12
TRF-0009,Abha-City,238.27,377.38,60.05,89.92,53.4,NORMAL,C,05/25/2026 00:59:12
TRF-0010,Tabuk-Center,238.99,297.76,64.14,71.16,59.2,FREQ_DRIFT,B,05/25/2026 00:59:12
TRF-0001,Riyadh-North,222.78,237.76,59.8,52.97,30.0,NORMAL,A,2026-05-25 00:59:12
TRF-0002,Riyadh-East,237.31,183.55,60.1,43.56,36.0,NORMAL,B,05/25/2026 00:59:12
TRF-0003,Jeddah-Main,220.4,376.6,60.07,83.0,50.6,NORMAL,C,25-05-2026 00:59
TRF-0004,Jeddah-Industrial,236.85,165.42,60.2,39.18,62.4,NORMAL,A,2026-05-25 00:59:12
TRF-0005,Dammam-Central,234.84,420.6,60.03,98.77,42.0,NORMAL,A,05/25/2026 00:59:12
TRF-0006,Dammam-Port,235.6,242.1,60.07,57.04,50.2,NORMAL,A,2026-05-25 00:59:12
TRF-0007,Mecca-Haram,239.81,200.37,59.87,48.05,51.8,NORMAL,A,25-05-2026 00:59
TRF-0008,Medina-Central,239.68,335.08,60.14,80.31,53.1,NORMAL,A,20260525T005912
TRF-0009,Abha-City,231.72,433.53,59.87,100.46,63.4,NORMAL,C,20260525T005912
TRF-0010,Tabuk-Center,224.01,123.76,59.95,27.72,39.0,NORMAL,C,05/25/2026 00:59:12
;;;;;
TRF-0001,Riyadh-North,223.4,149.12,60.15,33.31,45.5,NORMAL,A,25-05-2026 00:59
TRF-0002,Riyadh-East,238.42,140.35,60.11,33.46,58.2,NORMAL,A,2026/05/25 00:59:12
TRF-0003,Jeddah-Main,223.87,179.83,60.2,40.26,36.0,NORMAL,A,2026/05/25 00:59:12
TRF-0004,Jeddah-Industrial,223.25,346.78,59.9,77.42,64.5,NORMAL,A,25-05-2026 00:59
TRF-0005,Dammam-Central,234.75,0.0,60.05,0.0,34.9,OUTAGE,A,05/25/2026 00:59:12
TRF-0006,Dammam-Port,220.46,275.92,60.02,60.83,30.0,NORMAL,B,20260525T005912
TRF-0007,Mecca-Haram,223.65,348.8,60.13,78.01,60.9,NORMAL,C,05/25/2026 00:59:12
TRF-0008,Medina-Central,236.82,461.99,60.17,109.41,40.7,NORMAL,C,05/25/2026 00:59:12
TRF-0009,Abha-City,229.15,426.78,60.19,97.8,52.4,NORMAL,A,2026-05-25 00:59:12
TRF-0010,Tabuk-Center,229.0,392.52,60.0,89.89,61.0,NORMAL,A,25-05-2026 00:59
TRF-0001,Riyadh-North,228.48,351.77,59.99,80.37,56.9,NORMAL,B,2026/05/25 00:59:12
TRF-0002,Riyadh-East,239.77,331.87,59.94,79.57,62.4,NORMAL,A,2026/05/25 00:59:12
TRF-0003,Jeddah-Main,234.08,0.0,60.08,0.0,52.6,OUTAGE,B,2026-05-25 00:59:12
TRF-0004,Jeddah-Industrial,221.32,223.95,60.1,49.56,56.8,NORMAL,A,2026-05-25 00:59:12
TRF-0005,Dammam-Central,223.94,0.0,59.98,0.0,35.9,OUTAGE,C,05/25/2026 00:59:12
TRF-0006,Dammam-Port,233.75,409.47,59.92,95.71,250.0,OVERHEAT,C,20260525T005912
TRF-0007,Mecca-Haram,233.86,296.7,59.94,69.39,64.3,NORMAL,A,25-05-2026 00:59
TRF-0008,Medina-Central,221.8,319.06,60.15,70.77,32.2,NORMAL,A,05/25/2026 00:59:12
TRF-0009,Abha-City,220.93,483.38,60.01,106.79,41.2,NORMAL,B,2026/05/25 00:59:12
TRF-0010,Tabuk-Center,230.98,229.39,60.1,52.98,41.8,NORMAL,C,05/25/2026 00:59:12
TRF-0001,Riyadh-North,229.36,252.32,60.08,57.87,33.0,NORMAL,C,2026-05-25 00:59:12
TRF-0002,Riyadh-East,220.89,347.14,60.05,76.68,34.4,NORMAL,A,25-05-2026 00:59
TRF-0003,Jeddah-Main,221.61,103.63,59.87,22.97,37.3,NORMAL,A,20260525T005912
TRF-0004,Jeddah-Industrial,230.48,318.07,60.15,73.31,61.9,NORMAL,C,2026/05/25 00:59:12
TRF-0005,Dammam-Central,238.18,343.67,59.89,81.86,53.8,NORMAL,A,2026-05-25 00:59:12
TRF-0006,Dammam-Port,236.01,0.0,60.13,0.0,39.2,OUTAGE,A,20260525T005912
TRF-0007,Mecca-Haram,237.48,124.42,,29.55,42.8,NORMAL,C,05/25/2026 00:59:12
TRF-0008,Medina-Central,224.05,427.25,59.87,95.73,59.8,NORMAL,B,20260525T005912
TRF-0009,Abha-City,225.88,179.48,59.99,40.54,39.9,NORMAL,A,2026/05/25 00:59:12
TRF-0010,Tabuk-Center,220.89,467.53,60.0,103.27,38.8,NORMAL,C,05/25/2026 00:59:12
TRF-0001,Riyadh-North,238.21,361.59,60.13,86.13,38.8,NORMAL,C,2026/05/25 00:59:12
TRF-0002,Riyadh-East,231.75,465.91,60.2,107.97,56.7,NORMAL,C,20260525T005912
TRF-0003,Jeddah-Main,228.73,231.25,60.12,52.89,62.7,NORMAL,A,2026-05-25 00:59:12
TRF-0003,Jeddah-Main,228.73,231.25,60.12,52.89,62.7,NORMAL,A,2026-05-25 00:59:12
TRF-0004,Jeddah-Industrial,223.11,435.11,59.88,97.08,52.7,NORMAL,A,05/25/2026 00:59:12
TRF-0005,Dammam-Central,221.15,432.98,59.86,95.75,59.1,NORMAL,C,2026-05-25 00:59:12
TRF-0006,Dammam-Port,239.45,316.72,60.16,75.84,45.4,NORMAL,C,2026-05-25 00:59:12
TRF-0007,Mecca-Haram,238.63,353.66,60.04,84.39,49.5,NORMAL,B,2026/05/25 00:59:12
TRF-0008,Medina-Central,226.14,347.04,59.92,78.48,39.9,NORMAL,A,20260525T005912
TRF-0009,Abha-City,239.75,199.01,59.92,47.71,39.9,NORMAL,A,2026/05/25 00:59:12
TRF-0010,Tabuk-Center,233.51,1012.68,59.92,214.43,125.2,OVERLOAD,A,05/25/2026 00:59:12
TRF-0001,Riyadh-North,222.89,409.78,60.08,91.34,45.1,NORMAL,C,20260525T005912
TRF-0002,Riyadh-East,237.36,149.01,59.85,35.37,30.8,NORMAL,A,25-05-2026 00:59
TRF-0003,Jeddah-Main,227.17,466.46,60.01,105.97,47.1,NORMAL,C,2026-05-25 00:59:12
TRF-0004,Jeddah-Industrial,228.2,388.96,59.97,88.76,60.5,NORMAL,C,2026-05-25 00:59:12
TRF-0005,Dammam-Central,224.18,280.73,60.16,62.93,53.8,NORMAL,C,2026/05/25 00:59:12
TRF-0006,Dammam-Port,223.54,435.56,59.95,97.37,58.6,NORMAL,A,05/25/2026 00:59:12
TRF-0007,Mecca-Haram,236.34,367.69,59.84,86.9,34.8,NORMAL,C,2026-05-25 00:59:12
TRF-0008,Medina-Central,236.48,448.18,60.02,105.99,63.7,NORMAL,B,2026-05-25 00:59:12
TRF-0009,Abha-City,236.96,300.54,60.02,71.22,60.1,NORMAL,B,25-05-2026 00:59
TRF-0010,Tabuk-Center,222.13,198.9,59.84,44.18,61.1,NORMAL,C,2026-05-25 00:59:12
TRF-0001,Riyadh-North,231.16,190.0,60.06,43.92,42.4,NORMAL,C,20260525T005912
TRF-0002,Riyadh-East,237.93,378.58,60.13,90.08,32.8,NORMAL,A,05/25/2026 00:59:12
TRF-0003,Jeddah-Main,222.97,371.05,59.97,82.73,63.1,NORMAL,C,2026-05-25 00:59:12
TRF-0004,Jeddah-Industrial,227.48,254.36,60.15,57.86,35.4,NORMAL,A,05/25/2026 00:59:12
TRF-0005,Dammam-Central,225.41,122.03,49.16,27.51,44.0,FREQ_DRIFT,B,20260525T005912
TRF-0006,Dammam-Port,225.72,260.71,60.19,58.85,45.7,NORMAL,C,20260525T005912
TRF-0007,Mecca-Haram,221.28,165.17,59.93,36.55,63.1,NORMAL,B,20260525T005912
TRF-0008,Medina-Central,233.76,283.44,60.07,66.26,35.1,NORMAL,A,2026-05-25 00:59:12
TRF-0009,Abha-City,233.95,273.51,60.07,63.99,53.4,NORMAL,A,20260525T005912
TRF-0010,Tabuk-Center,225.05,175.41,59.98,39.48,51.4,NORMAL,B,2026/05/25 00:59:12
TRF-0001,Riyadh-North,232.69,488.45,60.17,113.66,37.3,NORMAL,C,20260525T005912
TRF-0002,Riyadh-East,229.05,306.83,59.97,70.28,59.2,NORMAL,C,2026/05/25 00:59:12
TRF-0003,Jeddah-Main,234.81,368.89,59.93,86.62,46.6,NORMAL,C,20260525T005912
TRF-0004,Jeddah-Industrial,234.61,454.25,60.05,106.57,48.2,NORMAL,C,25-05-2026 00:59
TRF-0005,Dammam-Central,224.78,446.08,59.95,100.27,57.6,NORMAL,B,25-05-2026 00:59
TRF-0006,Dammam-Port,239.02,355.17,60.01,84.89,60.3,NORMAL,A,2026/05/25 00:59:12
TRF-0007,Mecca-Haram,221.86,291.02,59.92,64.57,59.7,NORMAL,A,20260525T005912
TRF-0008,Medina-Central,238.02,347.0,60.06,82.59,250.0,OVERHEAT,A,2026/05/25 00:59:12
TRF-0009,Abha-City,227.93,474.66,60.05,108.19,45.0,NORMAL,C,20260525T005912
TRF-0010,Tabuk-Center,230.17,469.65,59.89,108.1,30.4,NORMAL,B,25-05-2026 00:59
TRF-0001,Riyadh-North,236.25,251.57,59.87,59.43,44.7,NORMAL,B,2026-05-25 00:59:12
TRF-0002,Riyadh-East,224.77,245.95,60.08,55.28,31.7,NORMAL,A,20260525T005912
TRF-0003,Jeddah-Main,233.1,469.03,59.89,109.33,42.5,NORMAL,B,2026/05/25 00:59:12
TRF-0004,Jeddah-Industrial,-230,400.38,59.95,88.22,42.6,NORMAL,C,05/25/2026 00:59:12
TRF-0005,Dammam-Central,227.58,980.93,59.93,294.78,97.9,OVERLOAD,B,25-05-2026 00:59
TRF-0006,Dammam-Port,223.58,477.38,59.87,106.73,50.3,NORMAL,B,05/25/2026 00:59:12
TRF-0007,Mecca-Haram,231.86,496.44,60.12,115.1,42.4,NORMAL,B,2026-05-25 00:59:12
TRF-0008,Medina-Central,223.1,247.31,59.87,55.17,39.1,NORMAL,B,2026-05-25 00:59:12
TRF-0009,Abha-City,228.45,466.49,59.89,106.57,35.1,NORMAL,C,2026-05-25 00:59:12
TRF-0010,Tabuk-Center,239.54,469.0,60.14,112.34,62.7,NORMAL,A,05/25/2026 00:59:12
TRF-0010,Tabuk-Center,239.54,469.0,60.14,112.34,62.7,NORMAL,A,05/25/2026 00:59:12
TRF-0001,Riyadh-North,239.62,111.94,60.1,26.82,50.2,NORMAL,C,2026/05/25 00:59:12
TRF-0002,Riyadh-East,232.1,479.27,60.06,111.24,53.6,NORMAL,B,05/25/2026 00:59:12
TRF-0003,Jeddah-Main,235.71,393.76,59.98,92.81,51.8,NORMAL,C,20260525T005912
TRF-0004,Jeddah-Industrial,220.71,129.09,60.06,28.49,34.2,NORMAL,C,05/25/2026 00:59:12
TRF-0005,Dammam-Central,224.55,102.98,60.12,23.12,43.8,NORMAL,B,25-05-2026 00:59
TRF-0006,Dammam-Port,220.72,415.77,59.92,91.77,34.0,NORMAL,B,05/25/2026 00:59:12
TRF-0007,Mecca-Haram,231.53,441.94,60.2,102.32,32.6,NORMAL,C,05/25/2026 00:59:12
TRF-0008,Medina-Central,-230,219.19,59.97,51.36,35.4,NORMAL,C,25-05-2026 00:59
TRF-0009,Abha-City,234.23,338.14,60.15,79.2,46.5,NORMAL,C,2026-05-25 00:59:12
TRF-0010,Tabuk-Center,234.76,475.53,60.18,111.64,40.6,NORMAL,A,2026/05/25 00:59:12
TRF-0001,Riyadh-North,235.27,179.08,59.83,42.13,250.0,OVERHEAT,B,20260525T005912
TRF-0002,Riyadh-East,235.47,314.25,60.05,74.0,40.1,NORMAL,A,25-05-2026 00:59
TRF-0003,Jeddah-Main,230.94,129.14,60.01,29.82,35.6,NORMAL,C,25-05-2026 00:59
TRF-0004,Jeddah-Industrial,223.91,386.64,59.89,86.57,35.6,NORMAL,A,25-05-2026 00:59
TRF-0005,Dammam-Central,220.97,396.35,60.16,87.58,58.6,NORMAL,B,2026-05-25 00:59:12
TRF-0006,Dammam-Port,222.97,,59.94,82.99,57.5,NORMAL,A,25-05-2026 00:59
TRF-0007,Mecca-Haram,235.76,406.74,59.98,95.89,36.9,NORMAL,A,20260525T005912
TRF-0008,Medina-Central,235.34,390.61,59.97,91.93,52.3,NORMAL,C,2026-05-25 00:59:12
TRF-0009,Abha-City,232.83,985.28,59.98,285.07,93.6,OVERLOAD,B,05/25/2026 00:59:12
TRF-0010,Tabuk-Center,226.43,487.99,60.04,110.5,35.1,NORMAL,C,05/25/2026 00:59:12
TRF-0001,Riyadh-North,226.25,464.91,60.08,105.19,42.1,NORMAL,A,20260525T005912
TRF-0002,Riyadh-East,228.15,320.9,60.15,73.21,34.9,NORMAL,C,20260525T005912
TRF-0003,Jeddah-Main,233.37,492.12,60.18,114.85,59.0,NORMAL,A,2026/05/25 00:59:12
TRF-0004,Jeddah-Industrial,225.95,378.97,60.08,85.63,33.3,NORMAL,B,25-05-2026 00:59
TRF-0005,Dammam-Central,232.43,360.64,60.13,83.82,53.8,NORMAL,A,2026/05/25 00:59:12
TRF-0006,Dammam-Port,236.02,455.8,65.91,107.58,54.2,FREQ_DRIFT,A,25-05-2026 00:59
TRF-0007,Mecca-Haram,231.76,279.87,60.09,,58.0,NORMAL,A,2026/05/25 00:59:12
TRF-0008,Medina-Central,239.73,458.84,59.81,110.0,34.5,NORMAL,A,2026-05-25 00:59:12
TRF-0009,Abha-City,230.73,171.4,59.85,39.55,64.2,NORMAL,A,20260525T005912
TRF-0010,Tabuk-Center,236.27,237.82,59.93,56.19,31.4,NORMAL,C,20260525T005912
TRF-0001,Riyadh-North,226.86,397.74,60.11,90.23,63.4,NORMAL,A,2026-05-25 00:59:12
TRF-0002,Riyadh-East,227.95,201.58,59.91,45.95,46.4,NORMAL,A,20260525T005912
TRF-0003,Jeddah-Main,237.73,442.64,59.98,105.23,62.2,NORMAL,B,05/25/2026 00:59:12
TRF-0004,Jeddah-Industrial,228.17,212.66,60.15,48.52,60.6,NORMAL,C,05/25/2026 00:59:12
TRF-0005,Dammam-Central,224.18,284.27,60.16,63.73,55.5,NORMAL,A,2026/05/25 00:59:12
TRF-0006,Dammam-Port,220.71,381.79,59.91,84.26,54.7,NORMAL,A,2026/05/25 00:59:12
TRF-0007,Mecca-Haram,236.17,320.68,64.24,75.73,41.6,FREQ_DRIFT,B,05/25/2026 00:59:12
TRF-0008,Medina-Central,230.62,253.41,60.17,58.44,55.4,NORMAL,B,2026/05/25 00:59:12
TRF-0009,Abha-City,225.83,150.88,59.81,34.07,50.3,NORMAL,C,2026/05/25 00:59:12
TRF-0010,Tabuk-Center,224.15,449.35,59.97,100.72,42.1,NORMAL,C,05/25/2026 00:59:12
TRF-0001,Riyadh-North,239.41,149.5,60.13,35.79,50.4,NORMAL,A,05/25/2026 00:59:12
TRF-0002,Riyadh-East,230.38,348.22,60.13,80.22,43.4,NORMAL,B,20260525T005912
TRF-0003,Jeddah-Main,229.03,299.26,59.91,68.54,61.0,NORMAL,B,20260525T005912
TRF-0004,Jeddah-Industrial,230.52,271.92,59.95,62.68,58.8,NORMAL,B,2026/05/25 00:59:12
TRF-0005,Dammam-Central,225.77,134.37,59.84,30.34,40.3,NORMAL,A,2026/05/25 00:59:12
TRF-0006,Dammam-Port,221.49,178.3,59.84,39.49,39.1,NORMAL,B,2026/05/25 00:59:12
TRF-0007,Mecca-Haram,222.09,412.83,59.92,91.69,44.0,NORMAL,A,2026/05/25 00:59:12
TRF-0008,Medina-Central,235.75,260.99,59.95,61.53,34.9,NORMAL,B,05/25/2026 00:59:12
TRF-0009,Abha-City,230.07,123.36,59.87,28.38,47.8,NORMAL,A,2026-05-25 00:59:12
TRF-0010,Tabuk-Center,220.31,440.2,59.89,96.98,32.9,NORMAL,A,05/25/2026 00:59:12
TRF-0001,Riyadh-North,232.91,187.72,59.96,43.72,40.0,NORMAL,B,20260525T005912
TRF-0002,Riyadh-East,236.55,420.24,51.71,99.41,59.2,FREQ_DRIFT,C,20260525T005912
TRF-0003,Jeddah-Main,221.95,389.01,60.13,86.34,51.0,NORMAL,B,2026-05-25 00:59:12
TRF-0004,Jeddah-Industrial,232.88,415.79,59.85,96.83,54.0,NORMAL,A,25-05-2026 00:59
TRF-0005,Dammam-Central,229.57,221.88,59.92,50.94,,NORMAL,C,05/25/2026 00:59:12
TRF-0006,Dammam-Port,236.0,284.07,59.92,67.04,32.9,NORMAL,C,2026/05/25 00:59:12
TRF-0007,Mecca-Haram,233.8,148.17,59.86,34.64,61.8,NORMAL,C,2026-05-25 00:59:12
TRF-0008,Medina-Central,224.46,355.02,59.8,79.69,49.6,NORMAL,A,20260525T005912
TRF-0009,Abha-City,228.0,445.74,60.02,101.63,55.6,NORMAL,A,2026-05-25 00:59:12
TRF-0010,Tabuk-Center,231.63,133.63,60.07,30.95,37.7,NORMAL,B,05/25/2026 00:59:12
TRF-0001,Riyadh-North,227.97,428.67,60.03,97.72,54.3,NORMAL,C,2026-05-25 00:59:12
TRF-0002,Riyadh-East,230.53,159.74,60.16,36.82,35.5,NORMAL,B,05/25/2026 00:59:12
TRF-0003,Jeddah-Main,225.36,218.07,59.86,49.14,30.5,NORMAL,B,2026-05-25 00:59:12
TRF-0003,Jeddah-Main,225.36,218.07,59.86,49.14,30.5,NORMAL,B,2026-05-25 00:59:12
TRF-0004,Jeddah-Industrial,231.71,340.33,60.05,78.86,51.7,NORMAL,C,20260525T005912
TRF-0005,Dammam-Central,226.69,316.39,60.13,71.72,39.2,NORMAL,C,2026/05/25 00:59:12
TRF-0006,Dammam-Port,233.62,354.41,60.02,82.8,,NORMAL,A,20260525T005912
TRF-0007,Mecca-Haram,225.11,255.06,60.19,57.42,64.7,NORMAL,B,2026/05/25 00:59:12
TRF-0008,Medina-Central,221.21,166.29,60.14,36.79,35.5,NORMAL,C,2026/05/25 00:59:12
TRF-0009,Abha-City,232.96,444.15,59.93,103.47,52.9,NORMAL,C,20260525T005912
TRF-0010,Tabuk-Center,239.89,360.19,59.91,86.41,38.1,NORMAL,B,2026/05/25 00:59:12
TRF-0001,Riyadh-North,223.82,465.74,60.16,104.24,41.3,NORMAL,A,25-05-2026 00:59
TRF-0002,Riyadh-East,235.32,482.94,60.02,113.65,51.3,NORMAL,B,05/25/2026 00:59:12
TRF-0003,Jeddah-Main,224.49,166.35,59.82,37.34,48.8,NORMAL,A,2026-05-25 00:59:12
TRF-0004,Jeddah-Industrial,222.4,260.44,59.91,57.92,33.6,NORMAL,A,05/25/2026 00:59:12
TRF-0005,Dammam-Central,238.35,279.19,60.06,66.54,53.9,NORMAL,A,2026/05/25 00:59:12
TRF-0006,Dammam-Port,228.71,420.2,59.9,,31.1,NORMAL,C,05/25/2026 00:59:12
TRF-0007,Mecca-Haram,228.87,163.99,60.14,37.53,57.1,NORMAL,B,20260525T005912
TRF-0008,Medina-Central,235.58,128.84,60.15,30.35,33.1,NORMAL,A,20260525T005912
TRF-0009,Abha-City,221.14,358.41,60.12,79.26,48.5,NORMAL,A,2026/05/25 00:59:12
TRF-0010,Tabuk-Center,222.97,384.96,60.07,85.83,40.0,NORMAL,A,20260525T005912
TRF-0001,Riyadh-North,236.41,196.26,59.96,46.4,42.8,NORMAL,C,05/25/2026 00:59:13
TRF-0002,Riyadh-East,221.24,336.02,59.96,74.34,38.0,NORMAL,A,2026/05/25 00:59:13
TRF-0003,Jeddah-Main,225.28,437.08,59.95,98.47,30.6,NORMAL,B,05/25/2026 00:59:13
TRF-0004,Jeddah-Industrial,236.14,228.13,59.98,53.87,54.9,NORMAL,A,05/25/2026 00:59:13
TRF-0005,Dammam-Central,225.36,160.32,60.14,36.13,52.1,NORMAL,C,2026/05/25 00:59:13
TRF-0006,Dammam-Port,229.81,494.87,60.18,113.73,30.6,NORMAL,A,05/25/2026 00:59:13
TRF-0007,Mecca-Haram,233.22,412.94,64.41,96.31,40.6,FREQ_DRIFT,B,25-05-2026 00:59
TRF-0008,Medina-Central,-230,361.59,60.13,80.53,52.6,NORMAL,C,25-05-2026 00:59
TRF-0009,Abha-City,239.98,456.36,59.9,109.52,59.8,NORMAL,B,20260525T005913
TRF-0010,Tabuk-Center,239.78,369.85,59.88,88.68,55.8,NORMAL,C,20260525T005913
TRF-0001,Riyadh-North,235.24,180.38,60.03,42.43,37.6,NORMAL,A,25-05-2026 00:59
TRF-0002,Riyadh-East,222.67,,60.17,45.01,54.8,NORMAL,B,25-05-2026 00:59
TRF-0003,Jeddah-Main,224.53,393.6,60.19,88.38,52.4,NORMAL,A,2026/05/25 00:59:13
TRF-0004,Jeddah-Industrial,234.62,265.48,60.19,62.29,41.6,NORMAL,B,25-05-2026 00:59
TRF-0005,Dammam-Central,233.33,0.0,59.95,0.0,52.5,OUTAGE,A,2026-05-25 00:59:13
TRF-0006,Dammam-Port,234.13,266.52,59.96,62.4,37.4,NORMAL,A,05/25/2026 00:59:13
TRF-0007,Mecca-Haram,222.72,310.93,59.85,69.25,61.2,NORMAL,A,20260525T005913
TRF-0008,Medina-Central,224.14,280.76,60.05,62.93,57.2,NORMAL,A,25-05-2026 00:59
TRF-0009,Abha-City,239.45,214.98,60.16,51.48,53.4,NORMAL,C,20260525T005913
TRF-0010,Tabuk-Center,232.92,195.15,59.89,45.45,59.6,NORMAL,B,05/25/2026 00:59:13
TRF-0001,Riyadh-North,222.74,263.93,60.14,58.79,56.8,NORMAL,C,2026/05/25 00:59:13
TRF-0002,Riyadh-East,223.6,313.3,59.86,70.05,58.2,NORMAL,C,05/25/2026 00:59:13
TRF-0003,Jeddah-Main,230.52,320.77,59.98,73.94,57.6,NORMAL,C,25-05-2026 00:59
TRF-0004,Jeddah-Industrial,228.69,272.66,60.1,62.35,39.9,NORMAL,C,05/25/2026 00:59:13
TRF-0005,Dammam-Central,223.46,144.13,60.19,32.21,52.9,NORMAL,A,25-05-2026 00:59
TRF-0006,Dammam-Port,239.74,0.0,60.17,0.0,42.0,OUTAGE,A,2026-05-25 00:59:13
TRF-0007,Mecca-Haram,229.32,214.35,59.88,49.15,32.3,NORMAL,C,05/25/2026 00:59:13
TRF-0008,Medina-Central,233.1,142.67,59.96,33.26,39.1,NORMAL,C,25-05-2026 00:59
TRF-0009,Abha-City,224.4,367.89,60.13,82.55,40.5,NORMAL,A,05/25/2026 00:59:13
TRF-0010,Tabuk-Center,233.13,156.05,60.15,36.38,58.8,NORMAL,C,05/25/2026 00:59:13
TRF-0001,Riyadh-North,221.99,222.34,60.18,49.36,46.2,NORMAL,C,20260525T005913
TRF-0002,Riyadh-East,224.38,457.11,60.06,102.57,55.1,NORMAL,C,05/25/2026 00:59:13
TRF-0003,Jeddah-Main,222.66,118.3,60.1,26.34,40.3,NORMAL,A,05/25/2026 00:59:13
TRF-0004,Jeddah-Industrial,226.01,233.28,60.14,52.72,57.0,NORMAL,A,20260525T005913
TRF-0005,Dammam-Central,228.63,378.08,59.94,86.44,48.6,NORMAL,B,25-05-2026 00:59
TRF-0006,Dammam-Port,235.26,123.93,59.8,29.16,43.3,NORMAL,B,20260525T005913
TRF-0007,Mecca-Haram,226.38,229.81,60.11,52.02,45.2,NORMAL,A,25-05-2026 00:59
TRF-0008,Medina-Central,221.44,439.89,59.92,97.41,62.9,NORMAL,A,2026/05/25 00:59:13
TRF-0009,Abha-City,236.92,176.95,60.12,41.92,48.9,NORMAL,A,2026/05/25 00:59:13
TRF-0010,Tabuk-Center,223.64,208.41,46.49,46.61,46.6,FREQ_DRIFT,C,20260525T005913
TRF-0001,Riyadh-North,225.99,301.88,59.96,68.22,43.4,NORMAL,C,20260525T005913
TRF-0002,Riyadh-East,223.17,484.31,60.0,108.08,39.7,NORMAL,A,2026/05/25 00:59:13
TRF-0003,Jeddah-Main,237.91,262.25,60.14,62.39,39.0,NORMAL,B,2026/05/25 00:59:13
TRF-0004,Jeddah-Industrial,233.68,271.49,60.14,63.44,63.6,NORMAL,C,05/25/2026 00:59:13
TRF-0005,Dammam-Central,231.67,172.45,59.93,39.95,63.5,NORMAL,A,20260525T005913
TRF-0006,Dammam-Port,223.4,376.11,60.1,84.02,38.6,NORMAL,C,20260525T005913
TRF-0007,Mecca-Haram,225.33,271.92,60.01,61.27,44.5,NORMAL,B,05/25/2026 00:59:13
TRF-0008,Medina-Central,227.6,226.53,60.07,51.56,42.7,NORMAL,C,2026/05/25 00:59:13
TRF-0009,Abha-City,222.22,384.16,60.06,85.37,59.8,NORMAL,A,2026-05-25 00:59:13
TRF-0010,Tabuk-Center,225.09,302.36,59.93,68.06,38.1,NORMAL,C,2026-05-25 00:59:13
TRF-0001,Riyadh-North,226.41,230.77,59.89,52.25,48.2,NORMAL,A,2026-05-25 00:59:13
TRF-0002,Riyadh-East,221.44,332.75,60.09,73.68,34.2,NORMAL,A,05/25/2026 00:59:13
TRF-0003,Jeddah-Main,225.42,185.62,60.03,41.84,35.9,NORMAL,C,2026-05-25 00:59:13
TRF-0004,Jeddah-Industrial,237.61,358.62,59.81,85.21,46.4,NORMAL,A,2026-05-25 00:59:13
TRF-0005,Dammam-Central,227.77,471.6,60.14,107.42,33.5,NORMAL,C,05/25/2026 00:59:13
SENSOR_ERROR_0xFFA2
TRF-0006,Dammam-Port,236.95,299.98,59.97,71.08,48.7,NORMAL,A,2026-05-25 00:59:13
TRF-0007,Mecca-Haram,226.78,261.83,60.13,59.38,62.2,NORMAL,C,2026-05-25 00:59:13
TRF-0008,Medina-Central,232.69,341.66,47.51,79.5,54.4,FREQ_DRIFT,B,20260525T005913
TRF-0008,Medina-Central,232.69,341.66,47.51,79.5,54.4,FREQ_DRIFT,B,20260525T005913
TRF-0009,Abha-City,222.99,304.83,59.95,67.97,,NORMAL,A,05/25/2026 00:59:13
TRF-0010,Tabuk-Center,228.51,357.14,60.02,81.61,,NORMAL,A,25-05-2026 00:59
TRF-0001,Riyadh-North,230.37,349.55,60.19,80.53,63.2,NORMAL,A,2026/05/25 00:59:13
TRF-0002,Riyadh-East,224.38,277.22,59.84,62.2,44.0,NORMAL,C,20260525T005913
TRF-0003,Jeddah-Main,233.75,358.8,60.02,83.87,35.6,NORMAL,C,2026/05/25 00:59:13
TRF-0004,Jeddah-Industrial,232.98,274.56,60.06,63.97,40.6,NORMAL,C,05/25/2026 00:59:13
TRF-0005,Dammam-Central,,197.12,59.87,46.0,48.5,NORMAL,C,25-05-2026 00:59
TRF-0006,Dammam-Port,238.93,0.0,60.13,0.0,55.0,OUTAGE,C,2026-05-25 00:59:13
TRF-0007,Mecca-Haram,230.02,182.51,60.18,41.98,62.8,NORMAL,A,20260525T005913
TRF-0008,Medina-Central,229.06,309.88,60.15,70.98,64.7,NORMAL,A,20260525T005913
TRF-0009,Abha-City,235.8,426.85,60.12,100.65,48.7,NORMAL,A,2026-05-25 00:59:13
TRF-0010,Tabuk-Center,239.97,189.79,59.85,45.54,53.6,NORMAL,A,05/25/2026 00:59:13
TRF-0001,Riyadh-North,238.24,311.8,60.13,74.28,45.4,NORMAL,A,25-05-2026 00:59
TRF-0002,Riyadh-East,236.81,495.64,60.03,117.37,33.8,NORMAL,C,2026-05-25 00:59:13
TRF-0003,Jeddah-Main,239.55,209.51,60.2,50.19,35.1,NORMAL,B,2026-05-25 00:59:13
TRF-0004,Jeddah-Industrial,233.12,151.81,59.82,35.39,42.2,NORMAL,A,2026/05/25 00:59:13
TRF-0005,Dammam-Central,232.94,337.74,59.89,78.67,61.4,NORMAL,B,25-05-2026 00:59
TRF-0006,Dammam-Port,-230,259.97,60.07,61.93,44.7,NORMAL,B,2026/05/25 00:59:13
TRF-0007,Mecca-Haram,233.51,277.8,59.8,64.87,36.0,NORMAL,C,2026/05/25 00:59:13
TRF-0008,Medina-Central,239.53,282.66,60.04,67.71,63.8,NORMAL,A,20260525T005913
TRF-0009,Abha-City,238.99,291.48,60.06,69.66,50.1,NORMAL,C,25-05-2026 00:59
TRF-0010,Tabuk-Center,234.46,134.19,,31.46,55.6,NORMAL,C,2026-05-25 00:59:13
TRF-0001,Riyadh-North,220.68,483.56,59.99,106.71,37.3,NORMAL,C,2026/05/25 00:59:13
TRF-0002,Riyadh-East,239.79,182.52,60.06,43.77,38.2,NORMAL,A,05/25/2026 00:59:13
TRF-0003,Jeddah-Main,227.57,321.63,59.86,73.19,50.8,NORMAL,C,20260525T005913
TRF-0004,Jeddah-Industrial,225.92,106.75,60.04,24.12,46.5,NORMAL,C,20260525T005913
TRF-0005,Dammam-Central,223.54,0.0,60.06,0.0,63.0,OUTAGE,C,20260525T005913
TRF-0006,Dammam-Port,226.95,162.14,60.15,36.8,48.2,NORMAL,C,20260525T005913
TRF-0007,Mecca-Haram,224.33,486.03,60.1,109.03,40.3,NORMAL,C,2026-05-25 00:59:13
TRF-0008,Medina-Central,233.82,399.67,60.08,93.45,46.4,NORMAL,B,20260525T005913
TRF-0009,Abha-City,232.55,0.0,60.1,0.0,47.5,OUTAGE,B,05/25/2026 00:59:13
TRF-0010,Tabuk-Center,222.93,441.93,59.81,98.52,33.8,NORMAL,C,20260525T005913
TRF-0001,Riyadh-North,239.52,202.28,60.09,48.45,54.1,NORMAL,B,2026-05-25 00:59:13
TRF-0002,Riyadh-East,220.42,211.9,59.89,46.71,46.0,NORMAL,A,25-05-2026 00:59
TRF-0003,Jeddah-Main,222.97,284.11,60.07,63.35,36.0,NORMAL,B,2026-05-25 00:59:13
TRF-0004,Jeddah-Industrial,224.31,228.57,60.19,,42.7,NORMAL,C,2026/05/25 00:59:13
TRF-0005,Dammam-Central,234.08,318.86,60.06,74.64,60.9,NORMAL,C,2026-05-25 00:59:13
TRF-0006,Dammam-Port,233.68,163.89,59.89,38.3,42.6,NORMAL,A,05/25/2026 00:59:13
TRF-0006,Dammam-Port,233.68,163.89,59.89,38.3,42.6,NORMAL,A,05/25/2026 00:59:13
TRF-0007,Mecca-Haram,237.5,232.16,60.07,55.14,30.9,NORMAL,B,20260525T005913
TRF-0008,Medina-Central,227.34,321.99,59.96,73.2,56.0,NORMAL,A,20260525T005913
TRF-0009,Abha-City,221.73,283.68,60.04,62.9,58.9,NORMAL,B,2026/05/25 00:59:13
TRF-0010,Tabuk-Center,227.67,219.19,59.93,49.9,,NORMAL,C,2026/05/25 00:59:13
TRF-0001,Riyadh-North,236.11,407.95,59.87,96.32,32.3,NORMAL,B,2026/05/25 00:59:13
TRF-0002,Riyadh-East,232.45,238.17,60.18,55.36,47.1,NORMAL,C,25-05-2026 00:59
TRF-0003,Jeddah-Main,225.26,365.73,60.07,82.38,61.2,NORMAL,C,20260525T005913
TRF-0004,Jeddah-Industrial,222.97,112.97,59.82,25.19,62.4,NORMAL,C,2026/05/25 00:59:13
TRF-0005,Dammam-Central,230.19,0.0,60.04,0.0,40.1,OUTAGE,B,2026/05/25 00:59:13
TRF-0006,Dammam-Port,234.97,150.48,60.12,35.36,54.7,NORMAL,A,2026/05/25 00:59:13
TRF-0007,Mecca-Haram,220.89,186.09,60.19,41.11,59.0,NORMAL,C,2026/05/25 00:59:13
TRF-0008,Medina-Central,239.77,151.17,60.18,36.25,40.8,NORMAL,B,2026-05-25 00:59:13
TRF-0009,Abha-City,237.15,370.61,60.01,87.89,48.5,NORMAL,B,05/25/2026 00:59:13
TRF-0010,Tabuk-Center,235.66,393.81,59.95,92.81,63.0,NORMAL,C,2026-05-25 00:59:13
TRF-0010,Tabuk-Center,235.66,393.81,59.95,92.81,63.0,NORMAL,C,2026-05-25 00:59:13
TRF-0001,Riyadh-North,227.63,404.41,60.18,92.06,48.2,NORMAL,C,2026/05/25 00:59:13
TRF-0002,Riyadh-East,231.08,259.24,59.92,59.91,56.4,NORMAL,C,2026/05/25 00:59:13
TRF-0003,Jeddah-Main,239.05,387.68,59.98,92.67,49.7,NORMAL,A,20260525T005913
TRF-0004,Jeddah-Industrial,231.26,368.85,59.9,85.3,41.3,NORMAL,B,2026/05/25 00:59:13
TRF-0005,Dammam-Central,237.74,365.03,60.19,86.78,44.9,NORMAL,B,05/25/2026 00:59:13
TRF-0006,Dammam-Port,235.97,423.43,59.94,99.92,41.7,NORMAL,C,05/25/2026 00:59:13
TRF-0007,Mecca-Haram,235.33,493.63,59.98,116.17,40.2,NORMAL,C,2026/05/25 00:59:13
TRF-0008,Medina-Central,221.61,128.18,60.11,28.41,43.3,NORMAL,A,2026/05/25 00:59:13
TRF-0009,Abha-City,234.16,431.27,60.08,100.99,39.8,NORMAL,B,20260525T005913
TRF-0010,Tabuk-Center,227.92,251.88,60.05,57.41,57.9,NORMAL,B,20260525T005913
TRF-0001,Riyadh-North,230.21,119.69,59.99,27.55,34.3,NORMAL,B,2026/05/25 00:59:13
TRF-0002,Riyadh-East,237.81,406.99,60.03,96.79,30.5,NORMAL,C,20260525T005913
TRF-0003,Jeddah-Main,233.02,216.0,60.14,50.33,34.1,NORMAL,B,2026/05/25 00:59:13
TRF-0004,Jeddah-Industrial,223.92,111.47,60.14,24.96,30.2,NORMAL,C,05/25/2026 00:59:13
TRF-0005,Dammam-Central,225.33,102.75,60.02,23.15,49.7,NORMAL,C,05/25/2026 00:59:13
TRF-0006,Dammam-Port,220.67,309.62,59.89,68.32,34.2,NORMAL,A,20260525T005913
TRF-0007,Mecca-Haram,-230,153.44,59.81,35.86,61.6,NORMAL,B,2026/05/25 00:59:13
TRF-0008,Medina-Central,231.14,330.82,59.95,76.47,30.0,NORMAL,A,2026-05-25 00:59:13
TRF-0009,Abha-City,236.13,320.78,60.15,75.75,32.4,NORMAL,A,2026/05/25 00:59:13
TRF-0010,Tabuk-Center,232.32,311.72,60.13,72.42,51.1,NORMAL,B,20260525T005913
TRF-0001,Riyadh-North,230.78,417.63,59.92,96.38,53.5,NORMAL,A,05/25/2026 00:59:13
TRF-0002,Riyadh-East,221.82,218.46,60.18,48.46,33.0,NORMAL,C,05/25/2026 00:59:13
TRF-0003,Jeddah-Main,236.38,140.53,59.86,33.22,39.9,NORMAL,C,05/25/2026 00:59:13
TRF-0004,Jeddah-Industrial,227.91,380.02,59.93,86.61,36.6,NORMAL,A,20260525T005913
TRF-0005,Dammam-Central,235.13,175.69,46.04,41.31,44.5,FREQ_DRIFT,C,25-05-2026 00:59
TRF-0006,Dammam-Port,233.55,236.49,59.86,55.23,32.2,NORMAL,B,05/25/2026 00:59:13
TRF-0007,Mecca-Haram,225.23,336.2,59.96,75.72,59.8,NORMAL,C,05/25/2026 00:59:13
TRF-0008,Medina-Central,233.26,141.6,60.17,33.03,63.4,NORMAL,C,20260525T005913
TRF-0009,Abha-City,237.79,190.46,59.96,45.29,62.7,NORMAL,B,25-05-2026 00:59
TRF-0010,Tabuk-Center,234.01,352.32,59.86,82.45,62.9,NORMAL,A,05/25/2026 00:59:13
TRF-0001,Riyadh-North,224.35,445.68,59.83,99.99,46.8,NORMAL,C,2026-05-25 00:59:13
TRF-0002,Riyadh-East,225.62,210.83,59.83,47.57,41.2,NORMAL,A,2026-05-25 00:59:13
TRF-0003,Jeddah-Main,230.36,271.35,60.0,62.51,43.1,NORMAL,B,2026-05-25 00:59:13
TRF-0004,Jeddah-Industrial,238.11,477.58,59.82,113.72,41.7,NORMAL,C,25-05-2026 00:59
TRF-0005,Dammam-Central,220.99,330.41,59.94,73.02,44.7,NORMAL,C,25-05-2026 00:59
TRF-0006,Dammam-Port,235.58,271.61,60.14,63.99,49.6,NORMAL,B,2026-05-25 00:59:13
TRF-0007,Mecca-Haram,234.13,119.21,59.89,27.91,55.9,NORMAL,C,2026-05-25 00:59:13
TRF-0008,Medina-Central,222.36,331.79,60.0,73.78,250.0,OVERHEAT,B,2026-05-25 00:59:13
TRF-0009,Abha-City,229.16,203.41,60.16,46.61,32.3,NORMAL,C,2026/05/25 00:59:13
TRF-0010,Tabuk-Center,231.18,328.17,60.01,75.87,43.9,NORMAL,A,20260525T005913
TRF-0001,Riyadh-North,233.37,454.44,60.04,106.05,250.0,OVERHEAT,C,25-05-2026 00:59
TRF-0002,Riyadh-East,239.32,274.7,59.9,65.74,59.5,NORMAL,A,20260525T005913
TRF-0003,Jeddah-Main,227.51,135.26,60.06,30.77,250.0,OVERHEAT,A,20260525T005913
TRF-0004,Jeddah-Industrial,220.99,458.26,60.0,101.27,42.5,NORMAL,C,25-05-2026 00:59
TRF-0005,Dammam-Central,239.84,134.49,60.13,32.26,49.3,NORMAL,B,20260525T005913
TRF-0006,Dammam-Port,236.16,474.01,59.86,111.94,64.7,NORMAL,B,2026/05/25 00:59:13
TRF-0007,Mecca-Haram,231.69,309.08,59.9,71.61,31.9,NORMAL,B,25-05-2026 00:59
TRF-0008,Medina-Central,230.03,141.89,60.06,32.64,49.0,NORMAL,B,05/25/2026 00:59:13
TRF-0009,Abha-City,226.0,191.07,60.05,43.18,46.2,NORMAL,A,05/25/2026 00:59:13
TRF-0010,Tabuk-Center,236.01,425.27,67.05,100.37,36.3,FREQ_DRIFT,C,2026-05-25 00:59:13
TRF-0001,Riyadh-North,239.78,208.62,59.85,50.02,42.2,NORMAL,C,2026-05-25 00:59:13
TRF-0002,Riyadh-East,228.74,269.93,59.99,61.74,61.2,NORMAL,B,2026-05-25 00:59:13
TRF-0003,Jeddah-Main,225.5,131.41,59.93,29.63,62.2,NORMAL,B,2026-05-25 00:59:13
TRF-0004,Jeddah-Industrial,226.24,366.71,59.84,82.96,47.6,NORMAL,B,2026/05/25 00:59:13
TRF-0005,Dammam-Central,227.26,327.78,60.05,74.49,32.4,NORMAL,A,20260525T005913
TRF-0006,Dammam-Port,228.93,436.09,59.9,99.83,54.9,NORMAL,C,25-05-2026 00:59
TRF-0007,Mecca-Haram,234.92,473.98,60.1,111.35,62.2,NORMAL,A,05/25/2026 00:59:13
TRF-0008,Medina-Central,237.49,188.64,59.83,,64.6,NORMAL,B,25-05-2026 00:59
TRF-0009,Abha-City,223.54,425.82,59.8,95.19,62.8,NORMAL,C,25-05-2026 00:59
TRF-0010,Tabuk-Center,220.39,117.74,60.05,25.95,52.6,NORMAL,B,20260525T005913
TRF-0001,Riyadh-North,220.33,140.23,60.15,30.9,45.8,NORMAL,B,20260525T005913
TRF-0002,Riyadh-East,239.59,102.86,59.83,24.64,38.7,NORMAL,A,05/25/2026 00:59:13
TRF-0003,Jeddah-Main,229.11,330.26,60.15,75.67,49.7,NORMAL,C,2026/05/25 00:59:13
TRF-0004,Jeddah-Industrial,225.23,243.48,60.17,54.84,33.1,NORMAL,A,2026-05-25 00:59:13
TRF-0005,Dammam-Central,234.38,276.44,60.0,64.79,41.0,NORMAL,C,2026-05-25 00:59:13
TRF-0006,Dammam-Port,238.93,281.27,60.0,67.2,43.5,NORMAL,C,05/25/2026 00:59:13
TRF-0007,Mecca-Haram,229.55,459.0,60.01,105.36,48.4,NORMAL,C,25-05-2026 00:59
TRF-0008,Medina-Central,221.03,385.35,60.15,85.17,40.7,NORMAL,C,05/25/2026 00:59:13
TRF-0009,Abha-City,235.8,161.94,59.91,38.19,56.8,NORMAL,B,25-05-2026 00:59
TRF-0010,Tabuk-Center,238.14,164.5,59.92,39.17,61.9,NORMAL,A,05/25/2026 00:59:13
TRF-0001,Riyadh-North,231.38,425.24,60.08,98.39,61.5,NORMAL,A,20260525T005913
TRF-0001,Riyadh-North,231.38,425.24,60.08,98.39,61.5,NORMAL,A,20260525T005913
TRF-0002,Riyadh-East,234.54,118.51,60.16,27.8,31.5,NORMAL,A,20260525T005913
TRF-0003,Jeddah-Main,224.55,475.33,59.9,106.74,47.4,NORMAL,A,25-05-2026 00:59
SENSOR_ERROR_0xFFA2
TRF-0004,Jeddah-Industrial,222.24,230.27,60.05,51.18,59.6,NORMAL,B,05/25/2026 00:59:13
TRF-0005,Dammam-Central,227.23,188.99,59.98,42.94,41.6,NORMAL,A,05/25/2026 00:59:13
TRF-0006,Dammam-Port,230.75,103.99,60.0,24.0,61.8,NORMAL,A,25-05-2026 00:59
TRF-0007,Mecca-Haram,220.14,352.13,59.84,77.52,49.9,NORMAL,B,25-05-2026 00:59
TRF-0008,Medina-Central,225.54,233.68,60.17,52.7,60.5,NORMAL,A,25-05-2026 00:59
TRF-0009,Abha-City,236.44,390.76,59.81,92.39,30.1,NORMAL,A,2026/05/25 00:59:13
TRF-0010,Tabuk-Center,238.49,120.69,59.82,,63.3,NORMAL,A,25-05-2026 00:59
TRF-0001,Riyadh-North,239.8,148.4,60.06,35.59,49.4,NORMAL,C,20260525T005913
TRF-0002,Riyadh-East,228.77,277.97,59.97,63.59,44.4,NORMAL,A,2026-05-25 00:59:13
TRF-0003,Jeddah-Main,233.8,272.19,60.19,63.64,56.8,NORMAL,B,2026/05/25 00:59:13
TRF-0004,Jeddah-Industrial,225.89,394.86,60.19,89.19,53.5,NORMAL,B,20260525T005913
TRF-0005,Dammam-Central,223.79,337.75,60.19,75.59,61.0,NORMAL,B,20260525T005913
TRF-0006,Dammam-Port,220.76,209.69,60.08,46.29,47.6,NORMAL,A,05/25/2026 00:59:13
TRF-0007,Mecca-Haram,230.65,488.13,60.19,112.59,54.1,NORMAL,B,2026/05/25 00:59:13
TRF-0008,Medina-Central,,400.05,60.05,90.09,56.4,NORMAL,B,05/25/2026 00:59:13
TRF-0009,Abha-City,232.49,256.03,59.96,59.52,46.6,NORMAL,C,2026-05-25 00:59:13
TRF-0010,Tabuk-Center,233.04,286.89,60.06,66.86,60.8,NORMAL,A,2026-05-25 00:59:13
